source,source_sheet,source_row,rank,guild,nickname,job_raw,observed_score,sample_level,source_kind,job_name,profile_level,profile_job,profile_guild,profile_server,profile_source_url,profile_retrieved_at,profile_data_date,combat_power,combat_power_man,sample_date,sample_date_note,level_source,level,fit_eligible,exclusion_reason,guild_for_fit,observed_performance,legacy_prediction,added_in_refresh,possible_nickname_matches,server,observed_text,extraction,source_group,profile_note,nickname_ocr,matched_nickname,identity_match_source
수련장.xlsx,시트1,2,1,칠사모,날짜별,팔라딘,23937912,,xlsx,팔라딘,113,팔라딘,칠사모,Scania 74,https://mgf.gg/ranking/?server=&job=&recent=1&stx=%EB%82%A0%EC%A7%9C%EB%B3%84,2026-09-17T12:45:15.934261+09:00,09.16,1경 3806조 8910억 5022만,1380689105022,,not confirmed; screenshot filenames 2026-09-16,profile,113,True,,칠사모,23937912,18940215,False,,,,,,,,,
수련장.xlsx,시트1,3,2,인형나라,디매트로돈,비숍,23086563,,xlsx,비숍,112,비숍,인형나라,Scania 25,https://mgf.gg/ranking/?server=&job=&recent=1&stx=%EB%94%94%EB%A7%A4%ED%8A%B8%EB%A1%9C%EB%8F%88,2026-09-17T12:45:27.060563+09:00,09.17,2148조 7069억 2080만,214870692080,,not confirmed; screenshot filenames 2026-09-16,profile,112,True,,인형나라,23086563,14718053,False,,,,,,,,,
수련장.xlsx,시트1,4,3,버번,강댜,비숍,21431409,,xlsx,비숍,115,비숍,버번,Scania 1,https://mgf.gg/ranking/?server=&job=&recent=1&stx=%EA%B0%95%EB%8C%9C,2026-09-17T12:45:27.665210+09:00,09.16,1경 2387조 1718억 9864만,1238717189864,,not confirmed; screenshot filenames 2026-09-16,profile,115,True,,버번,21431409,22313779,False,,,,,,,,,
수련장.xlsx,시트1,5,4,칠사모,몬스터태호,보우마스터,19915089,,xlsx,보우마스터,112,보우마스터,칠사모,Scania 74,https://mgf.gg/ranking/?server=&job=&recent=1&stx=%EB%AA%AC%EC%8A%A4%ED%84%B0%ED%83%9C%ED%98%B8,2026-09-17T12:45:28.260590+09:00,09.16,1경 2698조 2801억 5235만,1269828015235,,not confirmed; screenshot filenames 2026-09-16,profile,112,True,,칠사모,19915089,17412267,False,,,,,,,,,
수련장.xlsx,시트1,6,5,대학원,채윰이,비숍,18674679,,xlsx,비숍,112,비숍,대학원,Scania 15,https://mgf.gg/ranking/?server=&job=&recent=1&stx=%EC%B1%84%EC%9C%B0%EC%9D%B4,2026-09-17T12:45:28.854533+09:00,09.17,2000조 4464억 9550만,200044649550,,not confirmed; screenshot filenames 2026-09-16,profile,112,True,,대학원,18674679,14478008,False,,,,,,,,,
수련장.xlsx,시트1,7,6,대학원,라다크,보우마스터,18493257,,xlsx,보우마스터,113,보우마스터,대학원,Scania 15,https://mgf.gg/ranking/?server=&job=&recent=1&stx=%EB%9D%BC%EB%8B%A4%ED%81%AC,2026-09-17T12:45:29.451889+09:00,09.17,1391조 2990억 485만,139129900485,,not confirmed; screenshot filenames 2026-09-16,profile,113,True,,대학원,18493257,10517461,False,,,,,,,,,
수련장.xlsx,시트1,8,7,대학원,덕구키우기,아크메이지 - 썬콜,18105933,,xlsx,"아크메이지(썬,콜)",115,"아크메이지(썬,콜)",대학원,Scania 15,https://mgf.gg/ranking/?server=&job=&recent=1&stx=%EB%8D%95%EA%B5%AC%ED%82%A4%EC%9A%B0%EA%B8%B0,2026-09-17T12:45:30.044784+09:00,09.17,6168조 3658억 4082만,616836584082,,not confirmed; screenshot filenames 2026-09-16,profile,115,True,,대학원,18105933,13445452,False,,,,,,,,,
수련장.xlsx,시트1,9,8,버번,빵녕,비숍,17751063,,xlsx,비숍,115,비숍,버번,Scania 1,https://mgf.gg/ranking/?server=&job=&recent=1&stx=%EB%B9%B5%EB%85%95,2026-09-17T12:45:30.639082+09:00,09.16,8537조 7372억 5501만,853773725501,,not confirmed; screenshot filenames 2026-09-16,profile,115,True,,버번,17751063,20483226,False,,,,,,,,,
수련장.xlsx,시트1,10,9,인형나라,윤꼬밍,비숍,17520405,,xlsx,비숍,111,비숍,인형나라,Scania 25,https://mgf.gg/ranking/?server=&job=&recent=1&stx=%EC%9C%A4%EA%BC%AC%EB%B0%8D,2026-09-17T12:45:31.280346+09:00,09.17,2442조 2280억 1960만,244222801960,,not confirmed; screenshot filenames 2026-09-16,profile,111,True,,인형나라,17520405,15090128,False,,,,,,,,,
수련장.xlsx,시트1,11,10,인형나라,김훈한,보우마스터,16468440,,xlsx,보우마스터,112,보우마스터,인형나라,Scania 25,https://mgf.gg/ranking/?server=&job=&recent=1&stx=%EA%B9%80%ED%9B%88%ED%95%9C,2026-09-17T12:45:31.887692+09:00,09.17,1277조 5140억 7129만,127751407129,,not confirmed; screenshot filenames 2026-09-16,profile,112,True,,인형나라,16468440,10267344,False,,,,,,,,,
수련장.xlsx,시트1,12,11,인형나라,꿀꿀맛,아크메이지 - 썬콜,16333536,,xlsx,"아크메이지(썬,콜)",113,"아크메이지(썬,콜)",인형나라,Scania 25,https://mgf.gg/ranking/?server=&job=&recent=1&stx=%EA%BF%80%EA%BF%80%EB%A7%9B,2026-09-17T12:45:32.502392+09:00,09.17,2386조 8932억 4753만,238689324753,,not confirmed; screenshot filenames 2026-09-16,profile,113,True,,인형나라,16333536,10713421,False,,,,,,,,,
수련장.xlsx,시트1,13,12,대학원,Slurry,신궁,16235007,,xlsx,신궁,114,신궁,대학원,Scania 15,https://mgf.gg/ranking/?server=&job=&recent=1&stx=Slurry,2026-09-17T12:45:33.219382+09:00,09.17,5010조 114억 5941만,501001145941,,not confirmed; screenshot filenames 2026-09-16,profile,114,True,,대학원,16235007,16275902,False,,,,,,,,,
수련장.xlsx,시트1,14,13,인형나라,디메트로돈,비숍,15941121,,xlsx,비숍,111,비숍,인형나라,Scania 25,https://mgf.gg/ranking/?server=&job=&recent=1&stx=%EB%94%94%EB%A9%94%ED%8A%B8%EB%A1%9C%EB%8F%88,2026-09-17T12:45:33.821027+09:00,09.17,717조 6625억 1513만,71766251513,,not confirmed; screenshot filenames 2026-09-16,profile,111,True,,인형나라,15941121,11385805,False,,,,,,,,,
수련장.xlsx,시트1,15,14,뿌용뿌용,뿌용뿌용뿡뿡,캡틴,15636921,,xlsx,캡틴,115,캡틴,뿌용뿌용,Scania 10,https://mgf.gg/ranking/?server=&job=&recent=1&stx=%EB%BF%8C%EC%9A%A9%EB%BF%8C%EC%9A%A9%EB%BF%A1%EB%BF%A1,2026-09-17T12:45:34.417227+09:00,09.16,1경 6942조 6322억 336만,1694263220336,,not confirmed; screenshot filenames 2026-09-16,profile,115,True,,뿌용뿌용,15636921,95,False,,,,,,,,,
수련장.xlsx,시트1,16,15,대학원,E2E승,비숍,15411573,,xlsx,비숍,110,비숍,대학원,Scania 15,https://mgf.gg/ranking/?server=&job=&recent=1&stx=E2E%EC%8A%B9,2026-09-17T12:45:35.015988+09:00,09.17,814조 7519억 8730만,81475198730,,not confirmed; screenshot filenames 2026-09-16,profile,110,True,,대학원,15411573,11670052,False,,,,,,,,,
수련장.xlsx,시트1,17,16,대학원,초퍄,바이퍼,15174147,,xlsx,바이퍼,112,바이퍼,대학원,Scania 15,https://mgf.gg/ranking/?server=&job=&recent=1&stx=%EC%B4%88%ED%8D%84,2026-09-17T12:45:35.616579+09:00,09.17,1095조 8146억 5765만,109581465765,,not confirmed; screenshot filenames 2026-09-16,profile,112,True,,대학원,15174147,50,False,,,,,,,,,
수련장.xlsx,시트1,18,17,인형나라,뜨머푸,보우마스터,14833953,,xlsx,보우마스터,110,보우마스터,인형나라,Scania 25,https://mgf.gg/ranking/?server=&job=&recent=1&stx=%EB%9C%A8%EB%A8%B8%ED%91%B8,2026-09-17T12:45:36.253075+09:00,09.17,908조 7006억 19만,90870060019,,not confirmed; screenshot filenames 2026-09-16,profile,110,True,,인형나라,14833953,9408451,False,,,,,,,,,
수련장.xlsx,시트1,19,18,대학원,환직,신궁,14782968,,xlsx,신궁,112,신궁,대학원,Scania 15,https://mgf.gg/ranking/?server=&job=&recent=1&stx=%ED%99%98%EC%A7%81,2026-09-17T12:45:36.855215+09:00,09.17,1210조 7443억 3084만,121074433084,,not confirmed; screenshot filenames 2026-09-16,profile,112,True,,대학원,14782968,11636994,False,,,,,,,,,
수련장.xlsx,시트1,20,19,대학원,웅냥,나이트로드,14662839,,xlsx,나이트로드,34,"아크메이지(썬,콜)",,Scania 3,https://mgf.gg/ranking/?server=&job=&recent=1&stx=%EC%9B%85%EB%83%A5,2026-09-17T12:45:38.353544+09:00,02.23,29만,29,,not confirmed; screenshot filenames 2026-09-16,profile,34,False,job_mismatch;level_below_third_job,대학원,14662839,,False,응냥,,,,,,,,
수련장.xlsx,시트1,21,20,버번,망충돌기,캡틴,14462631,,xlsx,캡틴,,,,,,,,,0,,not confirmed; screenshot filenames 2026-09-16,profile,,False,missing_profile,버번,14462631,,False,망충둘기,,,,,,,,
수련장.xlsx,시트1,22,21,대학원,우리집욕조,나이트로드,14286729,,xlsx,나이트로드,114,나이트로드,대학원,Scania 15,https://mgf.gg/ranking/?server=&job=&recent=1&stx=%EC%9A%B0%EB%A6%AC%EC%A7%91%EC%9A%95%EC%A1%B0,2026-09-17T12:45:39.861979+09:00,09.17,2897조 2602억 948만,289726020948,,not confirmed; screenshot filenames 2026-09-16,profile,114,True,,대학원,14286729,11967780,False,,,,,,,,,
수련장.xlsx,시트1,23,22,인형나라,괴챠반,바이퍼,13791870,,xlsx,바이퍼,112,바이퍼,인형나라,Scania 25,https://mgf.gg/ranking/?server=&job=&recent=1&stx=%EA%B4%B4%EC%B1%A0%EB%B0%98,2026-09-17T12:45:40.465356+09:00,09.17,3779조 9660억 4199만,377996604199,,not confirmed; screenshot filenames 2026-09-16,profile,112,True,,인형나라,13791870,66,False,,,,,,,,,
수련장.xlsx,시트1,24,23,인형나라,쀏뀱쪍,캡틴,13322019,,xlsx,캡틴,111,캡틴,인형나라,Scania 25,https://mgf.gg/ranking/?server=&job=&recent=1&stx=%EC%80%8F%EB%80%B1%EC%AA%8D,2026-09-17T12:45:41.095022+09:00,09.17,505조 9352억 9899만,50593529899,,not confirmed; screenshot filenames 2026-09-16,profile,111,True,,인형나라,13322019,50,False,,,,,,,,,
수련장.xlsx,시트1,25,24,칠사모,오배건만,바이퍼,13302999,,xlsx,바이퍼,107,바이퍼,칠사모,Scania 74,https://mgf.gg/ranking/?server=&job=&recent=1&stx=%EC%98%A4%EB%B0%B0%EA%B1%B4%EB%A7%8C,2026-09-17T12:45:41.708631+09:00,09.16,235조 1254억 3859만,23512543859,,not confirmed; screenshot filenames 2026-09-16,profile,107,True,,칠사모,13302999,41,False,,,,,,,,,
수련장.xlsx,시트1,26,25,대학원,자루니,비숍,13254807,,xlsx,비숍,110,비숍,대학원,Scania 15,https://mgf.gg/ranking/?server=&job=&recent=1&stx=%EC%9E%90%EB%A3%A8%EB%8B%88,2026-09-17T12:45:42.308305+09:00,09.17,610조 5298억 4168만,61052984168,,not confirmed; screenshot filenames 2026-09-16,profile,110,True,,대학원,13254807,10920676,False,,,,,,,,,
수련장.xlsx,시트1,27,26,대학원,뚝불장군님,비숍,13229466,,xlsx,비숍,113,비숍,대학원,Scania 15,https://mgf.gg/ranking/?server=&job=&recent=1&stx=%EC%9C%A4%EA%BC%AC%EB%B0%8D,2026-09-17T12:45:31.280346+09:00,09.17,2443조 1462억 4199만,244314624199,,not confirmed; screenshot filenames 2026-09-16,profile,113,True,,대학원,13229466,15226785,False,,,,,,,,,
수련장.xlsx,시트1,28,27,빅딜,KR#TAKIN9CP37,나이트로드,12848922,,xlsx,나이트로드,112,나이트로드,빅딜,Scania 2,https://mgf.gg/ranking/?server=&job=&recent=1&stx=KR%23TAKIN9CP37,2026-09-17T12:45:42.927251+09:00,09.16,1718조 1326억 9702만,171813269702,,not confirmed; screenshot filenames 2026-09-16,profile,112,True,,빅딜,12848922,10519040,False,,,,,,,,,
수련장.xlsx,시트1,29,28,빅딜,야가다,보우마스터,12668550,,xlsx,보우마스터,112,보우마스터,빅딜,Scania 2,https://mgf.gg/ranking/?server=&job=&recent=1&stx=%EC%95%BC%EA%B0%80%EB%8B%A4,2026-09-17T12:45:43.526042+09:00,09.16,1508조 7420억 3377만,150874203377,,not confirmed; screenshot filenames 2026-09-16,profile,112,True,,빅딜,12668550,10667814,False,,,,,,,,,
수련장.xlsx,시트1,30,29,뿌용뿌용,꿀벌재미니,비숍,12660294,,xlsx,비숍,112,비숍,뿌용뿌용,Scania 10,https://mgf.gg/ranking/?server=&job=&recent=1&stx=%EA%BF%80%EB%B2%8C%EC%9E%AC%EB%AF%B8%EB%8B%88,2026-09-17T12:45:44.147327+09:00,09.16,733조 2690억 4750만,73326904750,,not confirmed; screenshot filenames 2026-09-16,profile,112,True,,뿌용뿌용,12660294,11493709,False,,,,,,,,,
수련장.xlsx,시트1,31,30,인형나라,양쿼카,비숍,12543624,,xlsx,비숍,110,비숍,인형나라,Scania 25,https://mgf.gg/ranking/?server=&job=&recent=1&stx=%EC%96%91%EC%BF%BC%EC%B9%B4,2026-09-17T12:45:44.746950+09:00,09.17,400조 8688억 8723만,40086888723,,not confirmed; screenshot filenames 2026-09-16,profile,110,True,,인형나라,12543624,11898325,False,,,,,,,,,
수련장.xlsx,시트1,32,31,칠사모,시간별,비숍,12494430,,xlsx,비숍,112,비숍,칠사모,Scania 74,https://mgf.gg/ranking/?server=&job=&recent=1&stx=%EC%8B%9C%EA%B0%84%EB%B3%84,2026-09-17T12:45:45.361074+09:00,09.16,1경 234조 7221억 8492만,1023472218492,,not confirmed; screenshot filenames 2026-09-16,profile,112,True,,칠사모,12494430,21074977,False,,,,,,,,,
수련장.xlsx,시트1,33,32,빅딜,흑두부,비숍,12444249,,xlsx,비숍,111,비숍,빅딜,Scania 2,https://mgf.gg/ranking/?server=&job=&recent=1&stx=%ED%9D%91%EB%91%90%EB%B6%80,2026-09-17T12:45:45.999227+09:00,09.16,3010조 3664억 6363만,301036646363,,not confirmed; screenshot filenames 2026-09-16,profile,111,True,,빅딜,12444249,15833778,False,,,,,,,,,
수련장.xlsx,시트1,34,33,인형나라,돼짱,비숍,12394503,,xlsx,비숍,110,비숍,인형나라,Scania 25,https://mgf.gg/ranking/?server=&job=&recent=1&stx=%EB%8F%BC%EC%A7%B1,2026-09-17T12:45:46.612779+09:00,09.17,328조 9701억 828만,32897010828,,not confirmed; screenshot filenames 2026-09-16,profile,110,True,,인형나라,12394503,11369497,False,,,,,,,,,
수련장.xlsx,시트1,35,34,인형나라,구엉이,보우마스터,12374679,,xlsx,보우마스터,111,보우마스터,인형나라,Scania 25,https://mgf.gg/ranking/?server=&job=&recent=1&stx=%EA%B5%AC%EC%97%89%EC%9D%B4,2026-09-17T12:45:47.215536+09:00,09.17,1052조 5398억 161만,105253980161,,not confirmed; screenshot filenames 2026-09-16,profile,111,True,,인형나라,12374679,9776003,False,,,,,,,,,
수련장.xlsx,시트1,36,35,뿌용뿌용,Kopite,나이트로드,12193251,,xlsx,나이트로드,112,나이트로드,뿌용뿌용,Scania 10,https://mgf.gg/ranking/?server=&job=&recent=1&stx=Kopite,2026-09-17T12:45:47.844112+09:00,09.16,1607조 9686억 2178만,160796862178,,not confirmed; screenshot filenames 2026-09-16,profile,112,True,,뿌용뿌용,12193251,10359932,False,,,,,,,,,
수련장.xlsx,시트1,37,36,뿌용뿌용,뿌용뿌용뽕뽕,다크나이트,12164925,,xlsx,다크나이트,114,다크나이트,뿌용뿌용,Scania 10,https://mgf.gg/ranking/?server=&job=&recent=1&stx=%EB%8D%95%EA%B5%AC%ED%82%A4%EC%9A%B0%EA%B8%B0,2026-09-17T12:45:30.044784+09:00,09.16,6123조 6633억 7907만,612366337907,,not confirmed; screenshot filenames 2026-09-16,profile,114,True,,뿌용뿌용,12164925,17384489,False,,,,,,,,,
수련장.xlsx,시트1,38,37,인형나라,오우셋,바이퍼,12098355,,xlsx,바이퍼,,,,,,,,,0,,not confirmed; screenshot filenames 2026-09-16,profile,,False,missing_profile,인형나라,12098355,,False,오우솃,,,,,,,,
수련장.xlsx,시트1,39,38,뿌용뿌용,Ai사냥,바이퍼,11761443,,xlsx,바이퍼,110,바이퍼,뿌용뿌용,Scania 10,https://mgf.gg/ranking/?server=&job=&recent=1&stx=Ai%EC%82%AC%EB%83%A5,2026-09-17T12:45:49.338959+09:00,09.16,872조 6871억 201만,87268710201,,not confirmed; screenshot filenames 2026-09-16,profile,110,True,,뿌용뿌용,11761443,47,False,,,,,,,,,
수련장.xlsx,시트1,40,39,뿌용뿌용,뿌용뿌용까꿍,비숍,11748048,,xlsx,비숍,113,비숍,뿌용뿌용,Scania 10,https://mgf.gg/ranking/?server=&job=&recent=1&stx=%EB%BF%8C%EC%9A%A9%EB%BF%8C%EC%9A%A9%EA%B9%8C%EA%BF%8D,2026-09-17T12:45:49.956351+09:00,09.16,2083조 8126억 2205만,208381262205,,not confirmed; screenshot filenames 2026-09-16,profile,113,True,,뿌용뿌용,11748048,14679705,False,,,,,,,,,
수련장.xlsx,시트1,41,40,칠사모,칠사모,비숍,11549676,,xlsx,비숍,110,비숍,칠사모,Scania 74,https://mgf.gg/ranking/?server=&job=&recent=1&stx=%EC%B9%A0%EC%82%AC%EB%AA%A8,2026-09-17T12:45:50.623201+09:00,09.16,1640조 3502억 3958만,164035023958,,not confirmed; screenshot filenames 2026-09-16,profile,110,True,,칠사모,11549676,13707945,False,,,,,,,,,
수련장.xlsx,시트1,42,41,대학원,예짜까,신궁,11413065,,xlsx,신궁,110,신궁,대학원,Scania 15,https://mgf.gg/ranking/?server=&job=&recent=1&stx=%EC%98%88%EC%A7%9C%EA%B9%8C,2026-09-17T12:45:51.258477+09:00,09.17,401조 3952억 4434만,40139524434,,not confirmed; screenshot filenames 2026-09-16,profile,110,True,,대학원,11413065,10737570,False,,,,,,,,,
수련장.xlsx,시트1,43,42,빅딜,김치싸대기,히어로,11366076,,xlsx,히어로,114,히어로,빅딜,Scania 2,https://mgf.gg/ranking/?server=&job=&recent=1&stx=%EA%B9%80%EC%B9%98%EC%8B%B8%EB%8C%80%EA%B8%B0,2026-09-17T12:45:51.877422+09:00,09.16,8515조 3583억 4706만,851535834706,,not confirmed; screenshot filenames 2026-09-16,profile,114,True,,빅딜,11366076,19454186,False,,,,,,,,,
수련장.xlsx,시트1,44,43,대학원,공주라귱,나이트로드,10941099,,xlsx,나이트로드,111,나이트로드,대학원,Scania 15,https://mgf.gg/ranking/?server=&job=&recent=1&stx=%EA%B3%B5%EC%A3%BC%EB%9D%BC%EA%B7%B1,2026-09-17T12:45:52.516192+09:00,09.17,862조 3912억 8231만,86239128231,,not confirmed; screenshot filenames 2026-09-16,profile,111,True,,대학원,10941099,8936707,False,,,,,,,,,
수련장.xlsx,시트1,45,44,빅딜,굴러가는일상,비숍,10888227,,xlsx,비숍,112,비숍,빅딜,Scania 2,https://mgf.gg/ranking/?server=&job=&recent=1&stx=%EA%B5%B4%EB%9F%AC%EA%B0%80%EB%8A%94%EC%9D%BC%EC%83%81,2026-09-17T12:45:53.144603+09:00,09.16,5522조 7382억 506만,552273820506,,not confirmed; screenshot filenames 2026-09-16,profile,112,True,,빅딜,10888227,18287113,False,,,,,,,,,
수련장.xlsx,시트1,46,45,버번,갈매기,비숍,10817049,,xlsx,비숍,109,비숍,버번,Scania 1,https://mgf.gg/ranking/?server=&job=&recent=1&stx=%EA%B0%88%EB%A7%A4%EA%B8%B0,2026-09-17T12:45:53.749678+09:00,09.16,473조 2267억 884만,47322670884,,not confirmed; screenshot filenames 2026-09-16,profile,109,True,,버번,10817049,12304900,False,,,,,,,,,
수련장.xlsx,시트1,47,46,칠사모,윤성33,비숍,10752837,,xlsx,비숍,107,비숍,칠사모,Scania 74,https://mgf.gg/ranking/?server=&job=&recent=1&stx=%EC%9C%A4%EC%84%B133,2026-09-17T12:45:54.361830+09:00,09.16,258조 6142억 3522만,25861423522,,not confirmed; screenshot filenames 2026-09-16,profile,107,True,,칠사모,10752837,10609646,False,,,,,,,,,
수련장.xlsx,시트1,48,47,대학원,빠떼루미야옹,비숍,10628547,,xlsx,비숍,113,비숍,대학원,Scania 15,https://mgf.gg/ranking/?server=&job=&recent=1&stx=%EB%B9%A0%EB%96%BC%EB%A3%A8%EB%AF%B8%EC%95%BC%EC%98%B9,2026-09-17T12:45:54.997506+09:00,09.17,2182조 1202억 8545만,218212028545,,not confirmed; screenshot filenames 2026-09-16,profile,113,True,,대학원,10628547,14836174,False,,,,,,,,,
수련장.xlsx,시트1,49,48,칠사모,힝솜,팔라딘,10624320,,xlsx,팔라딘,110,팔라딘,칠사모,Scania 74,https://mgf.gg/ranking/?server=&job=&recent=1&stx=%ED%9E%9D%EC%86%9C,2026-09-17T12:45:55.598694+09:00,09.16,1698조 5566억 2356만,169855662356,,not confirmed; screenshot filenames 2026-09-16,profile,110,True,,칠사모,10624320,11540866,False,,,,,,,,,
수련장.xlsx,시트1,50,49,빅딜,몽호,비숍,10610559,,xlsx,비숍,115,비숍,빅딜,Scania 2,https://mgf.gg/ranking/?server=&job=&recent=1&stx=%EB%AA%BD%ED%98%B8,2026-09-17T12:45:56.198229+09:00,09.16,3217조 3423억 2146만,321734232146,,not confirmed; screenshot filenames 2026-09-16,profile,115,True,,빅딜,10610559,16364920,False,,,,,,,,,
수련장.xlsx,시트1,51,50,인형나라,혁바,나이트로드,10263162,,xlsx,나이트로드,111,나이트로드,인형나라,Scania 25,https://mgf.gg/ranking/?server=&job=&recent=1&stx=%ED%98%81%EB%B0%94,2026-09-17T12:45:56.794617+09:00,09.17,911조 8265억 3396만,91182653396,,not confirmed; screenshot filenames 2026-09-16,profile,111,True,,인형나라,10263162,9052017,False,,,,,,,,,
수련장.xlsx,시트1,52,51,빅딜,자유이용껀,섀도어,10202721,,xlsx,섀도어,110,섀도어,빅딜,Scania 2,https://mgf.gg/ranking/?server=&job=&recent=1&stx=%EC%9E%90%EC%9C%A0%EC%9D%B4%EC%9A%A9%EA%BB%80,2026-09-17T12:45:57.430575+09:00,09.16,918조 9796억 5248만,91897965248,,not confirmed; screenshot filenames 2026-09-16,profile,110,True,,빅딜,10202721,9126667,False,,,,,,,,,
수련장.xlsx,시트1,53,52,버번,냥찐,비숍,10127871,,xlsx,비숍,110,비숍,버번,Scania 1,https://mgf.gg/ranking/?server=&job=&recent=1&stx=%EB%83%A5%EC%B0%90,2026-09-17T12:45:58.084786+09:00,09.16,322조 642억 9126만,32206429126,,not confirmed; screenshot filenames 2026-09-16,profile,110,True,,버번,10127871,11314153,False,,,,,,,,,
수련장.xlsx,시트1,54,53,대학원,아첩,비숍,9998460,,xlsx,비숍,110,비숍,대학원,Scania 15,https://mgf.gg/ranking/?server=&job=&recent=1&stx=%EC%95%84%EC%B2%A9,2026-09-17T12:45:58.680169+09:00,09.17,818조 2935억 1156만,81829351156,,not confirmed; screenshot filenames 2026-09-16,profile,110,True,,대학원,9998460,11681700,False,,,,,,,,,
수련장.xlsx,시트1,55,54,대학원,청약환불,팔라딘,9993006,,xlsx,팔라딘,110,팔라딘,대학원,Scania 15,https://mgf.gg/contents/guild_info.php?g_name=%EB%8C%80%ED%95%99%EC%9B%90,2026-09-17T12:46:39.731801+09:00,2026.09.17,297조 3284억 6685만,29732846685,,not confirmed; screenshot filenames 2026-09-16,profile,110,True,,대학원,9993006,9277323,False,,,,,,,,,
수련장.xlsx,시트1,56,55,뿌용뿌용,본딩,비숍,9739920,,xlsx,비숍,110,비숍,뿌용뿌용,Scania 10,https://mgf.gg/contents/guild_info.php?g_name=%EB%BF%8C%EC%9A%A9%EB%BF%8C%EC%9A%A9,2026-09-17T12:46:41.790394+09:00,2026.09.16,437조 1898억 8917만,43718988917,,not confirmed; screenshot filenames 2026-09-16,profile,110,True,,뿌용뿌용,9739920,12138063,False,,,,,,,,,
수련장.xlsx,시트1,57,56,인형나라,글쟈,섀도어,9607671,,xlsx,섀도어,114,섀도어,인형나라,Scania 25,https://mgf.gg/contents/guild_info.php?g_name=%EC%9D%B8%ED%98%95%EB%82%98%EB%9D%BC,2026-09-17T12:46:42.282987+09:00,2026.09.17,1경 447조 5129억 7199만,1044751297199,,not confirmed; screenshot filenames 2026-09-16,profile,114,True,,인형나라,9607671,16251031,False,,,,,,,,,
수련장.xlsx,시트1,58,57,칠사모,망해또띠,비숍,9568842,,xlsx,비숍,104,비숍,칠사모,Scania 74,https://mgf.gg/contents/guild_info.php?g_name=%EC%B9%A0%EC%82%AC%EB%AA%A8,2026-09-17T12:46:42.804900+09:00,2026.09.16,46조 5349억 2515만,4653492515,,not confirmed; screenshot filenames 2026-09-16,profile,104,True,,칠사모,9568842,7050254,False,,,,,,,,,
수련장.xlsx,시트1,59,58,대학원,바임쥬베룩,보우마스터,9380067,,xlsx,보우마스터,109,보우마스터,대학원,Scania 15,https://mgf.gg/ranking/?server=&job=&recent=1&stx=%EC%98%88%EC%A7%9C%EA%B9%8C,2026-09-17T12:45:51.258477+09:00,09.17,401조 4010억 5135만,40140105135,,not confirmed; screenshot filenames 2026-09-16,profile,109,True,,대학원,9380067,9314930,False,,,,,,,,,
수련장.xlsx,시트1,60,59,뿌용뿌용,이성일,나이트로드,9360561,,xlsx,나이트로드,110,나이트로드,뿌용뿌용,Scania 10,https://mgf.gg/contents/guild_info.php?g_name=%EB%BF%8C%EC%9A%A9%EB%BF%8C%EC%9A%A9,2026-09-17T12:46:41.790394+09:00,2026.09.16,855조 1332억 6000만,85513326000,,not confirmed; screenshot filenames 2026-09-16,profile,110,True,,뿌용뿌용,9360561,8879084,False,,,,,,,,,
수련장.xlsx,시트1,61,60,빅딜,불보독지,아크메이지 - 불독,9282642,,xlsx,"아크메이지(불,독)",111,"아크메이지(불,독)",빅딜,Scania 2,https://mgf.gg/contents/guild_info.php?g_name=%EB%B9%85%EB%94%9C,2026-09-17T12:46:41.299979+09:00,2026.09.16,968조 1677억 2361만,96816772361,,not confirmed; screenshot filenames 2026-09-16,profile,111,True,,빅딜,9282642,10720654,False,,,,,,,,,
수련장.xlsx,시트1,62,61,칠사모,헌믕,비숍,9256404,,xlsx,비숍,107,비숍,칠사모,Scania 74,https://mgf.gg/contents/guild_info.php?g_name=%EC%B9%A0%EC%82%AC%EB%AA%A8,2026-09-17T12:46:42.804900+09:00,2026.09.16,445조 5864억 2016만,44558642016,,not confirmed; screenshot filenames 2026-09-16,profile,107,True,,칠사모,9256404,12023895,False,,,,,,,,,
수련장.xlsx,시트1,63,62,뿌용뿌용,돌아온짜누,바이퍼,9221841,,xlsx,바이퍼,111,바이퍼,뿌용뿌용,Scania 10,https://mgf.gg/ranking/?server=&job=&recent=1&stx=%EA%B9%80%ED%9B%88%ED%95%9C,2026-09-17T12:45:31.887692+09:00,09.16,1272조 9276억 6050만,127292766050,,not confirmed; screenshot filenames 2026-09-16,profile,111,True,,뿌용뿌용,9221841,51,False,,,,,,,,,
수련장.xlsx,시트1,64,63,뿌용뿌용,밤바밤,비숍,9138924,,xlsx,비숍,110,비숍,뿌용뿌용,Scania 10,https://mgf.gg/contents/guild_info.php?g_name=%EB%BF%8C%EC%9A%A9%EB%BF%8C%EC%9A%A9,2026-09-17T12:46:41.790394+09:00,2026.09.16,599조 2182억 3792만,59921823792,,not confirmed; screenshot filenames 2026-09-16,profile,110,True,,뿌용뿌용,9138924,10873804,False,,,,,,,,,
수련장.xlsx,시트1,65,64,뿌용뿌용,토망쳐,비숍,9094206,,xlsx,비숍,111,비숍,뿌용뿌용,Scania 10,https://mgf.gg/contents/guild_info.php?g_name=%EB%BF%8C%EC%9A%A9%EB%BF%8C%EC%9A%A9,2026-09-17T12:46:41.790394+09:00,2026.09.16,1061조 2908억 4962만,106129084962,,not confirmed; screenshot filenames 2026-09-16,profile,111,True,,뿌용뿌용,9094206,12457876,False,,,,,,,,,
수련장.xlsx,시트1,66,65,버번,더적당,캡틴,9022473,,xlsx,캡틴,109,캡틴,버번,Scania 1,https://mgf.gg/contents/guild_info.php?g_name=%EB%B2%84%EB%B2%88,2026-09-17T12:46:40.749455+09:00,2026.09.16,480조 5727억 1508만,48057271508,,not confirmed; screenshot filenames 2026-09-16,profile,109,True,,버번,9022473,49,False,,,,,,,,,
수련장.xlsx,시트1,67,66,빅딜,박준우2,비숍,8981598,,xlsx,비숍,109,비숍,빅딜,Scania 2,https://mgf.gg/contents/guild_info.php?g_name=%EB%B9%85%EB%94%9C,2026-09-17T12:46:41.299979+09:00,2026.09.16,328조 1595억 1568만,32815951568,,not confirmed; screenshot filenames 2026-09-16,profile,109,True,,빅딜,8981598,11311279,False,,,,,,,,,
수련장.xlsx,시트1,68,67,대학원,새파,섀도어,8957409,,xlsx,섀도어,110,섀도어,대학원,Scania 15,https://mgf.gg/contents/guild_info.php?g_name=%EB%8C%80%ED%95%99%EC%9B%90,2026-09-17T12:46:39.731801+09:00,2026.09.17,586조 8690억 7823만,58686907823,,not confirmed; screenshot filenames 2026-09-16,profile,110,True,,대학원,8957409,8232208,False,,,,,,,,,
수련장.xlsx,시트1,69,68,빅딜,호우기,나이트로드,8954139,,xlsx,나이트로드,112,나이트로드,빅딜,Scania 2,https://mgf.gg/contents/guild_info.php?g_name=%EB%B9%85%EB%94%9C,2026-09-17T12:46:41.299979+09:00,2026.09.16,834조 9225억 8951만,83492258951,,not confirmed; screenshot filenames 2026-09-16,profile,112,True,,빅딜,8954139,8910287,False,,,,,,,,,
수련장.xlsx,시트1,70,69,뿌용뿌용,노곽철,섀도어,8859213,,xlsx,섀도어,112,섀도어,뿌용뿌용,Scania 10,https://mgf.gg/contents/guild_info.php?g_name=%EB%BF%8C%EC%9A%A9%EB%BF%8C%EC%9A%A9,2026-09-17T12:46:41.790394+09:00,2026.09.16,983조 4804억 8897만,98348048897,,not confirmed; screenshot filenames 2026-09-16,profile,112,True,,뿌용뿌용,8859213,9354071,False,,,,,,,,,
수련장.xlsx,시트1,71,70,대학원,Lr로키,아크메이지 - 썬콜,8858271,,xlsx,"아크메이지(썬,콜)",110,"아크메이지(썬,콜)",대학원,Scania 15,https://mgf.gg/contents/guild_info.php?g_name=%EB%8C%80%ED%95%99%EC%9B%90,2026-09-17T12:46:39.731801+09:00,2026.09.17,641조 9871억 2679만,64198712679,,not confirmed; screenshot filenames 2026-09-16,profile,110,True,,대학원,8858271,7814744,False,,,,,,,,,
수련장.xlsx,시트1,72,71,빅딜,서포터즈,나이트로드,8842713,,xlsx,나이트로드,112,나이트로드,빅딜,Scania 2,https://mgf.gg/contents/guild_info.php?g_name=%EB%B9%85%EB%94%9C,2026-09-17T12:46:41.299979+09:00,2026.09.16,2062조 3576억 7889만,206235767889,,not confirmed; screenshot filenames 2026-09-16,profile,112,True,,빅딜,8842713,10970256,False,,,,,,,,,
수련장.xlsx,시트1,73,72,인형나라,여덟시,나이트로드,8760447,,xlsx,나이트로드,109,나이트로드,인형나라,Scania 25,https://mgf.gg/contents/guild_info.php?g_name=%EC%9D%B8%ED%98%95%EB%82%98%EB%9D%BC,2026-09-17T12:46:42.282987+09:00,2026.09.17,325조 4906억 6808만,32549066808,,not confirmed; screenshot filenames 2026-09-16,profile,109,True,,인형나라,8760447,8494924,False,,,,,,,,,
수련장.xlsx,시트1,74,73,칠사모,사믕,보우마스터,8753946,,xlsx,보우마스터,105,보우마스터,칠사모,Scania 74,https://mgf.gg/contents/guild_info.php?g_name=%EC%B9%A0%EC%82%AC%EB%AA%A8,2026-09-17T12:46:42.804900+09:00,2026.09.16,86조 7512억 3338만,8675123338,,not confirmed; screenshot filenames 2026-09-16,profile,105,True,,칠사모,8753946,6427489,False,,,,,,,,,
수련장.xlsx,시트1,75,74,빅딜,정태준,비숍,8730144,,xlsx,비숍,111,비숍,빅딜,Scania 2,https://mgf.gg/contents/guild_info.php?g_name=%EB%B9%85%EB%94%9C,2026-09-17T12:46:41.299979+09:00,2026.09.16,747조 6479억 4857만,74764794857,,not confirmed; screenshot filenames 2026-09-16,profile,111,True,,빅딜,8730144,11493504,False,,,,,,,,,
수련장.xlsx,시트1,76,75,빅딜,뻥뻥,보우마스터,8710602,,xlsx,보우마스터,110,보우마스터,빅딜,Scania 2,https://mgf.gg/contents/guild_info.php?g_name=%EB%B9%85%EB%94%9C,2026-09-17T12:46:41.299979+09:00,2026.09.16,1178조 4809억 5968만,117848095968,,not confirmed; screenshot filenames 2026-09-16,profile,110,True,,빅딜,8710602,9988160,False,,,,,,,,,
수련장.xlsx,시트1,77,76,버번,페레로로쉐,아크메이지 - 불독,8654838,,xlsx,"아크메이지(불,독)",111,"아크메이지(불,독)",버번,Scania 1,https://mgf.gg/contents/guild_info.php?g_name=%EB%B2%84%EB%B2%88,2026-09-17T12:46:40.749455+09:00,2026.09.16,852조 3664억 563만,85236640563,,not confirmed; screenshot filenames 2026-09-16,profile,111,True,,버번,8654838,10411102,False,,,,,,,,,
수련장.xlsx,시트1,78,77,인형나라,젤로젤리,비숍,8567130,,xlsx,비숍,110,비숍,인형나라,Scania 25,https://mgf.gg/contents/guild_info.php?g_name=%EC%9D%B8%ED%98%95%EB%82%98%EB%9D%BC,2026-09-17T12:46:42.282987+09:00,2026.09.17,324조 1743억 5857만,32417435857,,not confirmed; screenshot filenames 2026-09-16,profile,110,True,,인형나라,8567130,11331160,False,,,,,,,,,
수련장.xlsx,시트1,79,78,뿌용뿌용,경후훈,섀도어,8548449,,xlsx,섀도어,111,섀도어,뿌용뿌용,Scania 10,https://mgf.gg/contents/guild_info.php?g_name=%EB%BF%8C%EC%9A%A9%EB%BF%8C%EC%9A%A9,2026-09-17T12:46:41.790394+09:00,2026.09.16,683조 4299억 121만,68342990121,,not confirmed; screenshot filenames 2026-09-16,profile,111,True,,뿌용뿌용,8548449,8564394,False,,,,,,,,,
수련장.xlsx,시트1,80,79,인형나라,사오토메란마,아크메이지 - 불독,8544687,,xlsx,"아크메이지(불,독)",112,"아크메이지(불,독)",인형나라,Scania 25,https://mgf.gg/contents/guild_info.php?g_name=%EC%9D%B8%ED%98%95%EB%82%98%EB%9D%BC,2026-09-17T12:46:42.282987+09:00,2026.09.17,1774조 6336억 8068만,177463368068,,not confirmed; screenshot filenames 2026-09-16,profile,112,True,,인형나라,8544687,12379274,False,,,,,,,,,
수련장.xlsx,시트1,81,80,칠사모,또믕,비숍,8223087,,xlsx,비숍,104,비숍,칠사모,Scania 74,https://mgf.gg/contents/guild_info.php?g_name=%EC%B9%A0%EC%82%AC%EB%AA%A8,2026-09-17T12:46:42.804900+09:00,2026.09.16,57조 7774억 4385만,5777744385,,not confirmed; screenshot filenames 2026-09-16,profile,104,True,,칠사모,8223087,7410031,False,,,,,,,,,
수련장.xlsx,시트1,82,81,더위사냥,교주만두,팔라딘,8064039,,xlsx,팔라딘,116,팔라딘,더위사냥,Scania 50,https://mgf.gg/contents/guild_info.php?g_name=%EB%8D%94%EC%9C%84%EC%82%AC%EB%83%A5,2026-09-17T12:46:40.245119+09:00,2026.09.17,3경 6011조 9366억 9688만,3601193669688,,not confirmed; screenshot filenames 2026-09-16,profile,116,True,,더위사냥,8064039,23924084,False,,,,,,,,,
수련장.xlsx,시트1,83,82,인형나라,솖이,아크메이지 - 썬콜,8012259,,xlsx,"아크메이지(썬,콜)",110,"아크메이지(썬,콜)",인형나라,Scania 25,https://mgf.gg/contents/guild_info.php?g_name=%EC%9D%B8%ED%98%95%EB%82%98%EB%9D%BC,2026-09-17T12:46:42.282987+09:00,2026.09.17,681조 4944억 9400만,68149449400,,not confirmed; screenshot filenames 2026-09-16,profile,110,True,,인형나라,8012259,7922825,False,,,,,,,,,
수련장.xlsx,시트1,84,83,인형나라,똥땅이횽,바이퍼,7907253,,xlsx,바이퍼,111,바이퍼,인형나라,Scania 25,https://mgf.gg/contents/guild_info.php?g_name=%EC%9D%B8%ED%98%95%EB%82%98%EB%9D%BC,2026-09-17T12:46:42.282987+09:00,2026.09.17,802조 6731억 4848만,80267314848,,not confirmed; screenshot filenames 2026-09-16,profile,111,True,,인형나라,7907253,46,False,,,,,,,,,
수련장.xlsx,시트1,85,84,빅딜,두향,팔라딘,7856703,,xlsx,팔라딘,113,팔라딘,빅딜,Scania 2,https://mgf.gg/contents/guild_info.php?g_name=%EB%B9%85%EB%94%9C,2026-09-17T12:46:41.299979+09:00,2026.09.16,3815조 5213억 6600만,381552136600,,not confirmed; screenshot filenames 2026-09-16,profile,113,True,,빅딜,7856703,14090300,False,,,,,,,,,
수련장.xlsx,시트1,86,85,인형나라,Pakachu9999,비숍,7717356,,xlsx,비숍,111,비숍,인형나라,Scania 25,https://mgf.gg/contents/guild_info.php?g_name=%EC%9D%B8%ED%98%95%EB%82%98%EB%9D%BC,2026-09-17T12:46:42.282987+09:00,2026.09.17,1170조 6269억 1345만,117062691345,,not confirmed; screenshot filenames 2026-09-16,profile,111,True,,인형나라,7717356,12742022,False,,,,,,,,,
수련장.xlsx,시트1,87,86,인형나라,잉글리쉬,비숍,7560594,,xlsx,비숍,111,비숍,인형나라,Scania 25,https://mgf.gg/contents/guild_info.php?g_name=%EC%9D%B8%ED%98%95%EB%82%98%EB%9D%BC,2026-09-17T12:46:42.282987+09:00,2026.09.17,1088조 6995억 8142만,108869958142,,not confirmed; screenshot filenames 2026-09-16,profile,111,True,,인형나라,7560594,12531151,False,,,,,,,,,
수련장.xlsx,시트1,88,87,빅딜,민들레꽃,비숍,7395894,,xlsx,비숍,109,비숍,빅딜,Scania 2,https://mgf.gg/contents/guild_info.php?g_name=%EB%B9%85%EB%94%9C,2026-09-17T12:46:41.299979+09:00,2026.09.16,419조 7074억 9119만,41970749119,,not confirmed; screenshot filenames 2026-09-16,profile,109,True,,빅딜,7395894,11969884,False,,,,,,,,,
수련장.xlsx,시트1,89,88,칠사모,개짱나네,바이퍼,7365291,,xlsx,바이퍼,105,바이퍼,칠사모,Scania 74,https://mgf.gg/contents/guild_info.php?g_name=%EC%B9%A0%EC%82%AC%EB%AA%A8,2026-09-17T12:46:42.804900+09:00,2026.09.16,59조 3784억 102만,5937840102,,not confirmed; screenshot filenames 2026-09-16,profile,105,True,,칠사모,7365291,30,False,,,,,,,,,
수련장.xlsx,시트1,90,89,버번,꿀꿀이의모험,비숍,7306308,,xlsx,비숍,110,비숍,버번,Scania 1,https://mgf.gg/contents/guild_info.php?g_name=%EB%B2%84%EB%B2%88,2026-09-17T12:46:40.749455+09:00,2026.09.16,395조 8830억 621만,39588300621,,not confirmed; screenshot filenames 2026-09-16,profile,110,True,,버번,7306308,11864123,False,,,,,,,,,
수련장.xlsx,시트1,91,90,빅딜,여눈,바이퍼,7282089,,xlsx,바이퍼,108,바이퍼,빅딜,Scania 2,https://mgf.gg/contents/guild_info.php?g_name=%EB%B9%85%EB%94%9C,2026-09-17T12:46:41.299979+09:00,2026.09.16,203조 4743억 4374만,20347434374,,not confirmed; screenshot filenames 2026-09-16,profile,108,True,,빅딜,7282089,40,False,,,,,,,,,
수련장.xlsx,시트1,92,91,대학원,힘떡,섀도어,7267155,,xlsx,섀도어,110,섀도어,대학원,Scania 15,https://mgf.gg/contents/guild_info.php?g_name=%EB%8C%80%ED%95%99%EC%9B%90,2026-09-17T12:46:39.731801+09:00,2026.09.17,482조 5134억 4264만,48251344264,,not confirmed; screenshot filenames 2026-09-16,profile,110,True,,대학원,7267155,9445335,False,,,,,,,,,
수련장.xlsx,시트1,93,92,인형나라,헤미니현미니,비숍,7227582,,xlsx,비숍,,,,,,,,,0,,not confirmed; screenshot filenames 2026-09-16,profile,,False,missing_profile,인형나라,7227582,,False,혜미니현미니,,,,,,,,
수련장.xlsx,시트1,94,93,빅딜,채무조정,비숍,7201815,,xlsx,비숍,111,비숍,빅딜,Scania 2,https://mgf.gg/contents/guild_info.php?g_name=%EB%B9%85%EB%94%9C,2026-09-17T12:46:41.299979+09:00,2026.09.16,972조 2153억 1957만,97221531957,,not confirmed; screenshot filenames 2026-09-16,profile,111,True,,빅딜,7201815,12209207,False,,,,,,,,,
수련장.xlsx,시트1,95,94,칠사모,썬믕,아크메이지 - 썬콜,7155282,,xlsx,"아크메이지(썬,콜)",106,"아크메이지(썬,콜)",칠사모,Scania 74,https://mgf.gg/contents/guild_info.php?g_name=%EC%B9%A0%EC%82%AC%EB%AA%A8,2026-09-17T12:46:42.804900+09:00,2026.09.16,225조 251억 3082만,22502513082,,not confirmed; screenshot filenames 2026-09-16,profile,106,True,,칠사모,7155282,7234554,False,,,,,,,,,
수련장.xlsx,시트1,96,95,칠사모,비숍의미래,비숍,7115223,,xlsx,비숍,106,비숍,칠사모,Scania 74,https://mgf.gg/contents/guild_info.php?g_name=%EC%B9%A0%EC%82%AC%EB%AA%A8,2026-09-17T12:46:42.804900+09:00,2026.09.16,245조 953억 3721만,24509533721,,not confirmed; screenshot filenames 2026-09-16,profile,106,True,,칠사모,7115223,10430351,False,,,,,,,,,
수련장.xlsx,시트1,97,96,버번,보호소,비숍,7097601,,xlsx,비숍,110,비숍,버번,Scania 1,https://mgf.gg/contents/guild_info.php?g_name=%EB%B2%84%EB%B2%88,2026-09-17T12:46:40.749455+09:00,2026.09.16,741조 7423억 6528만,74174236528,,not confirmed; screenshot filenames 2026-09-16,profile,110,True,,버번,7097601,11420764,False,,,,,,,,,
수련장.xlsx,시트1,98,97,칠사모,꽃믕,비숍,7082961,,xlsx,비숍,105,비숍,칠사모,Scania 74,https://mgf.gg/contents/guild_info.php?g_name=%EC%B9%A0%EC%82%AC%EB%AA%A8,2026-09-17T12:46:42.804900+09:00,2026.09.16,130조 9428억 3539만,13094283539,,not confirmed; screenshot filenames 2026-09-16,profile,105,True,,칠사모,7082961,8987158,False,,,,,,,,,
수련장.xlsx,시트1,99,98,뿌용뿌용,봉천동주접꾼,캡틴,7048968,,xlsx,캡틴,109,캡틴,뿌용뿌용,Scania 10,https://mgf.gg/contents/guild_info.php?g_name=%EB%BF%8C%EC%9A%A9%EB%BF%8C%EC%9A%A9,2026-09-17T12:46:41.790394+09:00,2026.09.16,536조 9817억 3366만,53698173366,,not confirmed; screenshot filenames 2026-09-16,profile,109,True,,뿌용뿌용,7048968,50,False,,,,,,,,,
수련장.xlsx,시트1,100,99,뿌용뿌용,뿌용뿌용뿅뿅,섀도어,7007685,,xlsx,섀도어,111,섀도어,뿌용뿌용,Scania 10,https://mgf.gg/contents/guild_info.php?g_name=%EB%BF%8C%EC%9A%A9%EB%BF%8C%EC%9A%A9,2026-09-17T12:46:41.790394+09:00,2026.09.16,953조 407억 2339만,95304072339,,not confirmed; screenshot filenames 2026-09-16,profile,111,True,,뿌용뿌용,7007685,9245122,False,,,,,,,,,
수련장.xlsx,시트1,101,100,빅딜,좀치는형님,비숍,6987087,,xlsx,비숍,110,비숍,빅딜,Scania 2,https://mgf.gg/contents/guild_info.php?g_name=%EB%B9%85%EB%94%9C,2026-09-17T12:46:41.299979+09:00,2026.09.16,712조 5098억 2176만,71250982176,,not confirmed; screenshot filenames 2026-09-16,profile,110,True,,빅딜,6987087,11315633,False,,,,,,,,,
수련장.xlsx,시트1,102,101,버번,주사고모,비숍,6916095,,xlsx,비숍,108,비숍,버번,Scania 1,https://mgf.gg/contents/guild_info.php?g_name=%EB%B2%84%EB%B2%88,2026-09-17T12:46:40.749455+09:00,2026.09.16,484조 4320억 4123만,48443204123,,not confirmed; screenshot filenames 2026-09-16,profile,108,True,,버번,6916095,12314431,False,,,,,,,,,
수련장.xlsx,시트1,103,102,인형나라,연속기,바이퍼,6868173,,xlsx,바이퍼,110,바이퍼,인형나라,Scania 25,https://mgf.gg/contents/guild_info.php?g_name=%EC%9D%B8%ED%98%95%EB%82%98%EB%9D%BC,2026-09-17T12:46:42.282987+09:00,2026.09.17,330조 108억 9811만,33001089811,,not confirmed; screenshot filenames 2026-09-16,profile,110,True,,인형나라,6868173,45,False,,,,,,,,,
수련장.xlsx,시트1,104,103,대학원,은월출시기원,섀도어,6813606,,xlsx,섀도어,110,섀도어,대학원,Scania 15,https://mgf.gg/contents/guild_info.php?g_name=%EB%8C%80%ED%95%99%EC%9B%90,2026-09-17T12:46:39.731801+09:00,2026.09.17,761조 8335억 6497만,76183356497,,not confirmed; screenshot filenames 2026-09-16,profile,110,True,,대학원,6813606,8741374,False,,,,,,,,,
수련장.xlsx,시트1,105,104,뿌용뿌용,트투,비숍,6796065,,xlsx,비숍,111,비숍,뿌용뿌용,Scania 10,https://mgf.gg/contents/guild_info.php?g_name=%EB%BF%8C%EC%9A%A9%EB%BF%8C%EC%9A%A9,2026-09-17T12:46:41.790394+09:00,2026.09.16,629조 4023억 7768만,62940237768,,not confirmed; screenshot filenames 2026-09-16,profile,111,True,,뿌용뿌용,6796065,11047287,False,,,,,,,,,
수련장.xlsx,시트1,106,105,빅딜,솔인,팔라딘,6794208,,xlsx,팔라딘,108,팔라딘,빅딜,Scania 2,https://mgf.gg/contents/guild_info.php?g_name=%EB%B9%85%EB%94%9C,2026-09-17T12:46:41.299979+09:00,2026.09.16,325조 8411억 2940만,32584112940,,not confirmed; screenshot filenames 2026-09-16,profile,108,True,,빅딜,6794208,9388262,False,,,,,,,,,
수련장.xlsx,시트1,107,106,뿌용뿌용,남태평,섀도어,6786366,,xlsx,섀도어,111,섀도어,뿌용뿌용,Scania 10,https://mgf.gg/contents/guild_info.php?g_name=%EB%BF%8C%EC%9A%A9%EB%BF%8C%EC%9A%A9,2026-09-17T12:46:41.790394+09:00,2026.09.16,1339조 8713억 8539만,133987138539,,not confirmed; screenshot filenames 2026-09-16,profile,111,True,,뿌용뿌용,6786366,9998654,False,,,,,,,,,
수련장.xlsx,시트1,108,107,뿌용뿌용,팔마,나이트로드,6750027,,xlsx,나이트로드,112,나이트로드,뿌용뿌용,Scania 10,https://mgf.gg/contents/guild_info.php?g_name=%EB%BF%8C%EC%9A%A9%EB%BF%8C%EC%9A%A9,2026-09-17T12:46:41.790394+09:00,2026.09.16,930조 3534억 1206만,93035341206,,not confirmed; screenshot filenames 2026-09-16,profile,112,True,,뿌용뿌용,6750027,9134864,False,,,,,,,,,
수련장.xlsx,시트1,109,108,더위사냥,KR#0P7W5X70V4,비숍,6683388,,xlsx,비숍,105,비숍,더위사냥,Scania 50,https://mgf.gg/contents/guild_info.php?g_name=%EB%8D%94%EC%9C%84%EC%82%AC%EB%83%A5,2026-09-17T12:46:40.245119+09:00,2026.09.17,45조 5262억 7227만,4552627227,,not confirmed; screenshot filenames 2026-09-16,profile,105,True,,더위사냥,6683388,7048454,False,,,,,,,,,
수련장.xlsx,시트1,110,109,인형나라,명동이,비숍,6677106,,xlsx,비숍,112,비숍,인형나라,Scania 25,https://mgf.gg/contents/guild_info.php?g_name=%EC%9D%B8%ED%98%95%EB%82%98%EB%9D%BC,2026-09-17T12:46:42.282987+09:00,2026.09.17,3245조 684억 6500만,324506846500,,not confirmed; screenshot filenames 2026-09-16,profile,112,True,,인형나라,6677106,16181959,False,,,,,,,,,
수련장.xlsx,시트1,111,110,인형나라,옆구리두방,비숍,6591612,,xlsx,비숍,111,비숍,인형나라,Scania 25,https://mgf.gg/contents/guild_info.php?g_name=%EC%9D%B8%ED%98%95%EB%82%98%EB%9D%BC,2026-09-17T12:46:42.282987+09:00,2026.09.17,531조 4391억 9363만,53143919363,,not confirmed; screenshot filenames 2026-09-16,profile,111,True,,인형나라,6591612,12753070,False,,,,,,,,,
수련장.xlsx,시트1,112,111,칠사모,뚜에이,보우마스터,6554703,,xlsx,보우마스터,105,보우마스터,칠사모,Scania 74,https://mgf.gg/contents/guild_info.php?g_name=%EC%B9%A0%EC%82%AC%EB%AA%A8,2026-09-17T12:46:42.804900+09:00,2026.09.16,47조 4148억 7870만,4741487870,,not confirmed; screenshot filenames 2026-09-16,profile,105,True,,칠사모,6554703,5593689,False,,,,,,,,,
수련장.xlsx,시트1,113,112,인형나라,정섭이,비숍,6499527,,xlsx,비숍,110,비숍,인형나라,Scania 25,https://mgf.gg/contents/guild_info.php?g_name=%EC%9D%B8%ED%98%95%EB%82%98%EB%9D%BC,2026-09-17T12:46:42.282987+09:00,2026.09.17,395조 8262억 1923만,39582621923,,not confirmed; screenshot filenames 2026-09-16,profile,110,True,,인형나라,6499527,11863732,False,,,,,,,,,
수련장.xlsx,시트1,114,113,버번,초코파베,아크메이지 - 썬콜,6492831,,xlsx,"아크메이지(썬,콜)",107,"아크메이지(썬,콜)",버번,Scania 1,https://mgf.gg/contents/guild_info.php?g_name=%EB%B2%84%EB%B2%88,2026-09-17T12:46:40.749455+09:00,2026.09.16,179조 7038억 5492만,17970385492,,not confirmed; screenshot filenames 2026-09-16,profile,107,True,,버번,6492831,6902172,False,,,,,,,,,
수련장.xlsx,시트1,115,114,대학원,뚱법,비숍,6455124,,xlsx,비숍,110,비숍,대학원,Scania 15,https://mgf.gg/contents/guild_info.php?g_name=%EB%8C%80%ED%95%99%EC%9B%90,2026-09-17T12:46:39.731801+09:00,2026.09.17,494조 1156억 1676만,49411561676,,not confirmed; screenshot filenames 2026-09-16,profile,110,True,,대학원,6455124,12484635,False,,,,,,,,,
수련장.xlsx,시트1,116,115,버번,쮸르,비숍,6443454,,xlsx,비숍,111,비숍,버번,Scania 1,https://mgf.gg/contents/guild_info.php?g_name=%EB%B2%84%EB%B2%88,2026-09-17T12:46:40.749455+09:00,2026.09.16,729조 6168억 786만,72961680786,,not confirmed; screenshot filenames 2026-09-16,profile,111,True,,버번,6443454,11429149,False,,,,,,,,,
수련장.xlsx,시트1,117,116,빅딜,아르미느,히어로,6273582,,xlsx,히어로,108,히어로,빅딜,Scania 2,https://mgf.gg/contents/guild_info.php?g_name=%EB%B9%85%EB%94%9C,2026-09-17T12:46:41.299979+09:00,2026.09.16,216조 9694억 4877만,21696944877,,not confirmed; screenshot filenames 2026-09-16,profile,108,True,,빅딜,6273582,9771378,False,,,,,,,,,
수련장.xlsx,시트1,118,117,뿌용뿌용,그이뜌,아크메이지 - 썬콜,6266043,,xlsx,"아크메이지(썬,콜)",108,"아크메이지(썬,콜)",뿌용뿌용,Scania 10,https://mgf.gg/contents/guild_info.php?g_name=%EB%BF%8C%EC%9A%A9%EB%BF%8C%EC%9A%A9,2026-09-17T12:46:41.790394+09:00,2026.09.16,408조 558억 7972만,40805587972,,not confirmed; screenshot filenames 2026-09-16,profile,108,True,,뿌용뿌용,6266043,8373809,False,,,,,,,,,
수련장.xlsx,시트1,119,118,인형나라,범지,나이트로드,6201141,,xlsx,나이트로드,110,나이트로드,인형나라,Scania 25,https://mgf.gg/contents/guild_info.php?g_name=%EC%9D%B8%ED%98%95%EB%82%98%EB%9D%BC,2026-09-17T12:46:42.282987+09:00,2026.09.17,781조 6878억 6641만,78168786641,,not confirmed; screenshot filenames 2026-09-16,profile,110,True,,인형나라,6201141,8697573,False,,,,,,,,,
수련장.xlsx,시트1,120,119,칠사모,득찬이,다크나이트,6183261,,xlsx,다크나이트,105,다크나이트,칠사모,Scania 74,https://mgf.gg/contents/guild_info.php?g_name=%EC%B9%A0%EC%82%AC%EB%AA%A8,2026-09-17T12:46:42.804900+09:00,2026.09.16,92조 2994억 2523만,9229942523,,not confirmed; screenshot filenames 2026-09-16,profile,105,True,,칠사모,6183261,7630371,False,,,,,,,,,
수련장.xlsx,시트1,121,120,빅딜,비스밤,비숍,6170412,,xlsx,비숍,109,비숍,빅딜,Scania 2,https://mgf.gg/contents/guild_info.php?g_name=%EB%B9%85%EB%94%9C,2026-09-17T12:46:41.299979+09:00,2026.09.16,355조 5354억 60만,35553540060,,not confirmed; screenshot filenames 2026-09-16,profile,109,True,,빅딜,6170412,11521665,False,,,,,,,,,
수련장.xlsx,시트1,122,121,칠사모,너남친쩔더라,비숍,6113253,,xlsx,비숍,108,비숍,칠사모,Scania 74,https://mgf.gg/contents/guild_info.php?g_name=%EC%B9%A0%EC%82%AC%EB%AA%A8,2026-09-17T12:46:42.804900+09:00,2026.09.16,559조 7116억 4610만,55971164610,,not confirmed; screenshot filenames 2026-09-16,profile,108,True,,칠사모,6113253,12730416,False,,,,,,,,,
수련장.xlsx,시트1,123,122,뿌용뿌용,비속어금지중,비숍,6061791,,xlsx,비숍,109,비숍,뿌용뿌용,Scania 10,https://mgf.gg/contents/guild_info.php?g_name=%EB%BF%8C%EC%9A%A9%EB%BF%8C%EC%9A%A9,2026-09-17T12:46:41.790394+09:00,2026.09.16,604조 8921억 6874만,60489216874,,not confirmed; screenshot filenames 2026-09-16,profile,109,True,,뿌용뿌용,6061791,10847753,False,,,,,,,,,
수련장.xlsx,시트1,124,123,뿌용뿌용,양대리,히어로,6058641,,xlsx,히어로,111,히어로,뿌용뿌용,Scania 10,https://mgf.gg/contents/guild_info.php?g_name=%EB%BF%8C%EC%9A%A9%EB%BF%8C%EC%9A%A9,2026-09-17T12:46:41.790394+09:00,2026.09.16,2172조 3380억 335만,217233800335,,not confirmed; screenshot filenames 2026-09-16,profile,111,True,,뿌용뿌용,6058641,14020669,False,,,,,,,,,
수련장.xlsx,시트1,125,124,대학원,Trusthim,비숍,6048609,,xlsx,비숍,108,비숍,대학원,Scania 15,https://mgf.gg/contents/guild_info.php?g_name=%EB%8C%80%ED%95%99%EC%9B%90,2026-09-17T12:46:39.731801+09:00,2026.09.17,259조 2821억 1755만,25928211755,,not confirmed; screenshot filenames 2026-09-16,profile,108,True,,대학원,6048609,10665433,False,,,,,,,,,
수련장.xlsx,시트1,126,125,대학원,3대900상남자,아크메이지 - 썬콜,6042234,,xlsx,"아크메이지(썬,콜)",110,"아크메이지(썬,콜)",대학원,Scania 15,https://mgf.gg/contents/guild_info.php?g_name=%EB%8C%80%ED%95%99%EC%9B%90,2026-09-17T12:46:39.731801+09:00,2026.09.17,419조 9404억 6636만,41994046636,,not confirmed; screenshot filenames 2026-09-16,profile,110,True,,대학원,6042234,8506976,False,,,,,,,,,
수련장.xlsx,시트1,127,126,대학원,KR#PTWFLYUM5X,아크메이지 - 썬콜,6030162,,xlsx,"아크메이지(썬,콜)",109,"아크메이지(썬,콜)",대학원,Scania 15,https://mgf.gg/contents/guild_info.php?g_name=%EB%8C%80%ED%95%99%EC%9B%90,2026-09-17T12:46:39.731801+09:00,2026.09.17,395조 9116억 8442만,39591168442,,not confirmed; screenshot filenames 2026-09-16,profile,109,True,,대학원,6030162,8354232,False,,,,,,,,,
수련장.xlsx,시트1,128,127,대학원,장빡이,섀도어,5916900,,xlsx,섀도어,111,섀도어,대학원,Scania 15,https://mgf.gg/contents/guild_info.php?g_name=%EB%8C%80%ED%95%99%EC%9B%90,2026-09-17T12:46:39.731801+09:00,2026.09.17,777조 8609억 8705만,77786098705,,not confirmed; screenshot filenames 2026-09-16,profile,111,True,,대학원,5916900,8823166,False,,,,,,,,,
수련장.xlsx,시트1,129,128,대학원,귀막구,나이트로드,5851371,,xlsx,나이트로드,109,나이트로드,대학원,Scania 15,https://mgf.gg/contents/guild_info.php?g_name=%EB%8C%80%ED%95%99%EC%9B%90,2026-09-17T12:46:39.731801+09:00,2026.09.17,286조 1023억 469만,28610230469,,not confirmed; screenshot filenames 2026-09-16,profile,109,True,,대학원,5851371,8246611,False,,,,,,,,,
수련장.xlsx,시트1,130,129,버번,시루,비숍,5825388,,xlsx,비숍,108,비숍,버번,Scania 1,https://mgf.gg/contents/guild_info.php?g_name=%EB%B2%84%EB%B2%88,2026-09-17T12:46:40.749455+09:00,2026.09.16,338조 8104억 2742만,33881042742,,not confirmed; screenshot filenames 2026-09-16,profile,108,True,,버번,5825388,11342293,False,,,,,,,,,
수련장.xlsx,시트1,131,130,뿌용뿌용,이게제맛,섀도어,5793999,,xlsx,섀도어,108,섀도어,뿌용뿌용,Scania 10,https://mgf.gg/contents/guild_info.php?g_name=%EB%BF%8C%EC%9A%A9%EB%BF%8C%EC%9A%A9,2026-09-17T12:46:41.790394+09:00,2026.09.16,304조 2642억 6364만,30426426364,,not confirmed; screenshot filenames 2026-09-16,profile,108,True,,뿌용뿌용,5793999,8417312,False,,,,,,,,,
수련장.xlsx,시트1,132,131,뿌용뿌용,수빈똥,다크나이트,5770857,,xlsx,다크나이트,110,다크나이트,뿌용뿌용,Scania 10,https://mgf.gg/contents/guild_info.php?g_name=%EB%BF%8C%EC%9A%A9%EB%BF%8C%EC%9A%A9,2026-09-17T12:46:41.790394+09:00,2026.09.16,822조 8530억 5288만,82285305288,,not confirmed; screenshot filenames 2026-09-16,profile,110,True,,뿌용뿌용,5770857,10762604,False,,,,,,,,,
수련장.xlsx,시트1,133,132,인형나라,최영교,히어로,5682726,,xlsx,히어로,112,히어로,인형나라,Scania 25,https://mgf.gg/contents/guild_info.php?g_name=%EC%9D%B8%ED%98%95%EB%82%98%EB%9D%BC,2026-09-17T12:46:42.282987+09:00,2026.09.17,1545조 4241억 7527만,154542417527,,not confirmed; screenshot filenames 2026-09-16,profile,112,True,,인형나라,5682726,13022787,False,,,,,,,,,
수련장.xlsx,시트1,134,133,칠사모,iamai,바이퍼,5649933,,xlsx,바이퍼,105,바이퍼,칠사모,Scania 74,https://mgf.gg/contents/guild_info.php?g_name=%EC%B9%A0%EC%82%AC%EB%AA%A8,2026-09-17T12:46:42.804900+09:00,2026.09.16,65조 3931억 2167만,6539312167,,not confirmed; screenshot filenames 2026-09-16,profile,105,True,,칠사모,5649933,30,False,,,,,,,,,
수련장.xlsx,시트1,135,134,빅딜,퍼퓸,비숍,5643330,,xlsx,비숍,112,비숍,빅딜,Scania 2,https://mgf.gg/contents/guild_info.php?g_name=%EB%B9%85%EB%94%9C,2026-09-17T12:46:41.299979+09:00,2026.09.16,1480조 3201억 3941만,148032013941,,not confirmed; screenshot filenames 2026-09-16,profile,112,True,,빅딜,5643330,13509256,False,,,,,,,,,
수련장.xlsx,시트1,136,135,인형나라,유놈,나이트로드,5604336,,xlsx,나이트로드,112,나이트로드,인형나라,Scania 25,https://mgf.gg/contents/guild_info.php?g_name=%EC%9D%B8%ED%98%95%EB%82%98%EB%9D%BC,2026-09-17T12:46:42.282987+09:00,2026.09.17,2901조 3152억 7649만,290131527649,,not confirmed; screenshot filenames 2026-09-16,profile,112,True,,인형나라,5604336,11866152,False,,,,,,,,,
수련장.xlsx,시트1,137,136,대학원,조선제일히로,섀도어,5522217,,xlsx,섀도어,111,섀도어,대학원,Scania 15,https://mgf.gg/contents/guild_info.php?g_name=%EB%8C%80%ED%95%99%EC%9B%90,2026-09-17T12:46:39.731801+09:00,2026.09.17,864조 3400억 4240만,86434004240,,not confirmed; screenshot filenames 2026-09-16,profile,111,True,,대학원,5522217,9039710,False,,,,,,,,,
수련장.xlsx,시트1,138,137,버번,한굥굥,비숍,5366484,,xlsx,비숍,108,비숍,버번,Scania 1,https://mgf.gg/contents/guild_info.php?g_name=%EB%B2%84%EB%B2%88,2026-09-17T12:46:40.749455+09:00,2026.09.16,158조 6868억 2419만,15868682419,,not confirmed; screenshot filenames 2026-09-16,profile,108,True,,버번,5366484,9526540,False,,,,,,,,,
수련장.xlsx,시트1,139,138,인형나라,니누고,비숍,5328843,,xlsx,비숍,109,비숍,인형나라,Scania 25,https://mgf.gg/contents/guild_info.php?g_name=%EC%9D%B8%ED%98%95%EB%82%98%EB%9D%BC,2026-09-17T12:46:42.282987+09:00,2026.09.17,377조 4506억 6398만,37745066398,,not confirmed; screenshot filenames 2026-09-16,profile,109,True,,인형나라,5328843,11681269,False,,,,,,,,,
수련장.xlsx,시트1,140,139,버번,퍄딤,비숍,5321478,,xlsx,비숍,108,비숍,버번,Scania 1,https://mgf.gg/contents/guild_info.php?g_name=%EB%B2%84%EB%B2%88,2026-09-17T12:46:40.749455+09:00,2026.09.16,328조 9953억 3793만,32899533793,,not confirmed; screenshot filenames 2026-09-16,profile,108,True,,버번,5321478,11265863,False,,,,,,,,,
수련장.xlsx,시트1,141,140,버번,냠늄,아크메이지 - 썬콜,5309817,,xlsx,"아크메이지(썬,콜)",110,"아크메이지(썬,콜)",버번,Scania 1,https://mgf.gg/contents/guild_info.php?g_name=%EB%B2%84%EB%B2%88,2026-09-17T12:46:40.749455+09:00,2026.09.16,914조 4728억 6800만,91447286800,,not confirmed; screenshot filenames 2026-09-16,profile,110,True,,버번,5309817,8477211,False,,,,,,,,,
수련장.xlsx,시트1,142,141,버번,실프,비숍,5160210,,xlsx,비숍,112,비숍,버번,Scania 1,https://mgf.gg/contents/guild_info.php?g_name=%EB%B2%84%EB%B2%88,2026-09-17T12:46:40.749455+09:00,2026.09.16,1036조 7000억 1875만,103670001875,,not confirmed; screenshot filenames 2026-09-16,profile,112,True,,버번,5160210,12446574,False,,,,,,,,,
수련장.xlsx,시트1,143,142,빅딜,팡대지,비숍,5095602,,xlsx,비숍,110,비숍,빅딜,Scania 2,https://mgf.gg/contents/guild_info.php?g_name=%EB%B9%85%EB%94%9C,2026-09-17T12:46:41.299979+09:00,2026.09.16,498조 2303억 4062만,49823034062,,not confirmed; screenshot filenames 2026-09-16,profile,110,True,,빅딜,5095602,12508471,False,,,,,,,,,
수련장.xlsx,시트1,144,143,버번,사랑해제명,팔라딘,5036934,,xlsx,팔라딘,109,팔라딘,버번,Scania 1,https://mgf.gg/contents/guild_info.php?g_name=%EB%B2%84%EB%B2%88,2026-09-17T12:46:40.749455+09:00,2026.09.16,376조 9315억 3362만,37693153362,,not confirmed; screenshot filenames 2026-09-16,profile,109,True,,버번,5036934,9752941,False,,,,,,,,,
수련장.xlsx,시트1,145,144,칠사모,유묘,아크메이지 - 썬콜,5016219,,xlsx,"아크메이지(썬,콜)",104,"아크메이지(썬,콜)",칠사모,Scania 74,https://mgf.gg/contents/guild_info.php?g_name=%EC%B9%A0%EC%82%AC%EB%AA%A8,2026-09-17T12:46:42.804900+09:00,2026.09.16,107조 4011억 1890만,10740111890,,not confirmed; screenshot filenames 2026-09-16,profile,104,True,,칠사모,5016219,6044973,False,,,,,,,,,
수련장.xlsx,시트1,146,145,대학원,모범택시기사,아크메이지 - 썬콜,4995465,,xlsx,"아크메이지(썬,콜)",110,"아크메이지(썬,콜)",대학원,Scania 15,https://mgf.gg/contents/guild_info.php?g_name=%EB%8C%80%ED%95%99%EC%9B%90,2026-09-17T12:46:39.731801+09:00,2026.09.17,490조 811억 5181만,49008115181,,not confirmed; screenshot filenames 2026-09-16,profile,110,True,,대학원,4995465,8814621,False,,,,,,,,,
수련장.xlsx,시트1,147,146,칠사모,주캄,보우마스터,4943085,,xlsx,보우마스터,103,보우마스터,칠사모,Scania 74,https://mgf.gg/contents/guild_info.php?g_name=%EC%B9%A0%EC%82%AC%EB%AA%A8,2026-09-17T12:46:42.804900+09:00,2026.09.16,21조 1130억 4054만,2111304054,,not confirmed; screenshot filenames 2026-09-16,profile,103,True,,칠사모,4943085,4599478,False,,,,,,,,,
수련장.xlsx,시트1,148,147,뿌용뿌용,MELLOO,히어로,4920747,,xlsx,히어로,110,히어로,뿌용뿌용,Scania 10,https://mgf.gg/contents/guild_info.php?g_name=%EB%BF%8C%EC%9A%A9%EB%BF%8C%EC%9A%A9,2026-09-17T12:46:41.790394+09:00,2026.09.16,334조 4416억 2502만,33444162502,,not confirmed; screenshot filenames 2026-09-16,profile,110,True,,뿌용뿌용,4920747,10893371,False,,,,,,,,,
수련장.xlsx,시트1,149,148,빅딜,우후,히어로,4878861,,xlsx,히어로,110,히어로,빅딜,Scania 2,https://mgf.gg/contents/guild_info.php?g_name=%EB%B9%85%EB%94%9C,2026-09-17T12:46:41.299979+09:00,2026.09.16,933조 4008억 6223만,93340086223,,not confirmed; screenshot filenames 2026-09-16,profile,110,True,,빅딜,4878861,11492804,False,,,,,,,,,
수련장.xlsx,시트1,150,149,칠사모,칠믕,비숍,4868922,,xlsx,비숍,103,비숍,칠사모,Scania 74,https://mgf.gg/contents/guild_info.php?g_name=%EC%B9%A0%EC%82%AC%EB%AA%A8,2026-09-17T12:46:42.804900+09:00,2026.09.16,46조 7313억 6666만,4673136666,,not confirmed; screenshot filenames 2026-09-16,profile,103,True,,칠사모,4868922,7023078,False,,,,,,,,,
수련장.xlsx,시트1,151,150,더위사냥,토벤숍이,캡틴,4740102,,xlsx,캡틴,104,캡틴,더위사냥,Scania 50,https://mgf.gg/contents/guild_info.php?g_name=%EB%8D%94%EC%9C%84%EC%82%AC%EB%83%A5,2026-09-17T12:46:40.245119+09:00,2026.09.17,27조 1740억 7207만,2717407207,,not confirmed; screenshot filenames 2026-09-16,profile,104,True,,더위사냥,4740102,25,False,,,,,,,,,
수련장.xlsx,시트1,152,151,버번,달디달고나,비숍,4738095,,xlsx,비숍,107,비숍,버번,Scania 1,https://mgf.gg/contents/guild_info.php?g_name=%EB%B2%84%EB%B2%88,2026-09-17T12:46:40.749455+09:00,2026.09.16,254조 547억 5073만,25405475073,,not confirmed; screenshot filenames 2026-09-16,profile,107,True,,버번,4738095,10566328,False,,,,,,,,,
수련장.xlsx,시트1,153,152,칠사모,비믕,섀도어,4724679,,xlsx,섀도어,105,섀도어,칠사모,Scania 74,https://mgf.gg/contents/guild_info.php?g_name=%EC%B9%A0%EC%82%AC%EB%AA%A8,2026-09-17T12:46:42.804900+09:00,2026.09.16,154조 8378억 8080만,15483788080,,not confirmed; screenshot filenames 2026-09-16,profile,105,True,,칠사모,4724679,7105265,False,,,,,,,,,
수련장.xlsx,시트1,154,153,칠사모,풀뱅,섀도어,4662576,,xlsx,섀도어,105,섀도어,칠사모,Scania 74,https://mgf.gg/contents/guild_info.php?g_name=%EC%B9%A0%EC%82%AC%EB%AA%A8,2026-09-17T12:46:42.804900+09:00,2026.09.16,93조 4003억 6903만,9340036903,,not confirmed; screenshot filenames 2026-09-16,profile,105,True,,칠사모,4662576,6325410,False,,,,,,,,,
수련장.xlsx,시트1,155,154,뿌용뿌용,대항해시대,바이퍼,4552455,,xlsx,바이퍼,109,바이퍼,뿌용뿌용,Scania 10,https://mgf.gg/contents/guild_info.php?g_name=%EB%BF%8C%EC%9A%A9%EB%BF%8C%EC%9A%A9,2026-09-17T12:46:41.790394+09:00,2026.09.16,349조 5115억 2374만,34951152374,,not confirmed; screenshot filenames 2026-09-16,profile,109,True,,뿌용뿌용,4552455,45,False,,,,,,,,,
수련장.xlsx,시트1,156,155,더위사냥,배렛나루왁서,나이트로드,4539717,,xlsx,나이트로드,103,나이트로드,더위사냥,Scania 50,https://mgf.gg/contents/guild_info.php?g_name=%EB%8D%94%EC%9C%84%EC%82%AC%EB%83%A5,2026-09-17T12:46:40.245119+09:00,2026.09.17,16조 4047억 5178만,1640475178,,not confirmed; screenshot filenames 2026-09-16,profile,103,True,,더위사냥,4539717,4153594,False,,,,,,,,,
수련장.xlsx,시트1,157,156,대학원,호박머리베컴,비숍,4516305,,xlsx,비숍,110,비숍,대학원,Scania 15,https://mgf.gg/contents/guild_info.php?g_name=%EB%8C%80%ED%95%99%EC%9B%90,2026-09-17T12:46:39.731801+09:00,2026.09.17,626조 4514억 3867만,62645143867,,not confirmed; screenshot filenames 2026-09-16,profile,110,True,,대학원,4516305,10985531,False,,,,,,,,,
수련장.xlsx,시트1,158,157,더위사냥,돈성,다크나이트,4515867,,xlsx,다크나이트,104,다크나이트,더위사냥,Scania 50,https://mgf.gg/contents/guild_info.php?g_name=%EB%8D%94%EC%9C%84%EC%82%AC%EB%83%A5,2026-09-17T12:46:40.245119+09:00,2026.09.17,26조 6536억 9041만,2665369041,,not confirmed; screenshot filenames 2026-09-16,profile,104,True,,더위사냥,4515867,5706845,False,,,,,,,,,
수련장.xlsx,시트1,159,158,빅딜,대방어조아,나이트로드,4336725,,xlsx,나이트로드,113,나이트로드,빅딜,Scania 2,https://mgf.gg/contents/guild_info.php?g_name=%EB%B9%85%EB%94%9C,2026-09-17T12:46:41.299979+09:00,2026.09.16,3301조 3852억 4361만,330138524361,,not confirmed; screenshot filenames 2026-09-16,profile,113,True,,빅딜,4336725,12278446,False,,,,,,,,,
수련장.xlsx,시트1,160,159,칠사모,슈믕,다크나이트,4313301,,xlsx,다크나이트,102,다크나이트,칠사모,Scania 74,https://mgf.gg/contents/guild_info.php?g_name=%EC%B9%A0%EC%82%AC%EB%AA%A8,2026-09-17T12:46:42.804900+09:00,2026.09.16,18조 4057억 4862만,1840574862,,not confirmed; screenshot filenames 2026-09-16,profile,102,True,,칠사모,4313301,5190326,False,,,,,,,,,
수련장.xlsx,시트1,161,160,버번,더대충,바이퍼,4298967,,xlsx,바이퍼,111,바이퍼,버번,Scania 1,https://mgf.gg/contents/guild_info.php?g_name=%EB%B2%84%EB%B2%88,2026-09-17T12:46:40.749455+09:00,2026.09.16,585조 5982억 7666만,58559827666,,not confirmed; screenshot filenames 2026-09-16,profile,111,True,,버번,4298967,43,False,,,,,,,,,
수련장.xlsx,시트1,162,161,버번,키류,비숍,4278687,,xlsx,비숍,106,비숍,버번,Scania 1,https://mgf.gg/contents/guild_info.php?g_name=%EB%B2%84%EB%B2%88,2026-09-17T12:46:40.749455+09:00,2026.09.16,154조 7796억 7587만,15477967587,,not confirmed; screenshot filenames 2026-09-16,profile,106,True,,버번,4278687,9383958,False,,,,,,,,,
수련장.xlsx,시트1,163,162,빅딜,엘라임,히어로,4202736,,xlsx,히어로,112,히어로,빅딜,Scania 2,https://mgf.gg/contents/guild_info.php?g_name=%EB%B9%85%EB%94%9C,2026-09-17T12:46:41.299979+09:00,2026.09.16,2720조 2809억 9602만,272028099602,,not confirmed; screenshot filenames 2026-09-16,profile,112,True,,빅딜,4202736,14831468,False,,,,,,,,,
수련장.xlsx,시트1,164,163,버번,끼꼬,섀도어,4003539,,xlsx,섀도어,109,섀도어,버번,Scania 1,https://mgf.gg/contents/guild_info.php?g_name=%EB%B2%84%EB%B2%88,2026-09-17T12:46:40.749455+09:00,2026.09.16,572조 1815억 1954만,57218151954,,not confirmed; screenshot filenames 2026-09-16,profile,109,True,,버번,4003539,9778222,False,,,,,,,,,
수련장.xlsx,시트1,165,164,낭쥐,찬믕,비숍,3964614,,xlsx,비숍,,,,,,,,,0,,not confirmed; screenshot filenames 2026-09-16,profile,,False,missing_profile,낭쥐,3964614,,False,,,,,,,,,
수련장.xlsx,시트1,166,165,버번,홍뎐잉,비숍,3891438,,xlsx,비숍,106,비숍,버번,Scania 1,https://mgf.gg/contents/guild_info.php?g_name=%EB%B2%84%EB%B2%88,2026-09-17T12:46:40.749455+09:00,2026.09.16,97조 9081억 3497만,9790813497,,not confirmed; screenshot filenames 2026-09-16,profile,106,True,,버번,3891438,8445788,False,,,,,,,,,
수련장.xlsx,시트1,167,166,버번,환불스토리,섀도어,3809907,,xlsx,섀도어,108,섀도어,버번,Scania 1,https://mgf.gg/contents/guild_info.php?g_name=%EB%B2%84%EB%B2%88,2026-09-17T12:46:40.749455+09:00,2026.09.16,309조 839억 2801만,30908392801,,not confirmed; screenshot filenames 2026-09-16,profile,108,True,,버번,3809907,8447794,False,,,,,,,,,
수련장.xlsx,시트1,168,167,빅딜,꼬북빵야,비숍,3755622,,xlsx,비숍,108,비숍,빅딜,Scania 2,https://mgf.gg/contents/guild_info.php?g_name=%EB%B9%85%EB%94%9C,2026-09-17T12:46:41.299979+09:00,2026.09.16,206조 9922억 631만,20699220631,,not confirmed; screenshot filenames 2026-09-16,profile,108,True,,빅딜,3755622,10126986,False,,,,,,,,,
수련장.xlsx,시트1,169,168,더위사냥,코잉코잉,신궁,3719877,,xlsx,신궁,104,신궁,더위사냥,Scania 50,https://mgf.gg/contents/guild_info.php?g_name=%EB%8D%94%EC%9C%84%EC%82%AC%EB%83%A5,2026-09-17T12:46:40.245119+09:00,2026.09.17,30조 2575억 5509만,3025755509,,not confirmed; screenshot filenames 2026-09-16,profile,104,True,,더위사냥,3719877,5760982,False,,,,,,,,,
수련장.xlsx,시트1,170,169,더위사냥,밀초크코,비숍,3661047,,xlsx,비숍,103,비숍,더위사냥,Scania 50,https://mgf.gg/contents/guild_info.php?g_name=%EB%8D%94%EC%9C%84%EC%82%AC%EB%83%A5,2026-09-17T12:46:40.245119+09:00,2026.09.17,15조 5223억 3070만,1552233070,,not confirmed; screenshot filenames 2026-09-16,profile,103,True,,더위사냥,3661047,5450516,False,,,,,,,,,
수련장.xlsx,시트1,171,170,더위사냥,땡요나퐁,팔라딘,3563019,,xlsx,팔라딘,103,팔라딘,더위사냥,Scania 50,https://mgf.gg/contents/guild_info.php?g_name=%EB%8D%94%EC%9C%84%EC%82%AC%EB%83%A5,2026-09-17T12:46:40.245119+09:00,2026.09.17,11조 8263억 4058만,1182634058,,not confirmed; screenshot filenames 2026-09-16,profile,103,True,,더위사냥,3563019,4276182,False,,,,,,,,,
수련장.xlsx,시트1,172,171,더위사냥,대구남성,비숍,3510321,,xlsx,비숍,106,비숍,더위사냥,Scania 50,https://mgf.gg/contents/guild_info.php?g_name=%EB%8D%94%EC%9C%84%EC%82%AC%EB%83%A5,2026-09-17T12:46:40.245119+09:00,2026.09.17,50조 7725억 6085만,5077256085,,not confirmed; screenshot filenames 2026-09-16,profile,106,True,,더위사냥,3510321,7261838,False,,,,,,,,,
수련장.xlsx,시트1,173,172,뿌용뿌용,정맨정맨,바이퍼,3498693,,xlsx,바이퍼,108,바이퍼,뿌용뿌용,Scania 10,https://mgf.gg/contents/guild_info.php?g_name=%EB%BF%8C%EC%9A%A9%EB%BF%8C%EC%9A%A9,2026-09-17T12:46:41.790394+09:00,2026.09.16,498조 8113억 5069만,49881135069,,not confirmed; screenshot filenames 2026-09-16,profile,108,True,,뿌용뿌용,3498693,49,False,,,,,,,,,
수련장.xlsx,시트1,174,173,더위사냥,킬혁,섀도어,3414057,,xlsx,섀도어,103,섀도어,더위사냥,Scania 50,https://mgf.gg/contents/guild_info.php?g_name=%EB%8D%94%EC%9C%84%EC%82%AC%EB%83%A5,2026-09-17T12:46:40.245119+09:00,2026.09.17,18조 1073억 4033만,1810734033,,not confirmed; screenshot filenames 2026-09-16,profile,103,True,,더위사냥,3414057,4295750,False,,,,,,,,,
수련장.xlsx,시트1,175,174,버번,허숖,비숍,3399753,,xlsx,비숍,103,비숍,버번,Scania 1,https://mgf.gg/contents/guild_info.php?g_name=%EB%B2%84%EB%B2%88,2026-09-17T12:46:40.749455+09:00,2026.09.16,10조 2021억 9078만,1020219078,,not confirmed; screenshot filenames 2026-09-16,profile,103,True,,버번,3399753,4948995,False,,,,,,,,,
수련장.xlsx,시트1,176,175,더위사냥,마키맛키마,아크메이지 - 썬콜,3396378,,xlsx,"아크메이지(썬,콜)",104,"아크메이지(썬,콜)",더위사냥,Scania 50,https://mgf.gg/contents/guild_info.php?g_name=%EB%8D%94%EC%9C%84%EC%82%AC%EB%83%A5,2026-09-17T12:46:40.245119+09:00,2026.09.17,19조 5230억 2961만,1952302961,,not confirmed; screenshot filenames 2026-09-16,profile,104,True,,더위사냥,3396378,4084023,False,,,,,,,,,
수련장.xlsx,시트1,177,176,칠사모,몽치장군,비숍,3294477,,xlsx,비숍,105,비숍,칠사모,Scania 74,https://mgf.gg/contents/guild_info.php?g_name=%EC%B9%A0%EC%82%AC%EB%AA%A8,2026-09-17T12:46:42.804900+09:00,2026.09.16,114조 453억 6145만,11404536145,,not confirmed; screenshot filenames 2026-09-16,profile,105,True,,칠사모,3294477,8706056,False,,,,,,,,,
수련장.xlsx,시트1,178,177,더위사냥,빵신궁,신궁,3185166,,xlsx,신궁,104,신궁,더위사냥,Scania 50,https://mgf.gg/contents/guild_info.php?g_name=%EB%8D%94%EC%9C%84%EC%82%AC%EB%83%A5,2026-09-17T12:46:40.245119+09:00,2026.09.17,23조 2160억 5855만,2321605855,,not confirmed; screenshot filenames 2026-09-16,profile,104,True,,더위사냥,3185166,5420459,False,,,,,,,,,
수련장.xlsx,시트1,179,178,버번,취란,비숍,3131013,,xlsx,비숍,107,비숍,버번,Scania 1,https://mgf.gg/contents/guild_info.php?g_name=%EB%B2%84%EB%B2%88,2026-09-17T12:46:40.749455+09:00,2026.09.16,164조 562억 5981만,16405625981,,not confirmed; screenshot filenames 2026-09-16,profile,107,True,,버번,3131013,9555186,False,,,,,,,,,
수련장.xlsx,시트1,180,179,더위사냥,우루차,비숍,3121587,,xlsx,비숍,103,비숍,더위사냥,Scania 50,https://mgf.gg/contents/guild_info.php?g_name=%EB%8D%94%EC%9C%84%EC%82%AC%EB%83%A5,2026-09-17T12:46:40.245119+09:00,2026.09.17,18조 5247억 5159만,1852475159,,not confirmed; screenshot filenames 2026-09-16,profile,103,True,,더위사냥,3121587,5676761,False,,,,,,,,,
수련장.xlsx,시트1,181,180,-,냥냥쨉쨉,아크메이지 - 썬콜,3080808,,xlsx,"아크메이지(썬,콜)",106,"아크메이지(썬,콜)",뿌용뿌용,Scania 10,https://mgf.gg/ranking/?server=&job=&recent=1&stx=%EB%83%A5%EB%83%A5%EC%A8%89%EC%A8%89,2026-09-17T12:48:04.047482+09:00,09.16,179조 237억 8692만,17902378692,,not confirmed; screenshot filenames 2026-09-16,profile,106,True,,뿌용뿌용,3080808,6863855,False,,,,,,,,,
수련장.xlsx,시트1,182,181,칠사모,츄믕,비숍,3017853,,xlsx,비숍,104,비숍,칠사모,Scania 74,https://mgf.gg/contents/guild_info.php?g_name=%EC%B9%A0%EC%82%AC%EB%AA%A8,2026-09-17T12:46:42.804900+09:00,2026.09.16,36조 3943억 7021만,3639437021,,not confirmed; screenshot filenames 2026-09-16,profile,104,True,,칠사모,3017853,6662749,False,,,,,,,,,
수련장.xlsx,시트1,183,182,더위사냥,경기도인,캡틴,2902602,,xlsx,캡틴,101,캡틴,더위사냥,Scania 50,https://mgf.gg/contents/guild_info.php?g_name=%EB%8D%94%EC%9C%84%EC%82%AC%EB%83%A5,2026-09-17T12:46:40.245119+09:00,2026.09.17,4조 6501억 3861만,465013861,,not confirmed; screenshot filenames 2026-09-16,profile,101,True,,더위사냥,2902602,13,False,,,,,,,,,
수련장.xlsx,시트1,184,183,더위사냥,고통받는갈비,비숍,2856129,,xlsx,비숍,103,비숍,더위사냥,Scania 50,https://mgf.gg/contents/guild_info.php?g_name=%EB%8D%94%EC%9C%84%EC%82%AC%EB%83%A5,2026-09-17T12:46:40.245119+09:00,2026.09.17,18조 1764억 5796만,1817645796,,not confirmed; screenshot filenames 2026-09-16,profile,103,True,,더위사냥,2856129,5652033,False,,,,,,,,,
수련장.xlsx,시트1,185,184,버번,소동,비숍,2766849,,xlsx,비숍,107,비숍,버번,Scania 1,https://mgf.gg/contents/guild_info.php?g_name=%EB%B2%84%EB%B2%88,2026-09-17T12:46:40.749455+09:00,2026.09.16,182조 7933억 3441만,18279333441,,not confirmed; screenshot filenames 2026-09-16,profile,107,True,,버번,2766849,9795840,False,,,,,,,,,
수련장.xlsx,시트1,186,185,더위사냥,낭랑28세,신궁,2708592,,xlsx,신궁,104,신궁,더위사냥,Scania 50,https://mgf.gg/contents/guild_info.php?g_name=%EB%8D%94%EC%9C%84%EC%82%AC%EB%83%A5,2026-09-17T12:46:40.245119+09:00,2026.09.17,25조 7650억 65만,2576500065,,not confirmed; screenshot filenames 2026-09-16,profile,104,True,,더위사냥,2708592,5551900,False,,,,,,,,,
수련장.xlsx,시트1,187,186,더위사냥,섹밍,섀도어,2584761,,xlsx,섀도어,108,섀도어,더위사냥,Scania 50,https://mgf.gg/contents/guild_info.php?g_name=%EB%8D%94%EC%9C%84%EC%82%AC%EB%83%A5,2026-09-17T12:46:40.245119+09:00,2026.09.17,165조 7360억 4035만,16573604035,,not confirmed; screenshot filenames 2026-09-16,profile,108,True,,더위사냥,2584761,7319672,False,,,,,,,,,
수련장.xlsx,시트1,188,187,더위사냥,밍키비키,다크나이트,2383296,,xlsx,다크나이트,102,다크나이트,더위사냥,Scania 50,https://mgf.gg/contents/guild_info.php?g_name=%EB%8D%94%EC%9C%84%EC%82%AC%EB%83%A5,2026-09-17T12:46:40.245119+09:00,2026.09.17,5조 2933억 6128만,529336128,,not confirmed; screenshot filenames 2026-09-16,profile,102,True,,더위사냥,2383296,3896849,False,,,,,,,,,
수련장.xlsx,시트1,189,188,더위사냥,씅놈,히어로,2270172,,xlsx,히어로,103,히어로,더위사냥,Scania 50,https://mgf.gg/contents/guild_info.php?g_name=%EB%8D%94%EC%9C%84%EC%82%AC%EB%83%A5,2026-09-17T12:46:40.245119+09:00,2026.09.17,21조 4758억 2277만,2147582277,,not confirmed; screenshot filenames 2026-09-16,profile,103,True,,더위사냥,2270172,5605823,False,,,,,,,,,
수련장.xlsx,시트1,190,189,더위사냥,오스띤,섀도어,2237964,,xlsx,섀도어,104,섀도어,더위사냥,Scania 50,https://mgf.gg/contents/guild_info.php?g_name=%EB%8D%94%EC%9C%84%EC%82%AC%EB%83%A5,2026-09-17T12:46:40.245119+09:00,2026.09.17,17조 8613억 8872만,1786138872,,not confirmed; screenshot filenames 2026-09-16,profile,104,True,,더위사냥,2237964,4302997,False,,,,,,,,,
수련장.xlsx,시트1,191,190,더위사냥,문보겨엉,바이퍼,2125620,,xlsx,바이퍼,102,바이퍼,더위사냥,Scania 50,https://mgf.gg/contents/guild_info.php?g_name=%EB%8D%94%EC%9C%84%EC%82%AC%EB%83%A5,2026-09-17T12:46:40.245119+09:00,2026.09.17,13조 3648억 3929만,1336483929,,not confirmed; screenshot filenames 2026-09-16,profile,102,True,,더위사냥,2125620,21,False,,,,,,,,,
수련장.xlsx,시트1,192,191,더위사냥,포디케이,바이퍼,2099481,,xlsx,바이퍼,101,바이퍼,더위사냥,Scania 50,https://mgf.gg/contents/guild_info.php?g_name=%EB%8D%94%EC%9C%84%EC%82%AC%EB%83%A5,2026-09-17T12:46:40.245119+09:00,2026.09.17,5조 3821억 2675만,538212675,,not confirmed; screenshot filenames 2026-09-16,profile,101,True,,더위사냥,2099481,17,False,,,,,,,,,
수련장.xlsx,시트1,193,192,더위사냥,즈나니,캡틴,2095689,,xlsx,캡틴,99,캡틴,더위사냥,Scania 50,https://mgf.gg/contents/guild_info.php?g_name=%EB%8D%94%EC%9C%84%EC%82%AC%EB%83%A5,2026-09-17T12:46:40.245119+09:00,2026.09.17,2조 4831억 2314만,248312314,,not confirmed; screenshot filenames 2026-09-16,profile,99,True,,더위사냥,2095689,11,False,,,,,,,,,
수련장.xlsx,시트1,194,193,더위사냥,뭐하는게임,히어로,1860063,,xlsx,히어로,104,히어로,더위사냥,Scania 50,https://mgf.gg/contents/guild_info.php?g_name=%EB%8D%94%EC%9C%84%EC%82%AC%EB%83%A5,2026-09-17T12:46:40.245119+09:00,2026.09.17,24조 5009억 2475만,2450092475,,not confirmed; screenshot filenames 2026-09-16,profile,104,True,,더위사냥,1860063,5806319,False,,,,,,,,,
수련장.xlsx,시트1,195,194,버번,해졍,팔라딘,1734744,,xlsx,팔라딘,106,팔라딘,버번,Scania 1,https://mgf.gg/contents/guild_info.php?g_name=%EB%B2%84%EB%B2%88,2026-09-17T12:46:40.749455+09:00,2026.09.16,99조 3957억 784만,9939570784,,not confirmed; screenshot filenames 2026-09-16,profile,106,True,,버번,1734744,7078308,False,,,,,,,,,
수련장.xlsx,시트1,196,195,버번,꾸륭,섀도어,1108083,,xlsx,섀도어,104,섀도어,버번,Scania 1,https://mgf.gg/contents/guild_info.php?g_name=%EB%B2%84%EB%B2%88,2026-09-17T12:46:40.749455+09:00,2026.09.16,101조 3493억 7112만,10134937112,,not confirmed; screenshot filenames 2026-09-16,profile,104,True,,버번,1108083,6414597,False,,,,,,,,,
스크린샷 2026-09-16 213923.png,,1,1,냐락,냐락쿵,비숍,92229387,128,image,비숍,128,비숍,냐락,Scania 26,https://mgf.gg/ranking/?server=&job=&recent=1&stx=%EB%83%90%EB%9D%BD%EC%BF%B5,2026-09-17T12:46:49.937431+09:00,09.17,2271경 458조 6414억 4082만,2271045864144082,,not confirmed; screenshot filenames 2026-09-16,sample,128,True,,냐락,92229387,132549334,False,,Scania 26,※ 9222만 9387,Vision OCR; numeric and level fields visually checked against source,global_ranking,,,,
스크린샷 2026-09-16 213923.png,,2,2,마라,라엘스,비숍,86813874,127,image,비숍,127,비숍,마라,Scania 19,https://mgf.gg/ranking/?server=&job=&recent=1&stx=%EB%83%90%EB%9D%BD%EC%BF%B5,2026-09-17T12:46:49.937431+09:00,09.17,950경 9252조 8791억 6669만,950925287916669,,not confirmed; screenshot filenames 2026-09-16,sample,127,True,,마라,86813874,108072734,False,,Scania 19,※ 8681만 3874,Vision OCR; numeric and level fields visually checked against source,global_ranking,,,,
스크린샷 2026-09-16 213923.png,,3,3,싸이월드,김힐붕,비숍,84053565,127,image,비숍,127,비숍,싸이월드,Scania 11,https://mgf.gg/ranking/?server=&job=&recent=1&stx=%EB%83%90%EB%9D%BD%EC%BF%B5,2026-09-17T12:46:49.937431+09:00,09.16,856경 7709조 4380억 2170만,856770943802170,,not confirmed; screenshot filenames 2026-09-16,sample,127,True,,싸이월드,84053565,105511878,False,,Scania 11,※8405만 3565,Vision OCR; numeric and level fields visually checked against source,global_ranking,,,,
스크린샷 2026-09-16 213923.png,,4,4,시도,현쑤우우,히어로,81434244,131,image,히어로,131,히어로,시도,Scania 29,https://mgf.gg/ranking/?server=&job=&recent=1&stx=%EB%83%90%EB%9D%BD%EC%BF%B5,2026-09-17T12:46:49.937431+09:00,09.17,1해 7924경 8799조 1484억 8442만,7924879914848442,,not confirmed; screenshot filenames 2026-09-16,sample,131,True,,시도,81434244,170615280,False,,Scania 29,※ 8143만 4244,Vision OCR; numeric and level fields visually checked against source,global_ranking,,,,
스크린샷 2026-09-16 213923.png,,5,5,비글,팔꾸미,팔라딘,76600008,129,image,팔라딘,129,팔라딘,비글,Scania 19,https://mgf.gg/ranking/?server=&job=&recent=1&stx=%EB%83%90%EB%9D%BD%EC%BF%B5,2026-09-17T12:46:49.937431+09:00,09.17,4295경 5324조 3954억 7442만,4295532439547442,,not confirmed; screenshot filenames 2026-09-16,sample,129,True,,비글,76600008,128680400,False,,Scania 19,※ 7660만 8,Vision OCR; numeric and level fields visually checked against source,global_ranking,,,,
스크린샷 2026-09-16 214341.png,,6,6,지존,지존콩떡,비숍,76459248,127,image,비숍,127,비숍,지존,Scania 1,https://mgf.gg/ranking/?server=&job=&recent=1&stx=%EC%A7%80%EC%A1%B4%EC%BD%A9%EB%96%A1,2026-09-17T12:46:50.537011+09:00,09.16,554경 1269조 9782억 6534만,554126997826534,,not confirmed; screenshot filenames 2026-09-16,sample,127,True,,지존,76459248,95449269,False,,Scania 1,※7645만 9248,Vision OCR; numeric and level fields visually checked against source,global_ranking,,,,
스크린샷 2026-09-16 214341.png,,7,7,반짝,호얭,비숍,75482058,126,image,비숍,126,비숍,반짝,Scania 4,https://mgf.gg/ranking/?server=&job=&recent=1&stx=%EB%83%90%EB%9D%BD%EC%BF%B5,2026-09-17T12:46:49.937431+09:00,09.16,665경 9018조 9161억 1046만,665901891611046,,not confirmed; screenshot filenames 2026-09-16,sample,126,True,,반짝,75482058,99176833,False,,Scania 4,※7548만 2058,Vision OCR; numeric and level fields visually checked against source,global_ranking,,,,
스크린샷 2026-09-16 214341.png,,8,8,CRES,라리c,비숍,74742990,126,image,비숍,126,비숍,CRES,Scania 45,https://mgf.gg/ranking/?server=&job=&recent=1&stx=%EC%A7%80%EC%A1%B4%EC%BD%A9%EB%96%A1,2026-09-17T12:46:50.537011+09:00,09.17,498경 653조 6132억 2499만,498065361322499,,not confirmed; screenshot filenames 2026-09-16,sample,126,True,,CRES,74742990,92768757,False,,Scania 45,※ 7474만 2990,Vision OCR; numeric and level fields visually checked against source,global_ranking,,,,
스크린샷 2026-09-16 214341.png,,9,9,귀여미,금은동S2,비숍,74089506,125,image,비숍,125,비숍,귀여미,Scania 34,https://mgf.gg/ranking/?server=&job=&recent=1&stx=%EC%A7%80%EC%A1%B4%EC%BD%A9%EB%96%A1,2026-09-17T12:46:50.537011+09:00,09.17,356경 2227조 6378억 1650만,356222763781650,,not confirmed; screenshot filenames 2026-09-16,sample,125,True,,귀여미,74089506,85544402,False,,Scania 34,※7408만 9506,Vision OCR; numeric and level fields visually checked against source,global_ranking,,,,
스크린샷 2026-09-16 214341.png,,10,10,이콩,리이이,비숍,72168666,129,image,비숍,129,비숍,이콩,Scania 28,https://mgf.gg/ranking/?server=&job=&recent=1&stx=%EB%83%90%EB%9D%BD%EC%BF%B5,2026-09-17T12:46:49.937431+09:00,09.17,4199경 3745조 9926억 6994만,4199374599266994,,not confirmed; screenshot filenames 2026-09-16,sample,129,True,,이콩,72168666,153273800,False,,Scania 28,※7216만 8666,Vision OCR; numeric and level fields visually checked against source,global_ranking,,,,
스크린샷 2026-09-16 214347.png,,11,11,팡야,빵터짐,비숍,70919187,126,image,비숍,126,비숍,팡야,Scania 27,https://mgf.gg/ranking/?server=&job=&recent=1&stx=%EC%A7%80%EC%A1%B4%EC%BD%A9%EB%96%A1,2026-09-17T12:46:50.537011+09:00,09.17,293경 9927조 1213억 7321만,293992712137321,,not confirmed; screenshot filenames 2026-09-16,sample,126,True,,팡야,70919187,82175677,False,,Scania 27,※7091만 9187,Vision OCR; numeric and level fields visually checked against source,global_ranking,,,,
스크린샷 2026-09-16 214347.png,,12,12,팡야,깡퐈,비숍,69514992,127,image,비숍,127,비숍,팡야,Scania 27,https://mgf.gg/ranking/?server=&job=&recent=1&stx=%EB%83%90%EB%9D%BD%EC%BF%B5,2026-09-17T12:46:49.937431+09:00,09.17,600경 6063조 5500억 4135만,600606355004135,,not confirmed; screenshot filenames 2026-09-16,sample,127,True,,팡야,69514992,97233999,False,,Scania 27,※6951만 4992,Vision OCR; numeric and level fields visually checked against source,global_ranking,,,,
스크린샷 2026-09-16 214347.png,,13,13,설묘,캐일리,비숍,69144843,124,image,비숍,124,비숍,설묘,Scania 25,https://mgf.gg/ranking/?server=&job=&recent=1&stx=%EC%BA%90%EC%9D%BC%EB%A6%AC,2026-09-17T12:46:51.152225+09:00,09.17,151경 4255조 1930억 2176만,151425519302176,,not confirmed; screenshot filenames 2026-09-16,sample,124,True,,설묘,69144843,69983754,False,,Scania 25,※6914만 4843,Vision OCR; numeric and level fields visually checked against source,global_ranking,,,,
스크린샷 2026-09-16 214347.png,,14,14,친구들,군보,비숍,67532292,125,image,비숍,125,비숍,친구들,Scania 11,https://mgf.gg/ranking/?server=&job=&recent=1&stx=%EA%B5%B0%EB%B3%B4,2026-09-17T12:46:51.753527+09:00,09.16,187경 9675조 2023억 4759만,187967520234759,,not confirmed; screenshot filenames 2026-09-16,sample,125,True,,친구들,67532292,73847307,False,,Scania 11,※6753만 2292,Vision OCR; numeric and level fields visually checked against source,global_ranking,,,,
스크린샷 2026-09-16 214347.png,,15,15,지존,지존말랑,비숍,66197919,126,image,비숍,126,비숍,지존,Scania 1,https://mgf.gg/ranking/?server=&job=&recent=1&stx=%EB%83%90%EB%9D%BD%EC%BF%B5,2026-09-17T12:46:49.937431+09:00,09.16,639경 7893조 1565억 9284만,639789315659284,,not confirmed; screenshot filenames 2026-09-16,sample,126,True,,지존,66197919,98268513,False,,Scania 1,※6619만 7919,Vision OCR; numeric and level fields visually checked against source,global_ranking,,,,
스크린샷 2026-09-16 214353.png,,16,16,팡야,봉합안터짐,나이트로드,65376021,126,image,나이트로드,126,나이트로드,팡야,Scania 27,https://mgf.gg/ranking/?server=&job=&recent=1&stx=%EB%83%90%EB%9D%BD%EC%BF%B5,2026-09-17T12:46:49.937431+09:00,09.17,655경 9474조 1117억 5050만,655947411175050,,not confirmed; screenshot filenames 2026-09-16,sample,126,True,,팡야,65376021,74365105,False,,Scania 27,※ 6537만 6021,Vision OCR; numeric and level fields visually checked against source,global_ranking,,,,
스크린샷 2026-09-16 214353.png,,17,17,화조,앙삐쭈,히어로,65322663,127,image,히어로,127,히어로,화조,Scania 26,https://mgf.gg/ranking/?server=&job=&recent=1&stx=%EB%83%90%EB%9D%BD%EC%BF%B5,2026-09-17T12:46:49.937431+09:00,09.17,1006경 9745조 4266억 9750만,1006974542669750,,not confirmed; screenshot filenames 2026-09-16,sample,127,True,,화조,65322663,104522568,False,,Scania 26,※ 6532만 2663,Vision OCR; numeric and level fields visually checked against source,global_ranking,,,,
스크린샷 2026-09-16 214353.png,,18,18,유희,넬자몽,비숍,65151552,125,image,비숍,125,비숍,유희,Scania 6,https://mgf.gg/ranking/?server=&job=&recent=1&stx=%EA%B5%B0%EB%B3%B4,2026-09-17T12:46:51.753527+09:00,09.16,217경 9649조 2009억 6360만,217964920096360,,not confirmed; screenshot filenames 2026-09-16,sample,125,True,,유희,65151552,76405484,False,,Scania 6,※ 6515만 1552,Vision OCR; numeric and level fields visually checked against source,global_ranking,,,,
스크린샷 2026-09-16 214353.png,,19,19,이콩,졔이이,팔라딘,64135713,125,image,팔라딘,125,팔라딘,이콩,Scania 28,https://mgf.gg/ranking/?server=&job=&recent=1&stx=%EC%A7%80%EC%A1%B4%EC%BD%A9%EB%96%A1,2026-09-17T12:46:50.537011+09:00,09.17,468경 9912조 9009억 1998만,468991290091998,,not confirmed; screenshot filenames 2026-09-16,sample,125,True,,이콩,64135713,76110845,False,,Scania 28,※6413만 5713,Vision OCR; numeric and level fields visually checked against source,global_ranking,,,,
스크린샷 2026-09-16 214353.png,,20,20,블링블리,키스미달링,비숍,61173768,123,image,비숍,123,비숍,블링블리,Scania 27,https://mgf.gg/ranking/?server=&job=&recent=1&stx=%ED%82%A4%EC%8A%A4%EB%AF%B8%EB%8B%AC%EB%A7%81,2026-09-17T12:46:52.348128+09:00,09.17,54경 8107조 1233억 6819만,54810712336819,,not confirmed; screenshot filenames 2026-09-16,sample,123,True,,블링블리,61173768,55173713,False,,Scania 27,※6117만 3768,Vision OCR; numeric and level fields visually checked against source,global_ranking,,,,
스크린샷 2026-09-16 214401.png,,21,21,유설,그루핑,팔라딘,60372645,128,image,팔라딘,128,팔라딘,유설,Scania 18,https://mgf.gg/ranking/?server=&job=&recent=1&stx=%EB%83%90%EB%9D%BD%EC%BF%B5,2026-09-17T12:46:49.937431+09:00,09.17,2114경 2551조 9977억 6405만,2114255199776405,,not confirmed; screenshot filenames 2026-09-16,sample,128,True,,유설,60372645,108896726,False,,Scania 18,※ 6037만 2645,Vision OCR; numeric and level fields visually checked against source,global_ranking,,,,
스크린샷 2026-09-16 214401.png,,22,22,총군,우쥬얌,보우마스터,59717898,124,image,보우마스터,124,보우마스터,총군,Scania 27,https://mgf.gg/ranking/?server=&job=&recent=1&stx=%EC%9A%B0%EC%A5%AC%EC%96%8C,2026-09-17T12:46:52.952049+09:00,09.17,85경 5503조 6076억 2039만,85550360762039,,not confirmed; screenshot filenames 2026-09-16,sample,124,True,,총군,59717898,48251058,False,,Scania 27,※ 5971만 7898,Vision OCR; numeric and level fields visually checked against source,global_ranking,,,,
스크린샷 2026-09-16 214401.png,,23,23,몰랑,최강다저스,비숍,59209173,122,image,비숍,122,비숍,몰랑,Scania 21,https://mgf.gg/ranking/?server=&job=&recent=1&stx=%EC%B5%9C%EA%B0%95%EB%8B%A4%EC%A0%80%EC%8A%A4,2026-09-17T12:46:53.541295+09:00,09.17,40경 5150조 2095억 1128만,40515020951128,,not confirmed; screenshot filenames 2026-09-16,sample,122,True,,몰랑,59209173,51259246,False,,Scania 21,※5920만 9173,Vision OCR; numeric and level fields visually checked against source,global_ranking,,,,
스크린샷 2026-09-16 214401.png,,24,24,팡야,개터짐,비숍,58852404,125,image,비숍,125,비숍,팡야,Scania 27,https://mgf.gg/ranking/?server=&job=&recent=1&stx=%EC%BA%90%EC%9D%BC%EB%A6%AC,2026-09-17T12:46:51.152225+09:00,09.17,134경 8598조 3510억 9626만,134859835109626,,not confirmed; screenshot filenames 2026-09-16,sample,125,True,,팡야,58852404,68417723,False,,Scania 27,※5885만 2404,Vision OCR; numeric and level fields visually checked against source,global_ranking,,,,
스크린샷 2026-09-16 214401.png,,25,25,반짝,살치안창토시,비숍,58386780,125,image,비숍,125,비숍,반짝,Scania 4,https://mgf.gg/ranking/?server=&job=&recent=1&stx=%EC%A7%80%EC%A1%B4%EC%BD%A9%EB%96%A1,2026-09-17T12:46:50.537011+09:00,09.16,313경 2524조 8428억 516만,313252484280516,,not confirmed; screenshot filenames 2026-09-16,sample,125,True,,반짝,58386780,83052241,False,,Scania 4,※ 5838만 6780,Vision OCR; numeric and level fields visually checked against source,global_ranking,,,,
스크린샷 2026-09-16 214407.png,,26,26,화조,뚠학,비숍,58329111,122,image,비숍,122,비숍,화조,Scania 26,https://mgf.gg/ranking/?server=&job=&recent=1&stx=%ED%82%A4%EC%8A%A4%EB%AF%B8%EB%8B%AC%EB%A7%81,2026-09-17T12:46:52.348128+09:00,09.17,55경 5506조 4967억 8416만,55550649678416,,not confirmed; screenshot filenames 2026-09-16,sample,122,True,,화조,58329111,55118707,False,,Scania 26,※ 5832만 9111,Vision OCR; numeric and level fields visually checked against source,global_ranking,,,,
스크린샷 2026-09-16 214407.png,,27,27,설묘,설묘묘,비숍,57868959,122,image,비숍,122,비숍,설묘,Scania 25,https://mgf.gg/ranking/?server=&job=&recent=1&stx=%EC%B5%9C%EA%B0%95%EB%8B%A4%EC%A0%80%EC%8A%A4,2026-09-17T12:46:53.541295+09:00,09.17,39경 863조 8820억 7662만,39086388207662,,not confirmed; screenshot filenames 2026-09-16,sample,122,True,,설묘,57868959,50837759,False,,Scania 25,※ 5786만 8959,Vision OCR; numeric and level fields visually checked against source,global_ranking,,,,
스크린샷 2026-09-16 214407.png,,28,28,반짝,아몬드롱롱,"아크메이지(불,독)",57423912,122,image,"아크메이지(불,독)",122,"아크메이지(불,독)",반짝,Scania 4,https://mgf.gg/ranking/?server=&job=&recent=1&stx=%EC%95%84%EB%AA%AC%EB%93%9C%EB%A1%B1%EB%A1%B1,2026-09-17T12:46:54.149203+09:00,09.16,22경 5371조 433억 3546만,22537104333546,,not confirmed; screenshot filenames 2026-09-16,sample,122,True,,반짝,57423912,39367481,False,,Scania 4,※ 5742만 3912,Vision OCR; numeric and level fields visually checked against source,global_ranking,,,,
스크린샷 2026-09-16 214407.png,,29,29,샴페인,미르몽,비숍,57081966,125,image,비숍,125,비숍,샴페인,Scania 43,https://mgf.gg/ranking/?server=&job=&recent=1&stx=%EC%A7%80%EC%A1%B4%EC%BD%A9%EB%96%A1,2026-09-17T12:46:50.537011+09:00,09.17,250경 216조 4247억 2470만,250021642472470,,not confirmed; screenshot filenames 2026-09-16,sample,125,True,,샴페인,57081966,78855223,False,,Scania 43,※ 5708만 1966,Vision OCR; numeric and level fields visually checked against source,global_ranking,,,,
스크린샷 2026-09-16 214407.png,,30,30,시도,오픈빌더,비숍,57081765,122,image,비숍,122,비숍,시도,Scania 29,https://mgf.gg/ranking/?server=&job=&recent=1&stx=%EC%98%A4%ED%94%88%EB%B9%8C%EB%8D%94,2026-09-17T12:46:54.747305+09:00,09.17,71경 142조 7008억 9626만,71014270089626,,not confirmed; screenshot filenames 2026-09-16,sample,122,True,,시도,57081765,58321679,False,,Scania 29,※ 5708만 1765,Vision OCR; numeric and level fields visually checked against source,global_ranking,,,,
스크린샷 2026-09-16 214418.png,,31,31,초하,뎡밍,비숍,56926566,122,image,비숍,122,비숍,초하,Scania 10,https://mgf.gg/ranking/?server=&job=&recent=1&stx=%EC%9A%B0%EC%A5%AC%EC%96%8C,2026-09-17T12:46:52.952049+09:00,09.16,89경 638조 5422억 3867만,89063854223867,,not confirmed; screenshot filenames 2026-09-16,sample,122,True,,초하,56926566,61440093,False,,Scania 10,※5692만 6566,Vision OCR; numeric and level fields visually checked against source,global_ranking,,,,
스크린샷 2026-09-16 214418.png,,32,32,호러,난풍,캡틴,56643360,124,image,캡틴,124,캡틴,호러,Scania 10,https://mgf.gg/ranking/?server=&job=&recent=1&stx=%EB%82%9C%ED%92%8D,2026-09-17T12:46:55.341676+09:00,09.16,110경 9584조 8295억 323만,110958482950323,,not confirmed; screenshot filenames 2026-09-16,sample,124,True,,호러,56643360,257,False,,Scania 10,※5664만 3360,Vision OCR; numeric and level fields visually checked against source,global_ranking,,,,
스크린샷 2026-09-16 214418.png,,33,33,LUXURY,럭키송지오,비숍,56610018,123,image,비숍,123,비숍,LUXURY,Scania 16,https://mgf.gg/ranking/?server=&job=&recent=1&stx=%EC%98%A4%ED%94%88%EB%B9%8C%EB%8D%94,2026-09-17T12:46:54.747305+09:00,09.17,60경 6500조 950억 4628만,60650009504628,,not confirmed; screenshot filenames 2026-09-16,sample,123,True,,LUXURY,56610018,56473443,False,,Scania 16,※ 5661만 18,Vision OCR; numeric and level fields visually checked against source,global_ranking,,,,
스크린샷 2026-09-16 214418.png,,34,34,히안,빠Ol,바이퍼,56560236,124,image,바이퍼,124,바이퍼,히안,Scania 12,https://mgf.gg/contents/guild_info.php?g_name=%ED%9E%88%EC%95%88,2026-09-17T12:48:25.018079+09:00,2026.09.16,226경 1030조 8649억 1562만,226103086491562,,not confirmed; screenshot filenames 2026-09-16,sample,124,True,,히안,56560236,303,False,,Scania 12,※5656만 236,Vision OCR; numeric and level fields visually checked against source,global_ranking,,,,
스크린샷 2026-09-16 214418.png,,35,35,Play,꿀잠잉,비숍,56258523,121,image,비숍,121,비숍,Play,Scania 3,https://mgf.gg/ranking/?server=&job=&recent=1&stx=%EA%BF%80%EC%9E%A0%EC%9E%89,2026-09-17T12:46:56.645068+09:00,09.16,49경 4069조 735억 1507만,49406907351507,,not confirmed; screenshot filenames 2026-09-16,sample,121,True,,Play,56258523,53432372,False,,Scania 3,※ 5625만 8523,Vision OCR; numeric and level fields visually checked against source,global_ranking,,,,
스크린샷 2026-09-16 214428.png,,36,36,설묘,해물만두야,보우마스터,56191527,123,image,보우마스터,124,보우마스터,설묘,Scania 25,https://mgf.gg/ranking/?server=&job=&recent=1&stx=%EA%B5%B0%EB%B3%B4,2026-09-17T12:46:51.753527+09:00,09.17,231경 7865조 5718억 420만,231786557180420,,not confirmed; screenshot filenames 2026-09-16,sample,123,True,,설묘,56191527,60437686,False,,Scania 25,※ 5619만 1527,Vision OCR; numeric and level fields visually checked against source,global_ranking,,,,
스크린샷 2026-09-16 214428.png,,37,37,찬찬푸줏간,한우채끝,비숍,55917111,121,image,비숍,121,비숍,찬찬푸줏간,Scania 15,https://mgf.gg/ranking/?server=&job=&recent=1&stx=%ED%95%9C%EC%9A%B0%EC%B1%84%EB%81%9D,2026-09-17T12:46:57.234284+09:00,09.17,19경 4794조 2136억 4936만,19479421364936,,not confirmed; screenshot filenames 2026-09-16,sample,121,True,,찬찬푸줏간,55917111,43135594,False,,Scania 15,※5591만 7111,Vision OCR; numeric and level fields visually checked against source,global_ranking,,,,
스크린샷 2026-09-16 214428.png,,38,38,유니크,낌완두,비숍,55878579,123,image,비숍,123,비숍,유니크,Scania 1,https://mgf.gg/ranking/?server=&job=&recent=1&stx=%EC%BA%90%EC%9D%BC%EB%A6%AC,2026-09-17T12:46:51.152225+09:00,09.16,128경 9404조 2340억 6164만,128940423406164,,not confirmed; screenshot filenames 2026-09-16,sample,123,True,,유니크,55878579,67171130,False,,Scania 1,※ 5587만 8579,Vision OCR; numeric and level fields visually checked against source,global_ranking,,,,
스크린샷 2026-09-16 214428.png,,39,39,브리또,카오라,비숍,55809030,124,image,비숍,124,비숍,브리또,Scania 33,https://mgf.gg/ranking/?server=&job=&recent=1&stx=%EC%9A%B0%EC%A5%AC%EC%96%8C,2026-09-17T12:46:52.952049+09:00,09.17,74경 5621조 8244억 2992만,74562182442992,,not confirmed; screenshot filenames 2026-09-16,sample,124,True,,브리또,55809030,59460797,False,,Scania 33,※5580만 9030,Vision OCR; numeric and level fields visually checked against source,global_ranking,,,,
스크린샷 2026-09-16 214428.png,,40,40,냐락,냐락메키섭종,비숍,55800819,124,image,비숍,124,비숍,냐락,Scania 26,https://mgf.gg/ranking/?server=&job=&recent=1&stx=%EA%B5%B0%EB%B3%B4,2026-09-17T12:46:51.753527+09:00,09.17,217경 7391조 2501억 8030만,217739125018030,,not confirmed; screenshot filenames 2026-09-16,sample,124,True,,냐락,55800819,76081110,False,,Scania 26,X5580만 819,Vision OCR; numeric and level fields visually checked against source,global_ranking,,,,
스크린샷 2026-09-16 214433.png,,41,41,item,슨녀,비숍,55520592,123,image,비숍,123,비숍,item,Scania 34,https://mgf.gg/ranking/?server=&job=&recent=1&stx=%EC%98%A4%ED%94%88%EB%B9%8C%EB%8D%94,2026-09-17T12:46:54.747305+09:00,09.17,66경 2033조 3529억 6349만,66203335296349,,not confirmed; screenshot filenames 2026-09-16,sample,123,True,,item,55520592,57622956,False,,Scania 34,※ 5552만 592,Vision OCR; numeric and level fields visually checked against source,global_ranking,,,,
스크린샷 2026-09-16 214433.png,,42,42,딸기키우기,깜찍요정,비숍,55510107,122,image,비숍,122,비숍,딸기키우기,Scania 28,https://mgf.gg/ranking/?server=&job=&recent=1&stx=%ED%95%9C%EC%9A%B0%EC%B1%84%EB%81%9D,2026-09-17T12:46:57.234284+09:00,09.17,19경 1552조 5453억 2470만,19155254532470,,not confirmed; screenshot filenames 2026-09-16,sample,122,True,,딸기키우기,55510107,43146617,False,,Scania 28,※ 5551만 107,Vision OCR; numeric and level fields visually checked against source,global_ranking,,,,
스크린샷 2026-09-16 214433.png,,43,43,셀린느,돈스,비숍,55448460,124,image,비숍,124,비숍,셀린느,Scania 2,https://mgf.gg/ranking/?server=&job=&recent=1&stx=%ED%82%A4%EC%8A%A4%EB%AF%B8%EB%8B%AC%EB%A7%81,2026-09-17T12:46:52.348128+09:00,09.16,56경 7588조 8796억 205만,56758887960205,,not confirmed; screenshot filenames 2026-09-16,sample,124,True,,셀린느,55448460,55844350,False,,Scania 2,※5544만 8460,Vision OCR; numeric and level fields visually checked against source,global_ranking,,,,
스크린샷 2026-09-16 214433.png,,44,44,이콩,도박쨩2,비숍,55388829,121,image,비숍,121,비숍,이콩,Scania 28,https://mgf.gg/ranking/?server=&job=&recent=1&stx=%EB%8F%84%EB%B0%95%EC%A8%A92,2026-09-17T12:46:57.838225+09:00,09.17,31경 8660조 4959억 1067만,31866049591067,,not confirmed; screenshot filenames 2026-09-16,sample,121,True,,이콩,55388829,48305745,False,,Scania 28,※ 5538만 8829,Vision OCR; numeric and level fields visually checked against source,global_ranking,,,,
스크린샷 2026-09-16 214433.png,,45,45,HERMES,적금묶인린풍,비숍,54825819,124,image,비숍,124,비숍,HERMES,Scania 3,https://mgf.gg/ranking/?server=&job=&recent=1&stx=%EC%BA%90%EC%9D%BC%EB%A6%AC,2026-09-17T12:46:51.152225+09:00,09.16,135경 2050조 5986억 3146만,135205059863146,,not confirmed; screenshot filenames 2026-09-16,sample,124,True,,HERMES,54825819,68183584,False,,Scania 3,※5482만 5819,Vision OCR; numeric and level fields visually checked against source,global_ranking,,,,
스크린샷 2026-09-16 214440.png,,46,46,화조,프란님,비숍,54522723,120,image,비숍,120,비숍,화조,Scania 26,https://mgf.gg/ranking/?server=&job=&recent=1&stx=%ED%94%84%EB%9E%80%EB%8B%98,2026-09-17T12:46:58.437148+09:00,09.17,6경 9297조 4520억 8399만,6929745208399,,not confirmed; screenshot filenames 2026-09-16,sample,120,True,,화조,54522723,33868519,False,,Scania 26,※ 5452만 2723,Vision OCR; numeric and level fields visually checked against source,global_ranking,,,,
스크린샷 2026-09-16 214440.png,,47,47,지존,하합,비숍,54411258,124,image,비숍,124,비숍,지존,Scania 1,https://mgf.gg/ranking/?server=&job=&recent=1&stx=%EC%A7%80%EC%A1%B4%EC%BD%A9%EB%96%A1,2026-09-17T12:46:50.537011+09:00,09.16,331경 3482조 4661억 1253만,331348246611253,,not confirmed; screenshot filenames 2026-09-16,sample,124,True,,지존,54411258,83794772,False,,Scania 1,※ 5441만 1258,Vision OCR; numeric and level fields visually checked against source,global_ranking,,,,
스크린샷 2026-09-16 214440.png,,48,48,총군,픽끼픽끼,비숍,54051765,121,image,비숍,121,비숍,총군,Scania 27,https://mgf.gg/ranking/?server=&job=&recent=1&stx=%ED%95%9C%EC%9A%B0%EC%B1%84%EB%81%9D,2026-09-17T12:46:57.234284+09:00,09.17,18경 9648조 7260억 5664만,18964872605664,,not confirmed; screenshot filenames 2026-09-16,sample,121,True,,총군,54051765,42870819,False,,Scania 27,※ 5405만 1765,Vision OCR; numeric and level fields visually checked against source,global_ranking,,,,
스크린샷 2026-09-16 214440.png,,49,49,연격,더워어,비숍,53991006,120,image,비숍,120,비숍,연격,Scania 27,https://mgf.gg/ranking/?server=&job=&recent=1&stx=%EB%8D%94%EC%9B%8C%EC%96%B4,2026-09-17T12:46:59.038482+09:00,09.17,21경 5087조 2501억 7722만,21508725017722,,not confirmed; screenshot filenames 2026-09-16,sample,120,True,,연격,53991006,43947341,False,,Scania 27,※5399만 1006,Vision OCR; numeric and level fields visually checked against source,global_ranking,,,,
스크린샷 2026-09-16 214440.png,,50,50,기일드,불량스님,비숍,53477574,123,image,비숍,123,비숍,기일드,Scania 7,https://mgf.gg/ranking/?server=&job=&recent=1&stx=%EA%BF%80%EC%9E%A0%EC%9E%89,2026-09-17T12:46:56.645068+09:00,09.16,52경 6160조 3759억 6764만,52616037596764,,not confirmed; screenshot filenames 2026-09-16,sample,123,True,,기일드,53477574,54657572,False,,Scania 7,※ 5347만 7574,Vision OCR; numeric and level fields visually checked against source,global_ranking,,,,
스크린샷 2026-09-16 214448.png,,51,51,초코나라,샨신,비숍,53411466,122,image,비숍,122,비숍,초코나라,Scania 18,https://mgf.gg/ranking/?server=&job=&recent=1&stx=%EA%BF%80%EC%9E%A0%EC%9E%89,2026-09-17T12:46:56.645068+09:00,09.17,50경 157조 675억 7781만,50015706757781,,not confirmed; screenshot filenames 2026-09-16,sample,122,True,,초코나라,53411466,53804054,False,,Scania 18,※5341만 1466,Vision OCR; numeric and level fields visually checked against source,global_ranking,,,,
스크린샷 2026-09-16 214448.png,,52,52,냥냥파크,KimchiZzang,캡틴,53247987,122,image,캡틴,122,캡틴,냥냥파크,Scania 23,https://mgf.gg/ranking/?server=&job=&recent=1&stx=%ED%82%A4%EC%8A%A4%EB%AF%B8%EB%8B%AC%EB%A7%81,2026-09-17T12:46:52.348128+09:00,09.17,57경 9817조 3497억 5389만,57981734975389,,not confirmed; screenshot filenames 2026-09-16,sample,122,True,,냥냥파크,53247987,219,False,,Scania 23,※5324만 7987,Vision OCR; numeric and level fields visually checked against source,global_ranking,,,,
스크린샷 2026-09-16 214448.png,,53,53,딸기키우기,무치z,나이트로드,53135916,126,image,나이트로드,126,나이트로드,딸기키우기,Scania 28,https://mgf.gg/ranking/?server=&job=&recent=1&stx=%EC%A7%80%EC%A1%B4%EC%BD%A9%EB%96%A1,2026-09-17T12:46:50.537011+09:00,09.17,336경 930조 6662억 4347만,336093066624347,,not confirmed; screenshot filenames 2026-09-16,sample,126,True,,딸기키우기,53135916,63763922,False,,Scania 28,※5313만 5916,Vision OCR; numeric and level fields visually checked against source,global_ranking,,,,
스크린샷 2026-09-16 214448.png,,54,54,빕스,퍄파,비숍,53085396,123,image,비숍,123,비숍,빕스,Scania 24,https://mgf.gg/ranking/?server=&job=&recent=1&stx=%EC%B5%9C%EA%B0%95%EB%8B%A4%EC%A0%80%EC%8A%A4,2026-09-17T12:46:53.541295+09:00,09.17,38경 105조 5416억 1874만,38010554161874,,not confirmed; screenshot filenames 2026-09-16,sample,123,True,,빕스,53085396,50719052,False,,Scania 24,※ 5308만 5396,Vision OCR; numeric and level fields visually checked against source,global_ranking,,,,
스크린샷 2026-09-16 214448.png,,55,55,팔일,Modify,비숍,52970634,125,image,비숍,125,비숍,팔일,Scania 28,https://mgf.gg/ranking/?server=&job=&recent=1&stx=%EA%B5%B0%EB%B3%B4,2026-09-17T12:46:51.753527+09:00,09.17,185경 2968조 2457억 2261만,185296824572261,,not confirmed; screenshot filenames 2026-09-16,sample,125,True,,팔일,52970634,73604649,False,,Scania 28,※ 5297만 634,Vision OCR; numeric and level fields visually checked against source,global_ranking,,,,
스크린샷 2026-09-16 214457.png,,56,56,츄르비,탄빵v,비숍,52682655,122,image,비숍,122,비숍,츄르비,Scania 42,https://mgf.gg/ranking/?server=&job=&recent=1&stx=%ED%82%A4%EC%8A%A4%EB%AF%B8%EB%8B%AC%EB%A7%81,2026-09-17T12:46:52.348128+09:00,09.17,56경 7208조 9566억 6186만,56720895666186,,not confirmed; screenshot filenames 2026-09-16,sample,122,True,,츄르비,52682655,55383632,False,,Scania 42,※ 5268만 2655,Vision OCR; numeric and level fields visually checked against source,global_ranking,,,,
스크린샷 2026-09-16 214457.png,,57,57,총군,래가퍼,캡틴,52570941,121,image,캡틴,121,캡틴,총군,Scania 27,https://mgf.gg/ranking/?server=&job=&recent=1&stx=%EC%B5%9C%EA%B0%95%EB%8B%A4%EC%A0%80%EC%8A%A4,2026-09-17T12:46:53.541295+09:00,09.17,39경 5588조 8647억 5950만,39558886475950,,not confirmed; screenshot filenames 2026-09-16,sample,121,True,,총군,52570941,200,False,,Scania 27,※ 5257만 941,Vision OCR; numeric and level fields visually checked against source,global_ranking,,,,
스크린샷 2026-09-16 214457.png,,58,58,브리또,참새꿀꿀,보우마스터,52338795,123,image,보우마스터,123,보우마스터,브리또,Scania 33,https://mgf.gg/ranking/?server=&job=&recent=1&stx=%EB%82%9C%ED%92%8D,2026-09-17T12:46:55.341676+09:00,09.17,93경 6927조 5774억 8468만,93692757748468,,not confirmed; screenshot filenames 2026-09-16,sample,123,True,,브리또,52338795,49071566,False,,Scania 33,※ 5233만 8795,Vision OCR; numeric and level fields visually checked against source,global_ranking,,,,
스크린샷 2026-09-16 214457.png,,59,59,셀린느,MNMMNMMNMMNM,비숍,52338021,123,image,비숍,123,비숍,셀린느,Scania 2,https://mgf.gg/ranking/?server=&job=&recent=1&stx=%EC%98%A4%ED%94%88%EB%B9%8C%EB%8D%94,2026-09-17T12:46:54.747305+09:00,09.16,67경 2705조 1001억 2336만,67270510012336,,not confirmed; screenshot filenames 2026-09-16,sample,123,True,,셀린느,52338021,57835281,False,,Scania 2,※ 5233만 8021,Vision OCR; numeric and level fields visually checked against source,global_ranking,,,,
스크린샷 2026-09-16 214457.png,,60,60,유설,라온KP,비숍,52111725,128,image,비숍,128,비숍,유설,Scania 18,https://mgf.gg/ranking/?server=&job=&recent=1&stx=%EB%83%90%EB%9D%BD%EC%BF%B5,2026-09-17T12:46:49.937431+09:00,09.17,915경 6347조 1193억 3931만,915634711933931,,not confirmed; screenshot filenames 2026-09-16,sample,128,True,,유설,52111725,107557750,False,,Scania 18,※5211만 1725,Vision OCR; numeric and level fields visually checked against source,global_ranking,,,,
스크린샷 2026-09-16 214506.png,,61,61,나야햄토리,나야햄토리,비숍,51960744,121,image,비숍,121,비숍,나야햄토리,Scania 62,https://mgf.gg/ranking/?server=&job=&recent=1&stx=%EC%98%A4%ED%94%88%EB%B9%8C%EB%8D%94,2026-09-17T12:46:54.747305+09:00,09.17,64경 5202조 5980억 6117만,64520259806117,,not confirmed; screenshot filenames 2026-09-16,sample,121,True,,나야햄토리,51960744,56815050,False,,Scania 62,※5196만 744,Vision OCR; numeric and level fields visually checked against source,global_ranking,,,,
스크린샷 2026-09-16 214506.png,,62,62,교실,설챙,비숍,51635949,121,image,비숍,121,비숍,교실,Scania 27,https://mgf.gg/ranking/?server=&job=&recent=1&stx=%EB%8F%84%EB%B0%95%EC%A8%A92,2026-09-17T12:46:57.838225+09:00,09.17,33경 2432조 315억 1270만,33243203151270,,not confirmed; screenshot filenames 2026-09-16,sample,121,True,,교실,51635949,48778108,False,,Scania 27,※5163만 5949,Vision OCR; numeric and level fields visually checked against source,global_ranking,,,,
스크린샷 2026-09-16 214506.png,,63,63,총군,뀨잉스,비숍,51544920,119,image,비숍,119,비숍,총군,Scania 27,https://mgf.gg/ranking/?server=&job=&recent=1&stx=%EB%80%A8%EC%9E%89%EC%8A%A4,2026-09-17T12:46:59.640662+09:00,09.17,6경 5780조 1436억 6077만,6578014366077,,not confirmed; screenshot filenames 2026-09-16,sample,119,True,,총군,51544920,33325440,False,,Scania 27,※5154만 4920,Vision OCR; numeric and level fields visually checked against source,global_ranking,,,,
스크린샷 2026-09-16 214506.png,,64,64,브리또,강서구도적,나이트로드,51462189,125,image,나이트로드,125,나이트로드,브리또,Scania 33,https://mgf.gg/ranking/?server=&job=&recent=1&stx=%EC%A7%80%EC%A1%B4%EC%BD%A9%EB%96%A1,2026-09-17T12:46:50.537011+09:00,09.17,333경 4393조 3063억 2435만,333439330632435,,not confirmed; screenshot filenames 2026-09-16,sample,125,True,,브리또,51462189,63394696,False,,Scania 33,※5146만 2189,Vision OCR; numeric and level fields visually checked against source,global_ranking,,,,
스크린샷 2026-09-16 214506.png,,65,65,지존,지존망자,비숍,51339705,125,image,비숍,125,비숍,지존,Scania 1,https://mgf.gg/ranking/?server=&job=&recent=1&stx=%EA%B5%B0%EB%B3%B4,2026-09-17T12:46:51.753527+09:00,09.16,200경 7205조 4487억 7953만,200720544877953,,not confirmed; screenshot filenames 2026-09-16,sample,125,True,,지존,51339705,74970729,False,,Scania 1,※5133만 9705,Vision OCR; numeric and level fields visually checked against source,global_ranking,,,,
스크린샷 2026-09-16 214514.png,,66,66,유희,람볼기니,팔라딘,51307098,127,image,팔라딘,127,팔라딘,유희,Scania 6,https://mgf.gg/ranking/?server=&job=&recent=1&stx=%EB%83%90%EB%9D%BD%EC%BF%B5,2026-09-17T12:46:49.937431+09:00,09.16,751경 9080조 4468억 1138만,751908044681138,,not confirmed; screenshot filenames 2026-09-16,sample,127,True,,유희,51307098,85515214,False,,Scania 6,※ 5130만 7098,Vision OCR; numeric and level fields visually checked against source,global_ranking,,,,
스크린샷 2026-09-16 214514.png,,67,67,반짝,호애얭,보우마스터,51281103,122,image,보우마스터,122,보우마스터,반짝,Scania 4,https://mgf.gg/ranking/?server=&job=&recent=1&stx=%EA%BF%80%EC%9E%A0%EC%9E%89,2026-09-17T12:46:56.645068+09:00,09.16,51경 4542조 2371억 9536만,51454223719536,,not confirmed; screenshot filenames 2026-09-16,sample,122,True,,반짝,51281103,42578634,False,,Scania 4,※5128만 1103,Vision OCR; numeric and level fields visually checked against source,global_ranking,,,,
스크린샷 2026-09-16 214514.png,,68,68,JustMusic,꾜북칩,비숍,51108696,121,image,비숍,121,비숍,JustMusic,Scania 56,https://mgf.gg/contents/guild_info.php?g_name=JustMusic,2026-09-17T12:48:25.528953+09:00,2026.09.17,37경 2967조 2248억 3180만,37296722483180,,not confirmed; screenshot filenames 2026-09-16,sample,121,True,,JustMusic,51108696,50086138,False,,Scania 56,※5110만 8696,Vision OCR; numeric and level fields visually checked against source,global_ranking,,,,
스크린샷 2026-09-16 214514.png,,69,69,Cookies,라온FY,비숍,51088890,123,image,비숍,123,비숍,Cookies,Scania 37,https://mgf.gg/ranking/?server=&job=&recent=1&stx=%EB%82%9C%ED%92%8D,2026-09-17T12:46:55.341676+09:00,09.17,96경 5218조 4066억 3085만,96521840663085,,not confirmed; screenshot filenames 2026-09-16,sample,123,True,,Cookies,51088890,62843020,False,,Scania 37,※5108만 8890,Vision OCR; numeric and level fields visually checked against source,global_ranking,,,,
스크린샷 2026-09-16 214514.png,,70,70,고점,남숍,비숍,50853576,122,image,비숍,122,비숍,고점,Scania 14,https://mgf.gg/ranking/?server=&job=&recent=1&stx=%EA%BF%80%EC%9E%A0%EC%9E%89,2026-09-17T12:46:56.645068+09:00,09.16,51경 3720조 2976억 2292만,51372029762292,,not confirmed; screenshot filenames 2026-09-16,sample,122,True,,고점,50853576,54136188,False,,Scania 14,※5085만 3576,Vision OCR; numeric and level fields visually checked against source,global_ranking,,,,
스크린샷 2026-09-16 214605.png,,71,71,딸기키우기,오홍홍이,나이트로드,50834202,,image,나이트로드,124,나이트로드,딸기키우기,Scania 28,https://mgf.gg/ranking/?server=&job=&recent=1&stx=%EB%83%90%EB%9D%BD%EC%BF%B5,2026-09-17T12:46:49.937431+09:00,09.17,648경 3258조 6215억 3598만,648325862153598,,not confirmed; screenshot filenames 2026-09-16,profile,124,True,,딸기키우기,50834202,73574507,False,,Scania 28,※ 5083만 4202,Vision OCR; numeric and level fields visually checked against source,global_ranking,,,,
스크린샷 2026-09-16 214605.png,,72,72,블링블리,챠뮤식,비숍,50810169,124,image,비숍,124,비숍,블링블리,Scania 27,https://mgf.gg/ranking/?server=&job=&recent=1&stx=%EB%82%9C%ED%92%8D,2026-09-17T12:46:55.341676+09:00,09.17,98경 736조 1711억 3674만,98073617113674,,not confirmed; screenshot filenames 2026-09-16,sample,124,True,,블링블리,50810169,63329849,False,,Scania 27,※ 5081만 169,Vision OCR; numeric and level fields visually checked against source,global_ranking,,,,
스크린샷 2026-09-16 214605.png,,73,73,지존,지존마리,비숍,50783358,123,image,비숍,123,비숍,지존,Scania 1,https://mgf.gg/ranking/?server=&job=&recent=1&stx=%EC%A7%80%EC%A1%B4%EB%A7%88%EB%A6%AC,2026-09-17T12:47:01.075764+09:00,09.16,27경 297조 3257억 9532만,27029732579532,,not confirmed; screenshot filenames 2026-09-16,sample,123,True,,지존,50783358,46893944,False,,Scania 1,※ 5078만 3358,Vision OCR; numeric and level fields visually checked against source,global_ranking,,,,
스크린샷 2026-09-16 214605.png,,74,74,FAIR,크루린,비숍,50413515,121,image,비숍,121,비숍,FAIR,Scania 28,https://mgf.gg/ranking/?server=&job=&recent=1&stx=%ED%81%AC%EB%A3%A8%EB%A6%B0,2026-09-17T12:47:01.722605+09:00,09.17,26경 1943조 1578억 6669만,26194315786669,,not confirmed; screenshot filenames 2026-09-16,sample,121,True,,FAIR,50413515,46176490,False,,Scania 28,※5041만 3515,Vision OCR; numeric and level fields visually checked against source,global_ranking,,,,
스크린샷 2026-09-16 214605.png,,75,75,흑사,흑멍멍,비숍,50402031,120,image,비숍,120,비숍,흑사,Scania 29,https://mgf.gg/ranking/?server=&job=&recent=1&stx=%ED%81%AC%EB%A3%A8%EB%A6%B0,2026-09-17T12:47:01.722605+09:00,09.17,25경 9275조 9633억 6834만,25927596336834,,not confirmed; screenshot filenames 2026-09-16,sample,120,True,,흑사,50402031,45877162,False,,Scania 29,※5040만 2031,Vision OCR; numeric and level fields visually checked against source,global_ranking,,,,
스크린샷 2026-09-16 214612.png,,76,76,싸이월드,눙키,히어로,50383722,124,image,히어로,124,히어로,싸이월드,Scania 11,https://mgf.gg/ranking/?server=&job=&recent=1&stx=%EB%82%9C%ED%92%8D,2026-09-17T12:46:55.341676+09:00,09.16,104경 609조 4675억 4779만,104060946754779,,not confirmed; screenshot filenames 2026-09-16,sample,124,True,,싸이월드,50383722,61277493,False,,Scania 11,X 5038만 3722,Vision OCR; numeric and level fields visually checked against source,global_ranking,,,,
스크린샷 2026-09-16 214612.png,,77,77,유니크,쌀만,비숍,50320941,124,image,비숍,124,비숍,유니크,Scania 1,https://mgf.gg/ranking/?server=&job=&recent=1&stx=%EB%82%9C%ED%92%8D,2026-09-17T12:46:55.341676+09:00,09.16,103경 3832조 4149억 326만,103383241490326,,not confirmed; screenshot filenames 2026-09-16,sample,124,True,,유니크,50320941,64102502,False,,Scania 1,X 5032만 941,Vision OCR; numeric and level fields visually checked against source,global_ranking,,,,
스크린샷 2026-09-16 214612.png,,78,78,이콩,런닝쨩,비숍,50219811,122,image,비숍,122,비숍,이콩,Scania 28,https://mgf.gg/ranking/?server=&job=&recent=1&stx=%ED%82%A4%EC%8A%A4%EB%AF%B8%EB%8B%AC%EB%A7%81,2026-09-17T12:46:52.348128+09:00,09.17,57경 1319조 8516억 8112만,57131985168112,,not confirmed; screenshot filenames 2026-09-16,sample,122,True,,이콩,50219811,55475697,False,,Scania 28,※ 5021만 9811,Vision OCR; numeric and level fields visually checked against source,global_ranking,,,,
스크린샷 2026-09-16 214612.png,,79,79,유희,밍카누,바이퍼,50143191,123,image,바이퍼,123,바이퍼,유희,Scania 6,https://mgf.gg/ranking/?server=&job=&recent=1&stx=%EC%98%A4%ED%94%88%EB%B9%8C%EB%8D%94,2026-09-17T12:46:54.747305+09:00,09.16,61경 7543조 9531억 8004만,61754395318004,,not confirmed; screenshot filenames 2026-09-16,sample,123,True,,유희,50143191,224,False,,Scania 6,※5014만 3191,Vision OCR; numeric and level fields visually checked against source,global_ranking,,,,
스크린샷 2026-09-16 214612.png,,80,80,시도,We짱구,비숍,50060886,121,image,비숍,121,비숍,시도,Scania 29,https://mgf.gg/ranking/?server=&job=&recent=1&stx=We%EC%A7%B1%EA%B5%AC,2026-09-17T12:47:02.368247+09:00,09.17,36경 2066조 1548억 6145만,36206615486145,,not confirmed; screenshot filenames 2026-09-16,sample,121,True,,시도,50060886,49745582,False,,Scania 29,※ 5006만 886,Vision OCR; numeric and level fields visually checked against source,global_ranking,,,,
스크린샷 2026-09-16 214621.png,,82,82,리안,예습2,캡틴,49957797,122,image,캡틴,122,캡틴,리안,Scania 11,https://mgf.gg/ranking/?server=&job=&recent=1&stx=%EC%98%A4%ED%94%88%EB%B9%8C%EB%8D%94,2026-09-17T12:46:54.747305+09:00,09.16,62경 8309조 1316억 4266만,62830913164266,,not confirmed; screenshot filenames 2026-09-16,sample,122,True,,리안,49957797,224,False,,Scania 11,X 4995만 7797,Vision OCR; numeric and level fields visually checked against source,global_ranking,,,,
스크린샷 2026-09-16 214621.png,,83,83,1984,쏭별빛,비숍,49939806,122,image,비숍,122,비숍,1984,Scania 39,https://mgf.gg/ranking/?server=&job=&recent=1&stx=%ED%82%A4%EC%8A%A4%EB%AF%B8%EB%8B%AC%EB%A7%81,2026-09-17T12:46:52.348128+09:00,09.17,53경 1226조 904억 2148만,53122609042148,,not confirmed; screenshot filenames 2026-09-16,sample,122,True,,1984,49939806,54555028,False,,Scania 39,X4993만 9806,Vision OCR; numeric and level fields visually checked against source,global_ranking,,,,
스크린샷 2026-09-16 214621.png,,84,84,주차,닝구상,바이퍼,49920939,124,image,바이퍼,124,바이퍼,주차,Scania 14,https://mgf.gg/ranking/?server=&job=&recent=1&stx=%EC%9A%B0%EC%A5%AC%EC%96%8C,2026-09-17T12:46:52.952049+09:00,09.16,80경 5829조 3721억 203만,80582937210203,,not confirmed; screenshot filenames 2026-09-16,sample,124,True,,주차,49920939,239,False,,Scania 14,※ 4992만 939,Vision OCR; numeric and level fields visually checked against source,global_ranking,,,,
스크린샷 2026-09-16 214621.png,,85,85,유니크,차김치,다크나이트,49843575,125,image,다크나이트,125,다크나이트,유니크,Scania 1,https://mgf.gg/ranking/?server=&job=&recent=1&stx=%EC%A7%80%EC%A1%B4%EC%BD%A9%EB%96%A1,2026-09-17T12:46:50.537011+09:00,09.16,263경 1264조 6831억 1942만,263126468311942,,not confirmed; screenshot filenames 2026-09-16,sample,125,True,,유니크,49843575,73415838,False,,Scania 1,※ 4984만 3575,Vision OCR; numeric and level fields visually checked against source,global_ranking,,,,
스크린샷 2026-09-16 214629.png,,86,86,블링블리,정둥2,히어로,49661139,124,image,히어로,124,히어로,블링블리,Scania 27,https://mgf.gg/ranking/?server=&job=&recent=1&stx=%EA%B5%B0%EB%B3%B4,2026-09-17T12:46:51.753527+09:00,09.17,212경 6015조 1081억 2865만,212601510812865,,not confirmed; screenshot filenames 2026-09-16,sample,124,True,,블링블리,49661139,72221260,False,,Scania 27,※ 4966만 1139,Vision OCR; numeric and level fields visually checked against source,global_ranking,,,,
스크린샷 2026-09-16 214629.png,,87,87,냐락,냐락셋째,비숍,49577385,121,image,비숍,121,비숍,냐락,Scania 26,https://mgf.gg/ranking/?server=&job=&recent=1&stx=%EC%B5%9C%EA%B0%95%EB%8B%A4%EC%A0%80%EC%8A%A4,2026-09-17T12:46:53.541295+09:00,09.17,38경 9581조 5807억 6716만,38958158076716,,not confirmed; screenshot filenames 2026-09-16,sample,121,True,,냐락,49577385,50590728,False,,Scania 26,※ 4957만 7385,Vision OCR; numeric and level fields visually checked against source,global_ranking,,,,
스크린샷 2026-09-16 214629.png,,88,88,총군,쥐구,비숍,49547892,121,image,비숍,121,비숍,총군,Scania 27,https://mgf.gg/ranking/?server=&job=&recent=1&stx=%EC%A7%80%EC%A1%B4%EB%A7%88%EB%A6%AC,2026-09-17T12:47:01.075764+09:00,09.17,29경 5715조 1201억 8826만,29571512018826,,not confirmed; screenshot filenames 2026-09-16,sample,121,True,,총군,49547892,47482569,False,,Scania 27,※ 4954만 7892,Vision OCR; numeric and level fields visually checked against source,global_ranking,,,,
스크린샷 2026-09-16 214629.png,,89,89,브리또,퀸더쪼이,비숍,49497936,121,image,비숍,121,비숍,브리또,Scania 33,https://mgf.gg/ranking/?server=&job=&recent=1&stx=%EC%95%84%EB%AA%AC%EB%93%9C%EB%A1%B1%EB%A1%B1,2026-09-17T12:46:54.149203+09:00,09.17,22경 9664조 4014억 5864만,22966440145864,,not confirmed; screenshot filenames 2026-09-16,sample,121,True,,브리또,49497936,44800704,False,,Scania 33,※4949만 7936,Vision OCR; numeric and level fields visually checked against source,global_ranking,,,,
스크린샷 2026-09-16 214629.png,,90,90,환불런,환생이,히어로,49476144,128,image,히어로,128,히어로,환불런,Scania 31,https://mgf.gg/ranking/?server=&job=&recent=1&stx=%EB%83%90%EB%9D%BD%EC%BF%B5,2026-09-17T12:46:49.937431+09:00,09.17,2491경 3929조 8066억 1603만,2491392980661603,,not confirmed; screenshot filenames 2026-09-16,sample,128,True,,환불런,49476144,129241103,False,,Scania 31,※4947만 6144,Vision OCR; numeric and level fields visually checked against source,global_ranking,,,,
스크린샷 2026-09-16 214635.png,,91,91,어벤저스,차가운거북이,비숍,49453623,121,image,비숍,121,비숍,어벤저스,Scania 8,https://mgf.gg/ranking/?server=&job=&recent=1&stx=%EC%B0%A8%EA%B0%80%EC%9A%B4%EA%B1%B0%EB%B6%81%EC%9D%B4,2026-09-17T12:47:03.019226+09:00,09.16,15경 3273조 7372억 2014만,15327373722014,,not confirmed; screenshot filenames 2026-09-16,sample,121,True,,어벤저스,49453623,40821680,False,,Scania 8,※4945만 3623,Vision OCR; numeric and level fields visually checked against source,global_ranking,,,,
스크린샷 2026-09-16 214635.png,,92,92,고점,쌔주,비숍,49313103,125,image,비숍,125,비숍,고점,Scania 14,https://mgf.gg/ranking/?server=&job=&recent=1&stx=%EA%B5%B0%EB%B3%B4,2026-09-17T12:46:51.753527+09:00,09.16,223경 5491조 8047억 9072만,223549180479072,,not confirmed; screenshot filenames 2026-09-16,sample,125,True,,고점,49313103,76851336,False,,Scania 14,※4931만 3103,Vision OCR; numeric and level fields visually checked against source,global_ranking,,,,
스크린샷 2026-09-16 214635.png,,93,93,지존,지존팀장,비숍,49285065,122,image,비숍,122,비숍,지존,Scania 1,https://mgf.gg/ranking/?server=1&job=&recent=1&stx=%EC%A7%80%EC%A1%B4%ED%8C%80%EC%9E%A5,2026-09-17T12:48:02.078970+09:00,09.16,34경 4207조 2323억 8429만,34420723238429,,not confirmed; screenshot filenames 2026-09-16,sample,122,True,,지존,49285065,49372955,False,,Scania 1,※ 4928만 5065,Vision OCR; numeric and level fields visually checked against source,global_ranking,,,,
스크린샷 2026-09-16 214635.png,,94,94,지존,지존이루,비숍,49101963,124,image,비숍,124,비숍,지존,Scania 1,https://mgf.gg/ranking/?server=&job=&recent=1&stx=%EB%82%9C%ED%92%8D,2026-09-17T12:46:55.341676+09:00,09.16,106경 557조 9435억 8312만,106055794358312,,not confirmed; screenshot filenames 2026-09-16,sample,124,True,,지존,49101963,64479901,False,,Scania 1,※4910만 1963,Vision OCR; numeric and level fields visually checked against source,global_ranking,,,,
스크린샷 2026-09-16 214635.png,,95,95,패벽,섭종무한잠수,바이퍼,49006698,128,image,바이퍼,128,바이퍼,패벽,Scania 30,https://mgf.gg/ranking/?server=&job=&recent=1&stx=%EB%83%90%EB%9D%BD%EC%BF%B5,2026-09-17T12:46:49.937431+09:00,09.17,2875경 4392조 4640억 3796만,2875439246403796,,not confirmed; screenshot filenames 2026-09-16,sample,128,True,,패벽,49006698,552,False,,Scania 30,x4900만 6698,Vision OCR; numeric and level fields visually checked against source,global_ranking,,,,
스크린샷 2026-09-16 214642.png,,96,96,칙촉,갓견인,비숍,48990483,121,image,비숍,121,비숍,칙촉,Scania 5,https://mgf.gg/ranking/?server=&job=&recent=1&stx=%EA%BF%80%EC%9E%A0%EC%9E%89,2026-09-17T12:46:56.645068+09:00,09.16,51경 5078조 3676억 6576만,51507836766576,,not confirmed; screenshot filenames 2026-09-16,sample,121,True,,칙촉,48990483,53946609,False,,Scania 5,※ 4899만 483,Vision OCR; numeric and level fields visually checked against source,global_ranking,,,,
스크린샷 2026-09-16 214642.png,,97,97,들개무리,제주제주,비숍,48962484,121,image,비숍,121,비숍,들개무리,Scania 26,https://mgf.gg/ranking/?server=&job=&recent=1&stx=%EB%8F%84%EB%B0%95%EC%A8%A92,2026-09-17T12:46:57.838225+09:00,09.17,31경 3472조 746억 4527만,31347207464527,,not confirmed; screenshot filenames 2026-09-16,sample,121,True,,들개무리,48962484,48123702,False,,Scania 26,※ 4896만 2484,Vision OCR; numeric and level fields visually checked against source,global_ranking,,,,
스크린샷 2026-09-16 214642.png,,98,98,찬찬푸줏간,한우사골,비숍,48891927,120,image,비숍,120,비숍,찬찬푸줏간,Scania 15,https://mgf.gg/ranking/?server=&job=&recent=1&stx=%EC%B0%A8%EA%B0%80%EC%9A%B4%EA%B1%B0%EB%B6%81%EC%9D%B4,2026-09-17T12:47:03.019226+09:00,09.17,16경 3043조 2608억 3115만,16304326083115,,not confirmed; screenshot filenames 2026-09-16,sample,120,True,,찬찬푸줏간,48891927,41234515,False,,Scania 15,X 4889만 1927,Vision OCR; numeric and level fields visually checked against source,global_ranking,,,,
스크린샷 2026-09-16 214642.png,,99,99,바하무트,쁘렁,비숍,48699336,120,image,비숍,120,비숍,바하무트,Scania 1,https://mgf.gg/ranking/?server=&job=&recent=1&stx=%EC%81%98%EB%A0%81,2026-09-17T12:47:04.586214+09:00,09.16,12경 5054조 9714억 3270만,12505497143270,,not confirmed; screenshot filenames 2026-09-16,sample,120,True,,바하무트,48699336,38793990,False,,Scania 1,X 4869만 9336,Vision OCR; numeric and level fields visually checked against source,global_ranking,,,,
스크린샷 2026-09-16 214642.png,,100,100,칸스,GumaGo,보우마스터,48668370,121,image,보우마스터,121,보우마스터,칸스,Scania 28,https://mgf.gg/ranking/?server=&job=&recent=1&stx=%ED%81%AC%EB%A3%A8%EB%A6%B0,2026-09-17T12:47:01.722605+09:00,09.17,25경 166조 2887억 8690만,25016628878690,,not confirmed; screenshot filenames 2026-09-16,sample,121,True,,칸스,48668370,35922808,False,,Scania 28,※ 4866만 8370,Vision OCR; numeric and level fields visually checked against source,global_ranking,,,,
스크린샷 2026-09-16 214650.png,,101,101,MP물약,관할서,비숍,48655557,122,image,비숍,122,비숍,MP물약,Scania 38,https://mgf.gg/ranking/?server=&job=&recent=1&stx=%EC%B5%9C%EA%B0%95%EB%8B%A4%EC%A0%80%EC%8A%A4,2026-09-17T12:46:53.541295+09:00,09.17,39경 8566조 1462억 3342만,39856614623342,,not confirmed; screenshot filenames 2026-09-16,sample,122,True,,MP물약,48655557,51066444,False,,Scania 38,※4865만 5557,Vision OCR; numeric and level fields visually checked against source,global_ranking,,,,
스크린샷 2026-09-16 214650.png,,102,102,괴콩,마옥지,보우마스터,48648420,123,image,보우마스터,123,보우마스터,설묘,Scania 25,https://mgf.gg/ranking/?server=&job=&recent=1&stx=%EA%B5%B0%EB%B3%B4,2026-09-17T12:46:51.753527+09:00,09.17,224경 9271조 9099억 2495만,224927190992495,,not confirmed; screenshot filenames 2026-09-16,sample,123,True,,설묘,48648420,60021546,False,,Scania 25,※ 4864만 8420,Vision OCR; numeric and level fields visually checked against source,global_ranking,"guild differs, but exact nickname/server/job/level match; possible guild change or glyph difference",,,
스크린샷 2026-09-16 214650.png,,103,103,주차,하앜씨,팔라딘,48496086,124,image,팔라딘,124,팔라딘,주차,Scania 14,https://mgf.gg/ranking/?server=&job=&recent=1&stx=%EB%82%9C%ED%92%8D,2026-09-17T12:46:55.341676+09:00,09.16,99경 808조 3429억 7025만,99080834297025,,not confirmed; screenshot filenames 2026-09-16,sample,124,True,,주차,48496086,53016628,False,,Scania 14,X4849만 6086,Vision OCR; numeric and level fields visually checked against source,global_ranking,,,,
스크린샷 2026-09-16 214650.png,,104,104,싸이월드,심천,나이트로드,48494088,122,image,나이트로드,122,나이트로드,싸이월드,Scania 11,https://mgf.gg/ranking/?server=&job=&recent=1&stx=%EC%98%A4%ED%94%88%EB%B9%8C%EB%8D%94,2026-09-17T12:46:54.747305+09:00,09.16,60경 733조 8864억 5540만,60073388645540,,not confirmed; screenshot filenames 2026-09-16,sample,122,True,,싸이월드,48494088,42226089,False,,Scania 11,X4849만 4088,Vision OCR; numeric and level fields visually checked against source,global_ranking,,,,
스크린샷 2026-09-16 214650.png,,105,105,흑사,흑색인,보우마스터,48226767,120,image,보우마스터,120,보우마스터,흑사,Scania 29,https://mgf.gg/ranking/?server=&job=&recent=1&stx=%EB%8F%84%EB%B0%95%EC%A8%A92,2026-09-17T12:46:57.838225+09:00,09.17,30경 1811조 4156억 3353만,30181141563353,,not confirmed; screenshot filenames 2026-09-16,sample,120,True,,흑사,48226767,37352081,False,,Scania 29,※4822만 6767,Vision OCR; numeric and level fields visually checked against source,global_ranking,,,,
스크린샷 2026-09-16 214658.png,,106,106,별하나달하나,달하나별하나,신궁,48063159,125,image,신궁,125,신궁,별하나달하나,Scania 13,https://mgf.gg/ranking/?server=&job=&recent=1&stx=%EA%B5%B0%EB%B3%B4,2026-09-17T12:46:51.753527+09:00,09.16,223경 1874조 2497억 5686만,223187424975686,,not confirmed; screenshot filenames 2026-09-16,sample,125,True,,별하나달하나,48063159,69307267,False,,Scania 13,※ 4806만 3159,Vision OCR; numeric and level fields visually checked against source,global_ranking,,,,
스크린샷 2026-09-16 214658.png,,107,107,환불런,게탕,비숍,47861511,122,image,비숍,122,비숍,환불런,Scania 31,https://mgf.gg/ranking/?server=&job=&recent=1&stx=%EC%95%84%EB%AA%AC%EB%93%9C%EB%A1%B1%EB%A1%B1,2026-09-17T12:46:54.149203+09:00,09.17,22경 9050조 6105억 6059만,22905061056059,,not confirmed; screenshot filenames 2026-09-16,sample,122,True,,환불런,47861511,44957769,False,,Scania 31,x4786만 1511,Vision OCR; numeric and level fields visually checked against source,global_ranking,,,,
스크린샷 2026-09-16 214658.png,,108,108,고양이손바닥,다미핑,나이트로드,47774445,124,image,나이트로드,124,나이트로드,고양이손바닥,Scania 25,https://mgf.gg/ranking/?server=&job=&recent=1&stx=%EC%BA%90%EC%9D%BC%EB%A6%AC,2026-09-17T12:46:51.152225+09:00,09.17,130경 6534조 4575억 8640만,130653445758640,,not confirmed; screenshot filenames 2026-09-16,sample,124,True,,고양이손바닥,47774445,50900575,False,,Scania 25,※ 4777만 4445,Vision OCR; numeric and level fields visually checked against source,global_ranking,,,,
스크린샷 2026-09-16 214658.png,,109,109,LUXURY,o꽁꽁o,비숍,47739747,121,image,비숍,121,비숍,LUXURY,Scania 16,https://mgf.gg/ranking/?server=&job=&recent=1&stx=%EC%81%98%EB%A0%81,2026-09-17T12:47:04.586214+09:00,09.17,12경 5339조 8765억 4243만,12533987654243,,not confirmed; screenshot filenames 2026-09-16,sample,121,True,,LUXURY,47739747,38975691,False,,Scania 16,※4773만 9747,Vision OCR; numeric and level fields visually checked against source,global_ranking,,,,
스크린샷 2026-09-16 214658.png,,110,110,화조,간언,비숍,47630481,122,image,비숍,122,비숍,화조,Scania 26,https://mgf.gg/ranking/?server=&job=&recent=1&stx=%ED%81%AC%EB%A3%A8%EB%A6%B0,2026-09-17T12:47:01.722605+09:00,09.17,24경 3016조 5136억 2955만,24301651362955,,not confirmed; screenshot filenames 2026-09-16,sample,122,True,,화조,47630481,45573959,False,,Scania 26,※4763만 481,Vision OCR; numeric and level fields visually checked against source,global_ranking,,,,
스크린샷 2026-09-16 214704.png,,111,111,귀여미,쁘덍,비숍,47375685,118,image,비숍,118,비숍,귀여미,Scania 34,https://mgf.gg/ranking/?server=&job=&recent=1&stx=%EC%81%98%EB%8D%8D,2026-09-17T12:47:05.185249+09:00,09.17,9경 3028조 1773억 4605만,9302817734605,,not confirmed; screenshot filenames 2026-09-16,sample,118,True,,귀여미,47375685,35938748,False,,Scania 34,※ 4737만 5685,Vision OCR; numeric and level fields visually checked against source,global_ranking,,,,
스크린샷 2026-09-16 214704.png,,112,112,이니셜D,문문문뭉,보우마스터,47370543,122,image,보우마스터,122,보우마스터,이니셜D,Scania 35,https://mgf.gg/ranking/?server=&job=&recent=1&stx=%EB%AC%B8%EB%AC%B8%EB%AC%B8%EB%AD%89,2026-09-17T12:47:05.773848+09:00,09.17,41경 193조 3506억 5889만,41019335065889,,not confirmed; screenshot filenames 2026-09-16,sample,122,True,,이니셜D,47370543,40415902,False,,Scania 35,※4737만 543,Vision OCR; numeric and level fields visually checked against source,global_ranking,,,,
스크린샷 2026-09-16 214704.png,,113,113,둥글,애갱,나이트로드,47342568,122,image,나이트로드,123,나이트로드,둥글,Scania 26,https://mgf.gg/ranking/?server=&job=&recent=1&stx=%EC%B5%9C%EA%B0%95%EB%8B%A4%EC%A0%80%EC%8A%A4,2026-09-17T12:46:53.541295+09:00,09.17,39경 7365조 6809억 9421만,39736568099421,,not confirmed; screenshot filenames 2026-09-16,sample,122,True,,둥글,47342568,38397040,False,,Scania 26,X4734만 2568,Vision OCR; numeric and level fields visually checked against source,global_ranking,,,,
스크린샷 2026-09-16 214704.png,,114,114,지존,지존살랑,비숍,47337336,119,image,비숍,119,비숍,지존,Scania 1,https://mgf.gg/ranking/?server=&job=&recent=1&stx=%EC%A7%80%EC%A1%B4%EC%82%B4%EB%9E%91,2026-09-17T12:47:06.368758+09:00,09.16,13경 8119조 2790억 517만,13811927900517,,not confirmed; screenshot filenames 2026-09-16,sample,119,True,,지존,47337336,39525064,False,,Scania 1,※4733만 7336,Vision OCR; numeric and level fields visually checked against source,global_ranking,,,,
스크린샷 2026-09-16 214704.png,,115,115,영환보초,반포동아재,비숍,47331753,125,image,비숍,125,비숍,영환보초,Scania 24,https://mgf.gg/ranking/?server=&job=&recent=1&stx=%EA%B5%B0%EB%B3%B4,2026-09-17T12:46:51.753527+09:00,09.17,181경 7324조 1058억 3584만,181732410583584,,not confirmed; screenshot filenames 2026-09-16,sample,125,True,,영환보초,47331753,73276558,False,,Scania 24,※4733만 1753,Vision OCR; numeric and level fields visually checked against source,global_ranking,,,,
스크린샷 2026-09-16 214710.png,,116,116,찬찬푸줏간,HANA2nd,바이퍼,46931958,122,image,바이퍼,122,바이퍼,찬찬푸줏간,Scania 15,https://mgf.gg/ranking/?server=&job=&recent=1&stx=%EC%9A%B0%EC%A5%AC%EC%96%8C,2026-09-17T12:46:52.952049+09:00,09.17,72경 8377조 7961억 7269만,72837779617269,,not confirmed; screenshot filenames 2026-09-16,sample,122,True,,찬찬푸줏간,46931958,231,False,,Scania 15,※4693만 1958,Vision OCR; numeric and level fields visually checked against source,global_ranking,,,,
스크린샷 2026-09-16 214710.png,,117,117,모두있음,휴지공주,신궁,46885416,122,image,신궁,122,신궁,모두있음,Scania 22,https://mgf.gg/ranking/?server=&job=&recent=1&stx=%EB%82%9C%ED%92%8D,2026-09-17T12:46:55.341676+09:00,09.17,123경 1418조 5541억 4216만,123141855414216,,not confirmed; screenshot filenames 2026-09-16,sample,122,True,,모두있음,46885416,59717684,False,,Scania 22,※ 4688만 5416,Vision OCR; numeric and level fields visually checked against source,global_ranking,,,,
스크린샷 2026-09-16 214710.png,,118,118,배리,루나얌,비숍,46708254,119,image,비숍,119,비숍,배리,Scania 26,https://mgf.gg/ranking/?server=&job=&recent=1&stx=%EB%A3%A8%EB%82%98%EC%96%8C,2026-09-17T12:47:06.992501+09:00,09.17,4경 4755조 8191억 4702만,4475581914702,,not confirmed; screenshot filenames 2026-09-16,sample,119,True,,배리,46708254,30500677,False,,Scania 26,※4670만 8254,Vision OCR; numeric and level fields visually checked against source,global_ranking,,,,
스크린샷 2026-09-16 214710.png,,119,119,점프킹,캔드릭,보우마스터,46463412,120,image,보우마스터,120,보우마스터,점프킹,Scania 5,https://mgf.gg/ranking/?server=&job=&recent=1&stx=%EB%8F%84%EB%B0%95%EC%A8%A92,2026-09-17T12:46:57.838225+09:00,09.16,31경 3892조 796억 6625만,31389207966625,,not confirmed; screenshot filenames 2026-09-16,sample,120,True,,점프킹,46463412,37690776,False,,Scania 5,※4646만 3412,Vision OCR; numeric and level fields visually checked against source,global_ranking,,,,
스크린샷 2026-09-16 214710.png,,120,120,블링블리,개야르슛슈링,비숍,46429329,121,image,비숍,121,비숍,블링블리,Scania 27,https://mgf.gg/ranking/?server=&job=&recent=1&stx=%EB%8D%94%EC%9B%8C%EC%96%B4,2026-09-17T12:46:59.038482+09:00,09.17,22경 1884조 7402억 7459만,22188474027459,,not confirmed; screenshot filenames 2026-09-16,sample,121,True,,블링블리,46429329,44447015,False,,Scania 27,※4642만 9329,Vision OCR; numeric and level fields visually checked against source,global_ranking,,,,
스크린샷 2026-09-16 214717.png,,121,121,할배,핫픽,비숍,46371636,121,image,비숍,121,비숍,할배,Scania 33,https://mgf.gg/ranking/?server=&job=&recent=1&stx=%ED%95%AB%ED%94%BD,2026-09-17T12:47:07.569859+09:00,09.17,18경 2149조 4320억 4857만,18214943204857,,not confirmed; screenshot filenames 2026-09-16,sample,121,True,,할배,46371636,42474834,False,,Scania 33,※ 4637만 1636,Vision OCR; numeric and level fields visually checked against source,global_ranking,,,,
스크린샷 2026-09-16 214717.png,,122,122,첫눈,바위게조림,바이퍼,46242897,121,image,바이퍼,121,바이퍼,첫눈,Scania 1,https://mgf.gg/ranking/?server=&job=&recent=1&stx=%EC%B5%9C%EA%B0%95%EB%8B%A4%EC%A0%80%EC%8A%A4,2026-09-17T12:46:53.541295+09:00,09.16,37경 6375조 3077억 9129만,37637530779129,,not confirmed; screenshot filenames 2026-09-16,sample,121,True,,첫눈,46242897,198,False,,Scania 1,※ 4624만 2897,Vision OCR; numeric and level fields visually checked against source,global_ranking,,,,
스크린샷 2026-09-16 214717.png,,123,123,쌈닭,둘셋냥,비숍,46223442,123,image,비숍,123,비숍,쌈닭,Scania 14,https://mgf.gg/ranking/?server=&job=&recent=1&stx=%ED%82%A4%EC%8A%A4%EB%AF%B8%EB%8B%AC%EB%A7%81,2026-09-17T12:46:52.348128+09:00,09.16,53경 9585조 6003억 3857만,53958560033857,,not confirmed; screenshot filenames 2026-09-16,sample,123,True,,쌈닭,46223442,54975228,False,,Scania 14,※4622만 3442,Vision OCR; numeric and level fields visually checked against source,global_ranking,,,,
스크린샷 2026-09-16 214717.png,,124,124,풀하우스,송공,비숍,46218630,123,image,비숍,123,비숍,풀하우스,Scania 32,https://mgf.gg/ranking/?server=&job=&recent=1&stx=%EB%AC%B8%EB%AC%B8%EB%AC%B8%EB%AD%89,2026-09-17T12:47:05.773848+09:00,09.17,42경 8270조 9011억 5004만,42827090115004,,not confirmed; screenshot filenames 2026-09-16,sample,123,True,,풀하우스,46218630,52130085,False,,Scania 32,※ 4621만 8630,Vision OCR; numeric and level fields visually checked against source,global_ranking,,,,
스크린샷 2026-09-16 214717.png,,125,125,66서버,Pesi,비숍,46130784,123,image,비숍,123,비숍,66서버,Scania 22,https://mgf.gg/ranking/?server=&job=&recent=1&stx=%EB%82%9C%ED%92%8D,2026-09-17T12:46:55.341676+09:00,09.17,102경 2132조 5744억 6882만,102213257446882,,not confirmed; screenshot filenames 2026-09-16,sample,123,True,,66서버,46130784,63676594,False,,Scania 22,※ 4613만 784,Vision OCR; numeric and level fields visually checked against source,global_ranking,,,,
스크린샷 2026-09-16 214723.png,,126,126,HERMES,급발진1,비숍,45986805,121,image,비숍,121,비숍,HERMES,Scania 3,https://mgf.gg/ranking/?server=&job=&recent=1&stx=%EB%AC%B8%EB%AC%B8%EB%AC%B8%EB%AD%89,2026-09-17T12:47:05.773848+09:00,09.16,44경 324조 7001억 2760만,44032470012760,,not confirmed; screenshot filenames 2026-09-16,sample,121,True,,HERMES,45986805,52035663,False,,Scania 3,※ 4598만 6805,Vision OCR; numeric and level fields visually checked against source,global_ranking,,,,
스크린샷 2026-09-16 214723.png,,127,127,화조,꽃홍,팔라딘,45955947,123,image,팔라딘,123,팔라딘,화조,Scania 26,https://mgf.gg/ranking/?server=26&job=&recent=1&stx=%EA%BD%83%ED%99%8D,2026-09-17T12:48:02.683313+09:00,09.17,51경 5433조 8742억 1242만,51543387421242,,not confirmed; screenshot filenames 2026-09-16,sample,123,True,,화조,45955947,45433477,False,,Scania 26,※ 4595만 5947,Vision OCR; numeric and level fields visually checked against source,global_ranking,,,,
스크린샷 2026-09-16 214723.png,,128,128,포옹,에이슈,비숍,45930054,123,image,비숍,123,비숍,포옹,Scania 9,https://mgf.gg/ranking/?server=&job=&recent=1&stx=%EC%98%A4%ED%94%88%EB%B9%8C%EB%8D%94,2026-09-17T12:46:54.747305+09:00,09.16,71경 7105조 1233억 7620만,71710512337620,,not confirmed; screenshot filenames 2026-09-16,sample,123,True,,포옹,45930054,58691771,False,,Scania 9,※ 4593만 54,Vision OCR; numeric and level fields visually checked against source,global_ranking,,,,
스크린샷 2026-09-16 214723.png,,129,129,귀여미,임홀리,비숍,45857535,118,image,비숍,118,비숍,귀여미,Scania 34,https://mgf.gg/ranking/?server=&job=&recent=1&stx=%EC%9E%84%ED%99%80%EB%A6%AC,2026-09-17T12:47:09.062212+09:00,09.17,8경 8275조 6564억 1902만,8827565641902,,not confirmed; screenshot filenames 2026-09-16,sample,118,True,,귀여미,45857535,35507903,False,,Scania 34,※ 4585만 7535,Vision OCR; numeric and level fields visually checked against source,global_ranking,,,,
스크린샷 2026-09-16 214723.png,,130,130,동물들의낙원,김나뭉,비숍,45770280,120,image,비숍,120,비숍,동물들의낙원,Scania 13,https://mgf.gg/ranking/?server=&job=&recent=1&stx=%ED%81%AC%EB%A3%A8%EB%A6%B0,2026-09-17T12:47:01.722605+09:00,09.16,24경 2556조 8972억 7772만,24255689727772,,not confirmed; screenshot filenames 2026-09-16,sample,120,True,,동물들의낙원,45770280,45179182,False,,Scania 13,※4577만 280,Vision OCR; numeric and level fields visually checked against source,global_ranking,,,,
스크린샷 2026-09-16 214730.png,,131,131,딸기키우기,미수깡통,바이퍼,45760536,123,image,바이퍼,123,바이퍼,딸기키우기,Scania 28,https://mgf.gg/ranking/?server=&job=&recent=1&stx=%EA%BF%80%EC%9E%A0%EC%9E%89,2026-09-17T12:46:56.645068+09:00,09.17,47경 7242조 8161억 9530만,47724281619530,,not confirmed; screenshot filenames 2026-09-16,sample,123,True,,딸기키우기,45760536,211,False,,Scania 28,※ 4576만 536,Vision OCR; numeric and level fields visually checked against source,global_ranking,,,,
스크린샷 2026-09-16 214730.png,,132,132,찬찬푸줏간,HANABANK,신궁,45727569,123,image,신궁,123,신궁,찬찬푸줏간,Scania 15,https://mgf.gg/ranking/?server=&job=&recent=1&stx=%EC%BA%90%EC%9D%BC%EB%A6%AC,2026-09-17T12:46:51.152225+09:00,09.17,139경 9092조 292억 2717만,139909202922717,,not confirmed; screenshot filenames 2026-09-16,sample,123,True,,찬찬푸줏간,45727569,61748573,False,,Scania 15,※ 4572만 7569,Vision OCR; numeric and level fields visually checked against source,global_ranking,,,,
스크린샷 2026-09-16 214730.png,,133,133,우럭아왜우럭,우주엔젤,비숍,45650004,121,image,비숍,121,비숍,우럭아왜우럭,Scania 24,https://mgf.gg/ranking/?server=&job=&recent=1&stx=%EB%AC%B8%EB%AC%B8%EB%AC%B8%EB%AD%89,2026-09-17T12:47:05.773848+09:00,09.17,41경 9792조 2153억 6299만,41979221536299,,not confirmed; screenshot filenames 2026-09-16,sample,121,True,,우럭아왜우럭,45650004,51467278,False,,Scania 24,※ 4565만 4,Vision OCR; numeric and level fields visually checked against source,global_ranking,,,,
스크린샷 2026-09-16 214730.png,,134,134,임시보호소,노인관절꺾기,비숍,45516813,119,image,비숍,119,비숍,임시보호소,Scania 6,https://mgf.gg/ranking/?server=&job=&recent=1&stx=%EB%85%B8%EC%9D%B8%EA%B4%80%EC%A0%88%EA%BA%BE%EA%B8%B0,2026-09-17T12:47:09.664666+09:00,09.16,4경 7789조 2243억 712만,4778922430712,,not confirmed; screenshot filenames 2026-09-16,sample,119,True,,임시보호소,45516813,30964208,False,,Scania 6,※4551만 6813,Vision OCR; numeric and level fields visually checked against source,global_ranking,,,,
스크린샷 2026-09-16 214730.png,,135,135,고점,꾸룽감자,비숍,45466530,125,image,비숍,125,비숍,고점,Scania 14,https://mgf.gg/ranking/?server=&job=&recent=1&stx=%EC%A7%80%EC%A1%B4%EC%BD%A9%EB%96%A1,2026-09-17T12:46:50.537011+09:00,09.16,428경 8775조 7566억 6143만,428877575666143,,not confirmed; screenshot filenames 2026-09-16,sample,125,True,,고점,45466530,89275498,False,,Scania 14,※ 4546만 6530,Vision OCR; numeric and level fields visually checked against source,global_ranking,,,,
스크린샷 2026-09-16 214735.png,,136,136,칙촉,딴맛,나이트로드,45462126,122,image,나이트로드,122,나이트로드,칙촉,Scania 5,https://mgf.gg/ranking/?server=&job=&recent=1&stx=%EC%9A%B0%EC%A5%AC%EC%96%8C,2026-09-17T12:46:52.952049+09:00,09.16,90경 3018조 4455억 5591만,90301844555591,,not confirmed; screenshot filenames 2026-09-16,sample,122,True,,칙촉,45462126,46376096,False,,Scania 5,※ 4546만 2126,Vision OCR; numeric and level fields visually checked against source,global_ranking,,,,
스크린샷 2026-09-16 214735.png,,137,137,칙촉,포크레인사장,비숍,45306642,121,image,비숍,121,비숍,칙촉,Scania 5,https://mgf.gg/ranking/?server=&job=&recent=1&stx=%EC%A7%80%EC%A1%B4%EB%A7%88%EB%A6%AC,2026-09-17T12:47:01.075764+09:00,09.16,28경 264조 9743억 9302만,28026497439302,,not confirmed; screenshot filenames 2026-09-16,sample,121,True,,칙촉,45306642,46900138,False,,Scania 5,※4530만 6642,Vision OCR; numeric and level fields visually checked against source,global_ranking,,,,
스크린샷 2026-09-16 214735.png,,138,138,친구들,가을호떡,비숍,45274131,122,image,비숍,122,비숍,친구들,Scania 11,https://mgf.gg/ranking/?server=&job=&recent=1&stx=%ED%82%A4%EC%8A%A4%EB%AF%B8%EB%8B%AC%EB%A7%81,2026-09-17T12:46:52.348128+09:00,09.16,55경 5523조 6632억 6782만,55552366326782,,not confirmed; screenshot filenames 2026-09-16,sample,122,True,,친구들,45274131,55119099,False,,Scania 11,※4527만 4131,Vision OCR; numeric and level fields visually checked against source,global_ranking,,,,
스크린샷 2026-09-16 214735.png,,139,139,Kaia,저주캐릭,비숍,45260013,120,image,비숍,120,비숍,Kaia,Scania 31,https://mgf.gg/ranking/?server=&job=&recent=1&stx=%EB%8D%94%EC%9B%8C%EC%96%B4,2026-09-17T12:46:59.038482+09:00,09.17,21경 7716조 4917억 220만,21771649170220,,not confirmed; screenshot filenames 2026-09-16,sample,120,True,,Kaia,45260013,44070323,False,,Scania 31,※ 4526만 13,Vision OCR; numeric and level fields visually checked against source,global_ranking,,,,
스크린샷 2026-09-16 214735.png,,140,140,총군,악마얌,바이퍼,45170961,121,image,바이퍼,121,바이퍼,총군,Scania 27,https://mgf.gg/ranking/?server=&job=&recent=1&stx=%ED%81%AC%EB%A3%A8%EB%A6%B0,2026-09-17T12:47:01.722605+09:00,09.17,24경 28조 7653억 6333만,24002876536333,,not confirmed; screenshot filenames 2026-09-16,sample,121,True,,총군,45170961,178,False,,Scania 27,※ 4517만 961,Vision OCR; numeric and level fields visually checked against source,global_ranking,,,,
스크린샷 2026-09-16 214746.png,,141,141,LUXURY,김우이,보우마스터,45033357,122,image,보우마스터,122,보우마스터,LUXURY,Scania 16,https://mgf.gg/ranking/?server=&job=&recent=1&stx=%EB%AC%B8%EB%AC%B8%EB%AC%B8%EB%AD%89,2026-09-17T12:47:05.773848+09:00,09.17,43경 3027조 449억 3624만,43302704493624,,not confirmed; screenshot filenames 2026-09-16,sample,122,True,,LUXURY,45033357,40922612,False,,Scania 16,※ 4503만 3357,Vision OCR; numeric and level fields visually checked against source,global_ranking,,,,
스크린샷 2026-09-16 214746.png,,142,142,주연,요쁘,보우마스터,44925729,121,image,보우마스터,122,보우마스터,주연,Scania 61,https://mgf.gg/ranking/?server=&job=&recent=1&stx=%EA%BF%80%EC%9E%A0%EC%9E%89,2026-09-17T12:46:56.645068+09:00,09.17,52경 1117조 5828억 2598만,52111758282598,,not confirmed; screenshot filenames 2026-09-16,sample,121,True,,주연,44925729,42527796,False,,Scania 61,※ 4492만 5729,Vision OCR; numeric and level fields visually checked against source,global_ranking,,,,
스크린샷 2026-09-16 214746.png,,143,143,지존,지존소닷,비숍,44876700,123,image,비숍,123,비숍,지존,Scania 1,https://mgf.gg/ranking/?server=&job=&recent=1&stx=%EC%9A%B0%EC%A5%AC%EC%96%8C,2026-09-17T12:46:52.952049+09:00,09.16,73경 1984조 4378억 6212만,73198443786212,,not confirmed; screenshot filenames 2026-09-16,sample,123,True,,지존,44876700,58969655,False,,Scania 1,※4487만 6700,Vision OCR; numeric and level fields visually checked against source,global_ranking,,,,
스크린샷 2026-09-16 214746.png,,144,144,꿀돼지,모기딜,보우마스터,44855781,120,image,보우마스터,120,보우마스터,꿀돼지,Scania 4,https://mgf.gg/ranking/?server=&job=&recent=1&stx=%EB%AA%A8%EA%B8%B0%EB%94%9C,2026-09-17T12:47:10.279424+09:00,09.16,9경 8114조 3767억 5006만,9811437675006,,not confirmed; screenshot filenames 2026-09-16,sample,120,True,,꿀돼지,44855781,28845237,False,,Scania 4,※ 4485만 5781,Vision OCR; numeric and level fields visually checked against source,global_ranking,,,,
스크린샷 2026-09-16 214746.png,,145,145,떼굴떼굴,김청키,비숍,44808162,121,image,비숍,121,비숍,떼굴떼굴,Scania 28,https://mgf.gg/ranking/?server=&job=&recent=1&stx=%EB%8F%84%EB%B0%95%EC%A8%A92,2026-09-17T12:46:57.838225+09:00,09.17,30경 1168조 1095억 1254만,30116810951254,,not confirmed; screenshot filenames 2026-09-16,sample,121,True,,떼굴떼굴,44808162,47682537,False,,Scania 28,※4480만 8162,Vision OCR; numeric and level fields visually checked against source,global_ranking,,,,
스크린샷 2026-09-16 214752.png,,146,146,칙촉,전어구이,히어로,44764743,123,image,히어로,123,히어로,칙촉,Scania 5,https://mgf.gg/ranking/?server=&job=&recent=1&stx=%EC%9A%B0%EC%A5%AC%EC%96%8C,2026-09-17T12:46:52.952049+09:00,09.16,79경 2449조 7909억 1794만,79244979091794,,not confirmed; screenshot filenames 2026-09-16,sample,123,True,,칙촉,44764743,57323146,False,,Scania 5,※4476만 4743,Vision OCR; numeric and level fields visually checked against source,global_ranking,,,,
스크린샷 2026-09-16 214752.png,,147,147,초하,또해써,섀도어,44709228,124,image,섀도어,124,섀도어,초하,Scania 10,https://mgf.gg/ranking/?server=&job=&recent=1&stx=%EA%B5%B0%EB%B3%B4,2026-09-17T12:46:51.753527+09:00,09.16,232경 7975조 8591억 5772만,232797585915772,,not confirmed; screenshot filenames 2026-09-16,sample,124,True,,초하,44709228,58772127,False,,Scania 10,※4470만 9228,Vision OCR; numeric and level fields visually checked against source,global_ranking,,,,
스크린샷 2026-09-16 214752.png,,148,148,싸이월드,갓쿠,보우마스터,44628717,120,image,보우마스터,120,보우마스터,싸이월드,Scania 11,https://mgf.gg/ranking/?server=&job=&recent=1&stx=%ED%95%9C%EC%9A%B0%EC%B1%84%EB%81%9D,2026-09-17T12:46:57.234284+09:00,09.16,19경 7586조 2506억 8794만,19758625068794,,not confirmed; screenshot filenames 2026-09-16,sample,120,True,,싸이월드,44628717,33884388,False,,Scania 11,※4462만 8717,Vision OCR; numeric and level fields visually checked against source,global_ranking,,,,
스크린샷 2026-09-16 214752.png,,149,149,Play,쭈녕공주,비숍,44587464,121,image,비숍,121,비숍,Play,Scania 3,https://mgf.gg/ranking/?server=&job=&recent=1&stx=%EB%8D%94%EC%9B%8C%EC%96%B4,2026-09-17T12:46:59.038482+09:00,09.16,21경 6746조 194억 4771만,21674601944771,,not confirmed; screenshot filenames 2026-09-16,sample,121,True,,Play,44587464,44208121,False,,Scania 3,※4458만 7464,Vision OCR; numeric and level fields visually checked against source,global_ranking,,,,
스크린샷 2026-09-16 214752.png,,150,150,블링블리,라온SP,비숍,44582067,127,image,비숍,127,비숍,블링블리,Scania 27,https://mgf.gg/ranking/?server=&job=&recent=1&stx=%EB%83%90%EB%9D%BD%EC%BF%B5,2026-09-17T12:46:49.937431+09:00,09.17,1336경 3808조 6607억 9136만,1336380866079136,,not confirmed; screenshot filenames 2026-09-16,sample,127,True,,블링블리,44582067,116870910,False,,Scania 27,※ 4458만 2067,Vision OCR; numeric and level fields visually checked against source,global_ranking,,,,
스크린샷 2026-09-16 214804.png,,151,151,화조,티리앨,비숍,44386647,119,image,비숍,119,비숍,화조,Scania 26,https://mgf.gg/ranking/?server=&job=&recent=1&stx=%ED%8B%B0%EB%A6%AC%EC%95%A8,2026-09-17T12:47:10.870570+09:00,09.17,7경 4533조 9472억 9021만,7453394729021,,not confirmed; screenshot filenames 2026-09-16,sample,119,True,,화조,44386647,34296953,False,,Scania 26,※4438만 6647,Vision OCR; numeric and level fields visually checked against source,global_ranking,,,,
스크린샷 2026-09-16 214804.png,,152,152,냐락,떠네X,나이트로드,44281344,121,image,나이트로드,121,나이트로드,냐락,Scania 26,https://mgf.gg/ranking/?server=&job=&recent=1&stx=%ED%95%AB%ED%94%BD,2026-09-17T12:47:07.569859+09:00,09.17,18경 289조 4082억 1027만,18028940821027,,not confirmed; screenshot filenames 2026-09-16,sample,121,True,,냐락,44281344,31883786,False,,Scania 26,※4428만 1344,Vision OCR; numeric and level fields visually checked against source,global_ranking,,,,
스크린샷 2026-09-16 214804.png,,153,153,리안,Matter,비숍,44211177,123,image,비숍,123,비숍,리안,Scania 11,https://mgf.gg/ranking/?server=&job=&recent=1&stx=%EC%98%A4%ED%94%88%EB%B9%8C%EB%8D%94,2026-09-17T12:46:54.747305+09:00,09.16,60경 339조 6350억 2632만,60033963502632,,not confirmed; screenshot filenames 2026-09-16,sample,123,True,,리안,44211177,56340990,False,,Scania 11,※4421만 1177,Vision OCR; numeric and level fields visually checked against source,global_ranking,,,,
스크린샷 2026-09-16 214804.png,,154,154,장협,엗오,비숍,44124324,122,image,비숍,122,비숍,장협,Scania 32,https://mgf.gg/ranking/?server=&job=&recent=1&stx=%EB%8F%84%EB%B0%95%EC%A8%A92,2026-09-17T12:46:57.838225+09:00,09.17,31경 3410조 5612억 1509만,31341056121509,,not confirmed; screenshot filenames 2026-09-16,sample,122,True,,장협,44124324,48319970,False,,Scania 32,※ 4412만 4324,Vision OCR; numeric and level fields visually checked against source,global_ranking,,,,
스크린샷 2026-09-16 214804.png,,155,155,반짝,봉지쑤시개,보우마스터,44088570,120,image,보우마스터,120,보우마스터,반짝,Scania 4,https://mgf.gg/ranking/?server=&job=&recent=1&stx=%ED%95%9C%EC%9A%B0%EC%B1%84%EB%81%9D,2026-09-17T12:46:57.234284+09:00,09.16,20경 3063조 1651억 2616만,20306316512616,,not confirmed; screenshot filenames 2026-09-16,sample,120,True,,반짝,44088570,34098146,False,,Scania 4,※4408만 8570,Vision OCR; numeric and level fields visually checked against source,global_ranking,,,,
스크린샷 2026-09-16 214815.png,,156,156,환불런,따코유,캡틴,43961223,124,image,캡틴,124,캡틴,환불런,Scania 31,https://mgf.gg/ranking/?server=&job=&recent=1&stx=%EA%B5%B0%EB%B3%B4,2026-09-17T12:46:51.753527+09:00,09.17,218경 650조 5391억 9372만,218065053919372,,not confirmed; screenshot filenames 2026-09-16,sample,124,True,,환불런,43961223,300,False,,Scania 31,※4396만 1223,Vision OCR; numeric and level fields visually checked against source,global_ranking,,,,
스크린샷 2026-09-16 214815.png,,157,157,난투,홍나인,비숍,43825257,119,image,비숍,119,비숍,난투,Scania 28,https://mgf.gg/ranking/?server=&job=&recent=1&stx=%EB%80%A8%EC%9E%89%EC%8A%A4,2026-09-17T12:46:59.640662+09:00,09.17,6경 3859조 551억 4356만,6385905514356,,not confirmed; screenshot filenames 2026-09-16,sample,119,True,,난투,43825257,33099029,False,,Scania 28,※ 4382만 5257,Vision OCR; numeric and level fields visually checked against source,global_ranking,,,,
스크린샷 2026-09-16 214815.png,,158,158,고양이손바닥,땅호아,비숍,43799691,118,image,비숍,118,비숍,고양이손바닥,Scania 25,https://mgf.gg/ranking/?server=&job=&recent=1&stx=%EB%95%85%ED%98%B8%EC%95%84,2026-09-17T12:47:11.467136+09:00,09.17,10경 4086조 6242억 3171만,10408662423171,,not confirmed; screenshot filenames 2026-09-16,sample,118,True,,고양이손바닥,43799691,36879281,False,,Scania 25,※4379만 9691,Vision OCR; numeric and level fields visually checked against source,global_ranking,,,,
스크린샷 2026-09-16 214815.png,,159,159,유설,푸우핑,팔라딘,43655883,127,image,팔라딘,127,팔라딘,유설,Scania 18,https://mgf.gg/ranking/?server=&job=&recent=1&stx=%EB%83%90%EB%9D%BD%EC%BF%B5,2026-09-17T12:46:49.937431+09:00,09.17,1225경 2000조 2464억 843만,1225200024640843,,not confirmed; screenshot filenames 2026-09-16,sample,127,True,,유설,43655883,95678224,False,,Scania 18,※4365만 5883,Vision OCR; numeric and level fields visually checked against source,global_ranking,,,,
스크린샷 2026-09-16 214815.png,,160,160,z존S2,쨍존,보우마스터,43654740,123,image,보우마스터,123,보우마스터,zl존S2,Scania 17,https://mgf.gg/ranking/?server=&job=&recent=1&stx=%EC%BA%90%EC%9D%BC%EB%A6%AC,2026-09-17T12:46:51.152225+09:00,09.17,151경 3899조 4228억 9417만,151389942289417,,not confirmed; screenshot filenames 2026-09-16,sample,123,True,,zl존S2,43654740,54797386,False,,Scania 17,※4365만 4740,Vision OCR; numeric and level fields visually checked against source,global_ranking,"guild differs, but exact nickname/server/job/level match; possible guild change or glyph difference",,,
스크린샷 2026-09-16 214822.png,,161,161,냐락,리니트,비숍,43395150,121,image,비숍,121,비숍,냐락,Scania 26,https://mgf.gg/ranking/?server=&job=&recent=1&stx=%EB%A6%AC%EB%8B%88%ED%8A%B8,2026-09-17T14:00:08.664981+09:00,09.17,10경 654조 3179억 4885만,10065431794885,,not confirmed; screenshot filenames 2026-09-16,sample,121,True,,냐락,43395150,37058236,True,,Scania 26,※4339만 5150,Vision OCR; numeric and level fields visually checked against source,global_ranking,,리니트,,
스크린샷 2026-09-16 214822.png,,162,162,유희,황해면선생,비숍,43351086,121,image,비숍,121,비숍,유희,Scania 6,https://mgf.gg/ranking/?server=&job=&recent=1&stx=%ED%99%A9%ED%95%B4%EB%A9%B4%EC%84%A0%EC%83%9D,2026-09-17T14:00:09.296935+09:00,09.16,22경 4978조 7812억 8970만,22497878128970,,not confirmed; screenshot filenames 2026-09-16,sample,121,True,,유희,43351086,44588807,True,,Scania 6,※4335만 1086,Vision OCR; numeric and level fields visually checked against source,global_ranking,,황해면선생,,
스크린샷 2026-09-16 214822.png,,163,163,괴콩,싲프,비숍,43335918,120,image,비숍,120,비숍,설묘,Scania 25,https://mgf.gg/ranking/?server=&job=&recent=1&stx=%EC%8B%B2%ED%94%84,2026-09-17T14:00:09.886980+09:00,09.17,21경 4390조 3992억 9260만,21439039929260,,not confirmed; screenshot filenames 2026-09-16,sample,120,True,,설묘,43335918,43914552,True,,Scania 25,※4333만 5918,Vision OCR; numeric and level fields visually checked against source,global_ranking,"guild differs, but exact nickname/server/job/level match; possible guild change or glyph difference",싲프,,
스크린샷 2026-09-16 214822.png,,164,164,총군,히어로츄,팔라딘,43260675,121,image,팔라딘,121,팔라딘,총군,Scania 27,https://mgf.gg/ranking/?server=&job=&recent=1&stx=%ED%9E%88%EC%96%B4%EB%A1%9C%EC%B8%84,2026-09-17T14:00:10.690299+09:00,09.17,35경 6497조 3534억 5032만,35649735345032,,not confirmed; screenshot filenames 2026-09-16,sample,121,True,,총군,43260675,41398945,True,,Scania 27,※ 4326만 675,Vision OCR; numeric and level fields visually checked against source,global_ranking,,히어로츄,,
스크린샷 2026-09-16 214822.png,,165,165,카피바라네,쿼캎,비숍,43055778,120,image,비숍,120,비숍,카피바라네,Scania 17,https://mgf.gg/contents/guild_info.php?g_name=%EC%B9%B4%ED%94%BC%EB%B0%94%EB%9D%BC%EB%84%A4,2026-09-17T14:00:42.371244+09:00,2026.09.17,22경 4632조 1687억 4686만,22463216874686,,not confirmed; screenshot filenames 2026-09-16,sample,120,True,,카피바라네,43055778,44388429,True,,Scania 17,※ 4305만 5778,Vision OCR; numeric and level fields visually checked against source,global_ranking,,쿼캎,,
스크린샷 2026-09-16 214828.png,,166,166,달콩,쇳대,바이퍼,43049427,120,image,바이퍼,120,바이퍼,달콩,Scania 4,https://mgf.gg/ranking/?server=&job=&recent=1&stx=%EC%87%B3%EB%8C%80,2026-09-17T14:00:12.241666+09:00,09.16,20경 4136조 4955억 6080만,20413649556080,,not confirmed; screenshot filenames 2026-09-16,sample,120,True,,달콩,43049427,171,True,,Scania 4,※ 4304만 9427,Vision OCR; numeric and level fields visually checked against source,global_ranking,,쇳대,,
스크린샷 2026-09-16 214828.png,,167,167,빠따,꽁칟뿡야,비숍,42991284,119,image,비숍,119,비숍,빠따,Scania 12,https://mgf.gg/contents/guild_info.php?g_name=%EB%B9%A0%EB%94%B0,2026-09-17 (cached report input),2026.09.12,12경 5481조 8764억 9180만,12548187649180,,not confirmed; screenshot filenames 2026-09-16,sample,119,True,,빠따,42991284,38662303,True,,Scania 12,※ 4299만 1284,Vision OCR; numeric and level fields visually checked against source,global_ranking,,꽁칟뿡야,,
스크린샷 2026-09-16 214828.png,,168,168,블링블리,나윤공주,비숍,42958365,123,image,비숍,123,비숍,블링블리,Scania 27,https://mgf.gg/ranking/?server=&job=&recent=1&stx=%EB%82%98%EC%9C%A4%EA%B3%B5%EC%A3%BC,2026-09-17T14:00:13.739105+09:00,09.17,71경 3848조 2839억 7218만,71384828397218,,not confirmed; screenshot filenames 2026-09-16,sample,123,True,,블링블리,42958365,58630355,True,,Scania 27,※ 4295만 8365,Vision OCR; numeric and level fields visually checked against source,global_ranking,,나윤공주,,
스크린샷 2026-09-16 214828.png,,169,169,빠따,다씨,섀도어,42895779,125,image,섀도어,125,섀도어,빠따,Scania 12,https://mgf.gg/contents/guild_info.php?g_name=%EB%B9%A0%EB%94%B0,2026-09-17 (cached report input),2026.09.12,229경 2838조 2167억 5155만,229283821675155,,not confirmed; screenshot filenames 2026-09-16,sample,125,True,,빠따,42895779,58802584,True,,Scania 12,※ 4289만 5779,Vision OCR; numeric and level fields visually checked against source,global_ranking,,다씨,,
스크린샷 2026-09-16 214828.png,,170,170,FAIR,vvvvwvvvv,비숍,42832254,119,image,비숍,119,비숍,FAIR,Scania 28,https://mgf.gg/contents/guild_info.php?g_name=FAIR,2026-09-17T14:00:42.877807+09:00,2026.09.17,11경 3486조 7648억 7279만,11348676487279,,not confirmed; screenshot filenames 2026-09-16,sample,119,True,,FAIR,42832254,37779089,True,,Scania 28,※ 4283만 2254,Vision OCR; numeric and level fields visually checked against source,global_ranking,,WWW,,
스크린샷 2026-09-16 214836.png,,171,171,헤라,휴가복코,비숍,42766788,121,image,비숍,121,비숍,헤라,Scania 6,https://mgf.gg/ranking/?server=&job=&recent=1&stx=%ED%9C%B4%EA%B0%80%EB%B3%B5%EC%BD%94,2026-09-17T14:00:15.205926+09:00,09.16,38경 7706조 4188억 7522만,38770641887522,,not confirmed; screenshot filenames 2026-09-16,sample,121,True,,헤라,42766788,50534617,True,,Scania 6,※ 4276만 6788,Vision OCR; numeric and level fields visually checked against source,global_ranking,,휴가복코,,
스크린샷 2026-09-16 214836.png,,172,172,채금,역뢰,보우마스터,42746883,120,image,보우마스터,120,보우마스터,채금,Scania 29,https://mgf.gg/ranking/?server=&job=&recent=1&stx=%EC%97%AD%EB%A2%B0,2026-09-17T14:00:15.800065+09:00,09.17,15경 314조 1903억 9473만,15031419039473,,not confirmed; screenshot filenames 2026-09-16,sample,120,True,,채금,42746883,31818932,True,,Scania 29,※4274만 6883,Vision OCR; numeric and level fields visually checked against source,global_ranking,,역뢰,,
스크린샷 2026-09-16 214836.png,,173,173,점프킹,아크메이딩동,비숍,42689898,122,image,비숍,122,비숍,점프킹,Scania 5,https://mgf.gg/ranking/?server=&job=&recent=1&stx=%EC%95%84%ED%81%AC%EB%A9%94%EC%9D%B4%EB%94%A9%EB%8F%99,2026-09-17T14:00:16.400980+09:00,09.16,48경 9698조 8877억 6533만,48969888776533,,not confirmed; screenshot filenames 2026-09-16,sample,122,True,,점프킹,42689898,53543187,True,,Scania 5,※4268만 9898,Vision OCR; numeric and level fields visually checked against source,global_ranking,,아크메이딩동,,
스크린샷 2026-09-16 214836.png,,174,174,흑사,흑먀툐,비숍,42604737,121,image,비숍,121,비숍,흑사,Scania 29,https://mgf.gg/contents/guild_info.php?g_name=%ED%9D%91%EC%82%AC,2026-09-17T14:01:15.723022+09:00,2026.09.17,56경 9004조 5295억 271만,56900452950271,,not confirmed; screenshot filenames 2026-09-16,sample,121,True,,흑사,42604737,55196293,True,,Scania 29,※ 4260만 4737,Vision OCR; numeric and level fields visually checked against source,global_ranking,,흑먀툐,,
스크린샷 2026-09-16 214836.png,,175,175,모두있음,둥곰언니,신궁,42504624,131,image,신궁,131,신궁,모두있음,Scania 22,https://mgf.gg/ranking/?server=&job=&recent=1&stx=%EB%91%A5%EA%B3%B0%EC%96%B8%EB%8B%88,2026-09-17T14:00:17.904377+09:00,09.17,6해 8852경 1022조 9005억 1943만,8852102290051943,,not confirmed; screenshot filenames 2026-09-16,sample,131,True,,모두있음,42504624,165419252,True,,Scania 22,※ 4250만 4624,Vision OCR; numeric and level fields visually checked against source,global_ranking,,둥곰언니,,
스크린샷 2026-09-16 214843.png,,176,176,헤라클레스,유지애123,비숍,42477051,118,image,비숍,118,비숍,헤라클레스,Scania 38,https://mgf.gg/ranking/?server=&job=&recent=1&stx=%EC%9C%A0%EC%A7%80%EC%95%A0123,2026-09-17T14:00:18.515932+09:00,09.17,3경 7163조 5986억 7271만,3716359867271,,not confirmed; screenshot filenames 2026-09-16,sample,118,True,,헤라클레스,42477051,29101052,True,,Scania 38,※ 4247만 7051,Vision OCR; numeric and level fields visually checked against source,global_ranking,,유지애123,,
스크린샷 2026-09-16 214843.png,,177,177,싸이월드,냠규리,보우마스터,42475920,120,image,보우마스터,120,보우마스터,싸이월드,Scania 11,https://mgf.gg/ranking/?server=&job=&recent=1&stx=%EB%83%A0%EA%B7%9C%EB%A6%AC,2026-09-17T14:00:19.105439+09:00,09.16,26경 6351조 1949억 4041만,26635119494041,,not confirmed; screenshot filenames 2026-09-16,sample,120,True,,싸이월드,42475920,36293610,True,,Scania 11,※4247만 5920,Vision OCR; numeric and level fields visually checked against source,global_ranking,,냠규리,,
스크린샷 2026-09-16 214843.png,,178,178,LUXURY,한수찬,비숍,42451320,120,image,비숍,120,비숍,LUXURY,Scania 16,https://mgf.gg/ranking/?server=&job=&recent=1&stx=%ED%95%9C%EC%88%98%EC%B0%AC,2026-09-17T14:00:19.710460+09:00,09.17,8경 1304조 462억 761만,8130404620761,,not confirmed; screenshot filenames 2026-09-16,sample,120,True,,LUXURY,42451320,35136381,True,,Scania 16,※4245만 1320,Vision OCR; numeric and level fields visually checked against source,global_ranking,,한수찬,,
스크린샷 2026-09-16 214843.png,,179,179,유랑,불풍,비숍,42414771,121,image,비숍,121,비숍,유랑,Scania 6,https://mgf.gg/ranking/?server=&job=&recent=1&stx=%EB%B6%88%ED%92%8D,2026-09-17T14:00:20.302657+09:00,09.16,43경 1795조 9478억 4067만,43179594784067,,not confirmed; screenshot filenames 2026-09-16,sample,121,True,,유랑,42414771,51802099,True,,Scania 6,※4241만 4771,Vision OCR; numeric and level fields visually checked against source,global_ranking,,불풍,,
스크린샷 2026-09-16 214843.png,,180,180,다콩,찐욱,비숍,42403644,119,image,비숍,119,비숍,다콩,Scania 22,https://mgf.gg/ranking/?server=&job=&recent=1&stx=%EC%B0%90%EC%9A%B1,2026-09-17T14:00:20.924171+09:00,09.17,9경 3486조 9433억 3058만,9348694333058,,not confirmed; screenshot filenames 2026-09-16,sample,119,True,,다콩,42403644,36131568,True,,Scania 22,※ 4240만 3644,Vision OCR; numeric and level fields visually checked against source,global_ranking,,찐욱,,
스크린샷 2026-09-16 214850.png,,181,181,싸이월드,파괴한마,히어로,42364725,121,image,히어로,121,히어로,싸이월드,Scania 11,https://mgf.gg/ranking/?server=&job=&recent=1&stx=%ED%9E%88%EC%96%B4%EB%A1%9C%EC%B8%84,2026-09-17T14:00:10.690299+09:00,09.16,33경 9835조 1816억 9298만,33983518169298,,not confirmed; screenshot filenames 2026-09-16,sample,121,True,,싸이월드,42364725,46794882,True,,Scania 11,※ 4236만 4725,Vision OCR; numeric and level fields visually checked against source,global_ranking,,파괴한마,,
스크린샷 2026-09-16 214850.png,,182,182,콩콩,승짱몬,보우마스터,42359457,120,image,보우마스터,120,보우마스터,콩콩,Scania 2,https://mgf.gg/ranking/?server=&job=&recent=1&stx=%EC%8B%B2%ED%94%84,2026-09-17T14:00:09.886980+09:00,09.16,22경 31조 446억 7015만,22003104467015,,not confirmed; screenshot filenames 2026-09-16,sample,120,True,,콩콩,42359457,34733369,True,,Scania 2,※ 4235만 9457,Vision OCR; numeric and level fields visually checked against source,global_ranking,,승짱몬,,
스크린샷 2026-09-16 214850.png,,183,183,LUXURY,럭키프렉,비숍,42347613,123,image,비숍,123,비숍,LUXURY,Scania 16,https://mgf.gg/ranking/?server=&job=&recent=1&stx=%EB%9F%AD%ED%82%A4%ED%94%84%EB%A0%89,2026-09-17T14:00:21.516404+09:00,09.17,81경 8508조 3725억 91만,81850837250091,,not confirmed; screenshot filenames 2026-09-16,sample,123,True,,LUXURY,42347613,60504612,True,,Scania 16,※4234만 7613,Vision OCR; numeric and level fields visually checked against source,global_ranking,,럭키프렉,,
스크린샷 2026-09-16 214850.png,,184,184,고양이손바닥,튼꼼,비숍,42316074,118,image,비숍,118,비숍,고양이손바닥,Scania 25,https://mgf.gg/ranking/?server=&job=&recent=1&stx=%ED%8A%BC%EA%BC%BC,2026-09-17T14:00:22.138133+09:00,09.17,3경 6820조 2876억 4850만,3682028764850,,not confirmed; screenshot filenames 2026-09-16,sample,118,True,,고양이손바닥,42316074,29039000,True,,Scania 25,※4231만 6074,Vision OCR; numeric and level fields visually checked against source,global_ranking,,튼꼼,,
스크린샷 2026-09-16 214850.png,,185,185,회색,꼴렁,바이퍼,42267801,121,image,바이퍼,121,바이퍼,회색,Scania 1,https://mgf.gg/ranking/?server=&job=&recent=1&stx=%ED%9E%88%EC%96%B4%EB%A1%9C%EC%B8%84,2026-09-17T14:00:10.690299+09:00,09.16,35경 4750조 1799억 9621만,35475017999621,,not confirmed; screenshot filenames 2026-09-16,sample,121,True,,회색,42267801,195,True,,Scania 1,※4226만 7801,Vision OCR; numeric and level fields visually checked against source,global_ranking,,꼴렁,,
스크린샷 2026-09-16 214855.png,,186,186,아너,냥이여리,비숍,42224886,117,image,비숍,117,비숍,아너,Scania 26,https://mgf.gg/ranking/?server=&job=&recent=1&stx=%EB%83%A5%EC%9D%B4%EC%97%AC%EB%A6%AC,2026-09-17T14:00:22.734856+09:00,09.17,4경 216조 4293억 1595만,4021642931595,,not confirmed; screenshot filenames 2026-09-16,sample,117,True,,아너,42224886,29508446,True,,Scania 26,※ 4222만 4886,Vision OCR; numeric and level fields visually checked against source,global_ranking,,냥이여리,,
스크린샷 2026-09-16 214855.png,,187,187,호러,누짜,비숍,42142629,122,image,비숍,122,비숍,호러,Scania 10,https://mgf.gg/ranking/?server=&job=&recent=1&stx=%ED%9E%88%EC%96%B4%EB%A1%9C%EC%B8%84,2026-09-17T14:00:10.690299+09:00,09.16,36경 5167조 3358억 777만,36516733580777,,not confirmed; screenshot filenames 2026-09-16,sample,122,True,,호러,42142629,50048799,True,,Scania 10,※4214만 2629,Vision OCR; numeric and level fields visually checked against source,global_ranking,,누짜,,
스크린샷 2026-09-16 214855.png,,188,188,순항,협의체,비숍,42080958,118,image,비숍,118,비숍,순항,Scania 26,https://mgf.gg/ranking/?server=&job=&recent=1&stx=%ED%98%91%EC%9D%98%EC%B2%B4,2026-09-17T14:00:23.323767+09:00,09.17,7경 3660조 7716억 2754만,7366077162754,,not confirmed; screenshot filenames 2026-09-16,sample,118,True,,순항,42080958,34060103,True,,Scania 26,※ 4208만 958,Vision OCR; numeric and level fields visually checked against source,global_ranking,,협의체,,
스크린샷 2026-09-16 214855.png,,189,189,유희,무과금선포,히어로,42053385,126,image,히어로,126,히어로,유희,Scania 6,https://mgf.gg/ranking/?server=&job=&recent=1&stx=%EB%AC%B4%EA%B3%BC%EA%B8%88%EC%84%A0%ED%8F%AC,2026-09-17T14:00:23.916016+09:00,09.16,547경 788조 9517억 8141만,547078895178141,,not confirmed; screenshot filenames 2026-09-16,sample,126,True,,유희,42053385,90479610,True,,Scania 6,※ 4205만 3385,Vision OCR; numeric and level fields visually checked against source,global_ranking,,무과금선포,,
스크린샷 2026-09-16 214855.png,,190,190,LUXURY,살뽀시,비숍,42021630,122,image,비숍,122,비숍,LUXURY,Scania 16,https://mgf.gg/ranking/?server=&job=&recent=1&stx=%EB%83%A0%EA%B7%9C%EB%A6%AC,2026-09-17T14:00:19.105439+09:00,09.17,27경 703조 3188억 2877만,27070331882877,,not confirmed; screenshot filenames 2026-09-16,sample,122,True,,LUXURY,42021630,46719055,True,,Scania 16,※ 4202만 1630,Vision OCR; numeric and level fields visually checked against source,global_ranking,,살뽀시,,
스크린샷 2026-09-16 214901.png,,191,191,츄억,아지츄,비숍,42001236,121,image,비숍,121,비숍,츄억,Scania 28,https://mgf.gg/ranking/?server=&job=&recent=1&stx=%EC%8B%B2%ED%94%84,2026-09-17T14:00:09.886980+09:00,09.17,20경 4804조 827억 3047만,20480408273047,,not confirmed; screenshot filenames 2026-09-16,sample,121,True,,츄억,42001236,43635622,True,,Scania 28,※ 4200만 1236,Vision OCR; numeric and level fields visually checked against source,global_ranking,,아지츄,,
스크린샷 2026-09-16 214901.png,,192,192,Play,난닝구,비숍,41923275,119,image,비숍,119,비숍,Play,Scania 3,https://mgf.gg/ranking/?server=&job=&recent=1&stx=%ED%99%A9%ED%95%B4%EB%A9%B4%EC%84%A0%EC%83%9D,2026-09-17T14:00:09.296935+09:00,09.16,22경 6299조 3605억 2115만,22629936052115,,not confirmed; screenshot filenames 2026-09-16,sample,119,True,,Play,41923275,44278332,True,,Scania 3,※ 4192만 3275,Vision OCR; numeric and level fields visually checked against source,global_ranking,,난닝구,,
스크린샷 2026-09-16 214901.png,,193,193,Puppyz,꼭미녀,비숍,41906430,119,image,비숍,119,비숍,Puppyz,Scania 60,https://mgf.gg/ranking/?server=&job=&recent=1&stx=%EA%BC%AD%EB%AF%B8%EB%85%80,2026-09-17T14:00:24.507794+09:00,09.17,16경 5355조 4690억 3042만,16535546903042,,not confirmed; screenshot filenames 2026-09-16,sample,119,True,,Puppyz,41906430,41195555,True,,Scania 60,※4190만 6430,Vision OCR; numeric and level fields visually checked against source,global_ranking,,꼭미녀,,
스크린샷 2026-09-16 214901.png,,194,194,스포,쵸쿄숑이,비숍,41867193,119,image,비숍,119,비숍,스포,Scania 35,https://mgf.gg/contents/guild_info.php?g_name=%EC%8A%A4%ED%8F%AC,2026-09-17T14:00:43.421699+09:00,2026.09.17,10경 3918조 2332억 4599만,10391823324599,,not confirmed; screenshot filenames 2026-09-16,sample,119,True,,스포,41867193,37021430,True,,Scania 35,※ 4186만 7193,Vision OCR; numeric and level fields visually checked against source,global_ranking,,쵸쿄숑이,,
스크린샷 2026-09-16 214901.png,,195,195,냐락,냐락오리,비숍,41852421,123,image,비숍,123,비숍,냐락,Scania 26,https://mgf.gg/ranking/?server=&job=&recent=1&stx=%EB%9F%AD%ED%82%A4%ED%94%84%EB%A0%89,2026-09-17T14:00:21.516404+09:00,09.17,76경 5248조 3549억 468만,76524835490468,,not confirmed; screenshot filenames 2026-09-16,sample,123,True,,냐락,41852421,59575503,True,,Scania 26,※ 4185만 2421,Vision OCR; numeric and level fields visually checked against source,global_ranking,,냐락오리,,
스크린샷 2026-09-16 214907.png,,196,196,쌈닭,일밤잉,비숍,41842539,119,image,비숍,119,비숍,쌈닭,Scania 14,https://mgf.gg/ranking/?server=&job=&recent=1&stx=%EC%9D%BC%EB%B0%A4%EC%9E%89,2026-09-17T14:00:25.774920+09:00,09.16,7경 8511조 8031억 3166만,7851180313166,,not confirmed; screenshot filenames 2026-09-16,sample,119,True,,쌈닭,41842539,34709561,True,,Scania 14,※4184만 2539,Vision OCR; numeric and level fields visually checked against source,global_ranking,,일밤잉,,
스크린샷 2026-09-16 214907.png,,197,197,악동,카타삐,비숍,41803824,119,image,비숍,119,비숍,악동,Scania 1,https://mgf.gg/ranking/?server=&job=&recent=1&stx=%EC%B9%B4%ED%83%80%EC%82%90,2026-09-17T14:00:26.362849+09:00,09.16,5경 462조 1349억 8116만,5046213498116,,not confirmed; screenshot filenames 2026-09-16,sample,119,True,,악동,41803824,31354233,True,,Scania 1,※ 4180만 3824,Vision OCR; numeric and level fields visually checked against source,global_ranking,,카타삐,,
스크린샷 2026-09-16 214907.png,,198,198,다콩,썬더님,비숍,41769957,124,image,비숍,124,비숍,다콩,Scania 22,https://mgf.gg/ranking/?server=&job=&recent=1&stx=%EC%8D%AC%EB%8D%94%EB%8B%98,2026-09-17T14:00:26.949442+09:00,09.17,114경 929조 3689억 9538만,114092936899538,,not confirmed; screenshot filenames 2026-09-16,sample,124,True,,다콩,41769957,65572383,True,,Scania 22,※4176만 9957,Vision OCR; numeric and level fields visually checked against source,global_ranking,,썬더님,,
스크린샷 2026-09-16 214907.png,,199,199,달빛아이들,블렝,바이퍼,41385447,123,image,바이퍼,123,바이퍼,달빛아이들,Scania 36,https://mgf.gg/ranking/?server=&job=&recent=1&stx=%EB%82%98%EC%9C%A4%EA%B3%B5%EC%A3%BC,2026-09-17T14:00:13.739105+09:00,09.17,69경 1285조 3050억 7801만,69128530507801,,not confirmed; screenshot filenames 2026-09-16,sample,123,True,,달빛아이들,41385447,229,True,,Scania 36,※4138만 5447,Vision OCR; numeric and level fields visually checked against source,global_ranking,,블렝,,
스크린샷 2026-09-16 214907.png,,200,200,블링블리,아가링,비숍,41335962,122,image,비숍,122,비숍,블링블리,Scania 27,https://mgf.gg/ranking/?server=&job=&recent=1&stx=%EC%95%84%EA%B0%80%EB%A7%81,2026-09-17T14:00:27.530402+09:00,09.17,30경 530조 8782억 5091만,30053087825091,,not confirmed; screenshot filenames 2026-09-16,sample,122,True,,블링블리,41335962,47855848,True,,Scania 27,x4133만 5962,Vision OCR; numeric and level fields visually checked against source,global_ranking,,아가링,,
스크린샷 2026-09-16 214913.png,,201,201,리안,메키에바란다,팔라딘,41291799,123,image,팔라딘,123,팔라딘,리안,Scania 11,https://mgf.gg/ranking/?server=&job=&recent=1&stx=%EC%8D%AC%EB%8D%94%EB%8B%98,2026-09-17T14:00:26.949442+09:00,09.16,94경 4078조 28억 5858만,94407800285858,,not confirmed; screenshot filenames 2026-09-16,sample,123,True,,리안,41291799,52218934,True,,Scania 11,※ 4129만 1799,Vision OCR; numeric and level fields visually checked against source,global_ranking,,메키에바란다,,
스크린샷 2026-09-16 214913.png,,202,202,유니크,차수진,비숍,41260089,120,image,비숍,120,비숍,유니크,Scania 1,https://mgf.gg/contents/guild_info.php?g_name=%EC%9C%A0%EB%8B%88%ED%81%AC,2026-09-17 (cached report input),2026.09.16,11경 5243조 7484억 6548만,11524374846548,,not confirmed; screenshot filenames 2026-09-16,sample,120,True,,유니크,41260089,38071784,True,,Scania 1,※ 4126만 89,Vision OCR; numeric and level fields visually checked against source,global_ranking,,차수진,,
스크린샷 2026-09-16 214913.png,,203,203,LUXURY,한수린,비숍,41223738,119,image,비숍,119,비숍,LUXURY,Scania 16,https://mgf.gg/ranking/?server=&job=&recent=1&stx=%ED%95%9C%EC%88%98%EB%A6%B0,2026-09-17T14:00:28.129537+09:00,09.17,8경 9684조 5487억 8516만,8968454878516,,not confirmed; screenshot filenames 2026-09-16,sample,119,True,,LUXURY,41223738,35788141,True,,Scania 16,※ 4122만 3738,Vision OCR; numeric and level fields visually checked against source,global_ranking,,한수린,,
스크린샷 2026-09-16 214913.png,,204,204,둥글,슈빠,비숍,41214312,118,image,비숍,118,비숍,둥글,Scania 26,https://mgf.gg/ranking/?server=&job=&recent=1&stx=%EC%8A%88%EB%B9%A0,2026-09-17T14:00:28.720718+09:00,09.17,3경 1526조 202억 7992만,3152602027992,,not confirmed; screenshot filenames 2026-09-16,sample,118,True,,둥글,41214312,28020476,True,,Scania 26,※ 4121만 4312,Vision OCR; numeric and level fields visually checked against source,global_ranking,,슈빠,,
스크린샷 2026-09-16 214913.png,,205,205,채금,쭈딘,팔라딘,41161509,119,image,팔라딘,119,팔라딘,채금,Scania 29,https://mgf.gg/ranking/?server=&job=&recent=1&stx=%EC%AD%88%EB%94%98,2026-09-17T14:00:29.326858+09:00,09.17,11경 1833조 4850억 8811만,11183348508811,,not confirmed; screenshot filenames 2026-09-16,sample,119,True,,채금,41161509,31446234,True,,Scania 29,※4116만 1509,Vision OCR; numeric and level fields visually checked against source,global_ranking,,쭈딘,,
스크린샷 2026-09-16 214919.png,,206,206,흑사,흑막왕,보우마스터,41155320,119,image,보우마스터,119,보우마스터,흑사,Scania 29,https://mgf.gg/ranking/?server=&job=&recent=1&stx=%ED%9D%91%EB%A7%89%EC%99%95,2026-09-17T14:00:29.917773+09:00,09.17,18경 230조 5093억 2715만,18023050932715,,not confirmed; screenshot filenames 2026-09-16,sample,119,True,,흑사,41155320,33036875,True,,Scania 29,※ 4115만 5320,Vision OCR; numeric and level fields visually checked against source,global_ranking,,흑막왕,,
스크린샷 2026-09-16 214919.png,,207,207,스나,확률조작공주,비숍,41056572,122,image,비숍,122,비숍,스나,Scania 27,https://mgf.gg/ranking/?server=&job=&recent=1&stx=%ED%9C%B4%EA%B0%80%EB%B3%B5%EC%BD%94,2026-09-17T14:00:15.205926+09:00,09.17,37경 6367조 2023억 3095만,37636720233095,,not confirmed; screenshot filenames 2026-09-16,sample,122,True,,스나,41056572,50397759,True,,Scania 27,※4105만 6572,Vision OCR; numeric and level fields visually checked against source,global_ranking,,확률조작공주,,
스크린샷 2026-09-16 214919.png,,208,208,운화,나락메키,비숍,41004048,117,image,비숍,117,비숍,운화,Scania 72,https://mgf.gg/ranking/?server=&job=&recent=1&stx=%EB%82%98%EB%9D%BD%EB%A9%94%ED%82%A4,2026-09-17T14:00:30.510357+09:00,09.17,13경 40조 717억 2015만,13004007172015,,not confirmed; screenshot filenames 2026-09-16,sample,117,True,,운화,41004048,38651940,True,,Scania 72,※4100만 4048,Vision OCR; numeric and level fields visually checked against source,global_ranking,,나락메키,,
스크린샷 2026-09-16 214919.png,,209,209,앨빈,엠마e,캡틴,40974399,120,image,캡틴,120,캡틴,앨빈,Scania 2,https://mgf.gg/ranking/?server=&job=&recent=1&stx=%EC%97%A0%EB%A7%88e,2026-09-17T14:00:31.103708+09:00,09.16,16경 8799조 9007억 2135만,16879990072135,,not confirmed; screenshot filenames 2026-09-16,sample,120,True,,앨빈,40974399,164,True,,Scania 2,※4097만 4399,Vision OCR; numeric and level fields visually checked against source,global_ranking,,엠마e,,
스크린샷 2026-09-16 214919.png,,210,210,채금,벨주인잇어요,비숍,40932972,119,image,비숍,119,비숍,채금,Scania 29,https://mgf.gg/ranking/?server=&job=&recent=1&stx=%EB%B2%A8%EC%A3%BC%EC%9D%B8%EC%9E%87%EC%96%B4%EC%9A%94,2026-09-17T14:00:31.709474+09:00,09.17,6경 5028조 7639억 828만,6502876390828,,not confirmed; screenshot filenames 2026-09-16,sample,119,True,,채금,40932972,33237500,True,,Scania 29,※ 4093만 2972,Vision OCR; numeric and level fields visually checked against source,global_ranking,,벨주인잇어요,,
스크린샷 2026-09-16 214928.png,,211,211,로즈단,김딴또,비숍,40926732,117,image,비숍,117,비숍,로즈단,Scania 40,https://mgf.gg/ranking/?server=&job=&recent=1&stx=%EA%B9%80%EB%94%B4%EB%98%90,2026-09-17T14:00:32.296109+09:00,09.17,4경 6585조 9359억 8209만,4658593598209,,not confirmed; screenshot filenames 2026-09-16,sample,117,True,,로즈단,40926732,30523347,True,,Scania 40,※4092만 6732,Vision OCR; numeric and level fields visually checked against source,global_ranking,,김딴또,,
스크린샷 2026-09-16 214928.png,,212,212,LUXURY,퉁탱,비숍,40894845,121,image,비숍,121,비숍,LUXURY,Scania 16,https://mgf.gg/ranking/?server=&job=&recent=1&stx=%EC%87%B3%EB%8C%80,2026-09-17T14:00:12.241666+09:00,09.17,19경 7891조 2620억 9083만,19789126209083,,not confirmed; screenshot filenames 2026-09-16,sample,121,True,,LUXURY,40894845,43292375,True,,Scania 16,※ 4089만 4845,Vision OCR; numeric and level fields visually checked against source,global_ranking,,퉁탱,,
스크린샷 2026-09-16 214928.png,,213,213,포옹,킨쵸,나이트로드,40767750,123,image,나이트로드,123,나이트로드,포옹,Scania 9,https://mgf.gg/ranking/?server=&job=&recent=1&stx=%EB%9F%AD%ED%82%A4%ED%94%84%EB%A0%89,2026-09-17T14:00:21.516404+09:00,09.16,87경 9944조 2614억 6168만,87994426146168,,not confirmed; screenshot filenames 2026-09-16,sample,123,True,,포옹,40767750,46289372,True,,Scania 9,※ 4076만 7750,Vision OCR; numeric and level fields visually checked against source,global_ranking,,킨쵸,,
스크린샷 2026-09-16 214928.png,,214,214,노숙,쟤쥐,비숍,40695693,120,image,비숍,120,비숍,노숙,Scania 9,https://mgf.gg/contents/guild_info.php?g_name=%EB%85%B8%EC%88%99,2026-09-17T14:01:17.216426+09:00,2026.09.16,13경 6769조 8576억 81만,13676985760081,,not confirmed; screenshot filenames 2026-09-16,sample,120,True,,노숙,40695693,39601261,True,,Scania 9,※4069만 5693,Vision OCR; numeric and level fields visually checked against source,global_ranking,,쟤쥐,,
스크린샷 2026-09-16 214928.png,,215,215,시도,너란,비숍,40528530,123,image,비숍,123,비숍,시도,Scania 29,https://mgf.gg/ranking/?server=&job=&recent=1&stx=%EB%9F%AD%ED%82%A4%ED%94%84%EB%A0%89,2026-09-17T14:00:21.516404+09:00,09.17,84경 1761조 4227억 6737만,84176142276737,,not confirmed; screenshot filenames 2026-09-16,sample,123,True,,시도,40528530,60895701,True,,Scania 29,※ 4052만 8530,Vision OCR; numeric and level fields visually checked against source,global_ranking,,너란,,
스크린샷 2026-09-16 214934.png,,216,216,히안,쮸베릎,신궁,40496115,120,image,신궁,120,신궁,히안,Scania 12,https://mgf.gg/ranking/?server=&job=&recent=1&stx=%ED%99%A9%ED%95%B4%EB%A9%B4%EC%84%A0%EC%83%9D,2026-09-17T14:00:09.296935+09:00,09.16,22경 4231조 7276억 4546만,22423172764546,,not confirmed; screenshot filenames 2026-09-16,sample,120,True,,히안,40496115,40029547,True,,Scania 12,※ 4049만 6115,Vision OCR; numeric and level fields visually checked against source,global_ranking,,쮸베릎,,
스크린샷 2026-09-16 214934.png,,217,217,모두있음,차티슈,히어로,40447104,122,image,히어로,122,히어로,모두있음,Scania 22,https://mgf.gg/ranking/?server=&job=&recent=1&stx=%EC%B0%A8%ED%8B%B0%EC%8A%88,2026-09-17T14:00:33.628464+09:00,09.17,147경 1899조 4509억 2146만,147189945092146,,not confirmed; screenshot filenames 2026-09-16,sample,122,True,,모두있음,40447104,65827270,True,,Scania 22,※ 4044만 7104,Vision OCR; numeric and level fields visually checked against source,global_ranking,,차티슈,,
스크린샷 2026-09-16 214934.png,,218,218,회색,VALEX,비숍,40404774,118,image,비숍,118,비숍,회색,Scania 1,https://mgf.gg/ranking/?server=&job=&recent=1&stx=VALEX,2026-09-17T14:00:34.247732+09:00,09.16,5경 5211조 6651억 2629만,5521166512629,,not confirmed; screenshot filenames 2026-09-16,sample,118,True,,회색,40404774,31874891,True,,Scania 1,※ 4040만 4774,Vision OCR; numeric and level fields visually checked against source,global_ranking,,VALEX,,
스크린샷 2026-09-16 214934.png,,219,219,지존,지존쫄랑,비숍,40402548,118,image,비숍,118,비숍,지존,Scania 1,https://mgf.gg/ranking/?server=&job=&recent=1&stx=%EC%97%A0%EB%A7%88e,2026-09-17T14:00:31.103708+09:00,09.16,16경 9829조 6110억 7220만,16982961107220,,not confirmed; screenshot filenames 2026-09-16,sample,118,True,,지존,40402548,41274773,True,,Scania 1,※ 4040만 2548,Vision OCR; numeric and level fields visually checked against source,global_ranking,,지존쫄랑,,
스크린샷 2026-09-16 214934.png,,220,220,환불런,체리밍,비숍,40369980,119,image,비숍,119,비숍,환불런,Scania 31,https://mgf.gg/ranking/?server=&job=&recent=1&stx=%EB%82%98%EB%9D%BD%EB%A9%94%ED%82%A4,2026-09-17T14:00:30.510357+09:00,09.17,13경 8234조 4552억 8914만,13823445528914,,not confirmed; screenshot filenames 2026-09-16,sample,119,True,,환불런,40369980,39532642,True,,Scania 31,※4036만 9980,Vision OCR; numeric and level fields visually checked against source,global_ranking,,체리밍,,
스크린샷 2026-09-16 215013.png,,15,15,설묘,킹규봉,팔라딘,39659283,122,image,팔라딘,121,팔라딘,설묘,Scania 25,https://mgf.gg/contents/guild_info.php?g_name=%EC%84%A4%EB%AC%98,2026-09-17 (cached report input),2026.09.12,62경 4188조 2543억 3793만,62418825433793,,not confirmed; screenshot filenames 2026-09-16,sample,122,True,,설묘,39659283,47285299,True,,Scania 25,※3965만 9283,Vision OCR; numeric and level fields visually checked against source,guild_match_ranking,,킹규봉,,
스크린샷 2026-09-16 215013.png,,16,16,설묘,시드리안,바이퍼,37925727,121,image,바이퍼,121,바이퍼,설묘,Scania 25,https://mgf.gg/contents/guild_info.php?g_name=%EC%84%A4%EB%AC%98,2026-09-17 (cached report input),2026.09.12,23경 4505조 3815억 9635만,23450538159635,,not confirmed; screenshot filenames 2026-09-16,sample,121,True,,설묘,37925727,177,True,,Scania 25,※3792만 5727,Vision OCR; numeric and level fields visually checked against source,guild_match_ranking,,시드리안,,
스크린샷 2026-09-16 215013.png,,17,17,설묘,선콜은차가워,비숍,37422828,121,image,비숍,121,비숍,설묘,Scania 25,https://mgf.gg/contents/guild_info.php?g_name=%EC%84%A4%EB%AC%98,2026-09-17 (cached report input),2026.09.12,12경 9016조 1542억 5770만,12901615425770,,not confirmed; screenshot filenames 2026-09-16,sample,121,True,,설묘,37422828,39235702,True,,Scania 25,※ 3742만 2828,Vision OCR; numeric and level fields visually checked against source,guild_match_ranking,,선콜은차가워,,
스크린샷 2026-09-16 215013.png,,18,18,셀린느,빔냥이,신궁,36373047,125,image,신궁,125,신궁,셀린느,Scania 2,https://mgf.gg/contents/guild_info.php?g_name=%EC%85%80%EB%A6%B0%EB%8A%90,2026-09-17 (cached report input),2026.09.16,228경 131조 6916억 361만,228013169160361,,not confirmed; screenshot filenames 2026-09-16,sample,125,True,,셀린느,36373047,69649102,True,,Scania 2,※ 3637만 3047,Vision OCR; numeric and level fields visually checked against source,guild_match_ranking,,빔냥이,,
스크린샷 2026-09-16 215013.png,,19,19,빠따,요르v,비숍,36219741,122,image,비숍,122,비숍,빠따,Scania 12,https://mgf.gg/contents/guild_info.php?g_name=%EB%B9%A0%EB%94%B0,2026-09-17 (cached report input),2026.09.12,30경 7053조 1709억 24만,30705317090024,,not confirmed; screenshot filenames 2026-09-16,sample,122,True,,빠따,36219741,48092754,True,,Scania 12,※3621만 9741,Vision OCR; numeric and level fields visually checked against source,guild_match_ranking,,요르v,,
스크린샷 2026-09-16 215025.png,,20,20,빠따,o엉댕o,비숍,35844138,118,image,비숍,118,비숍,빠따,Scania 12,https://mgf.gg/contents/guild_info.php?g_name=%EB%B9%A0%EB%94%B0,2026-09-17 (cached report input),2026.09.12,7경 5552조 9553억 7210만,7555295537210,,not confirmed; screenshot filenames 2026-09-16,sample,118,True,,빠따,35844138,34259376,True,,Scania 12,※ 3584만 4138,Vision OCR; numeric and level fields visually checked against source,guild_match_ranking,,o엉댕o,,
스크린샷 2026-09-16 215025.png,,21,21,설묘,너굴얌,팔라딘,35460717,122,image,팔라딘,122,팔라딘,설묘,Scania 25,https://mgf.gg/contents/guild_info.php?g_name=%EC%84%A4%EB%AC%98,2026-09-17 (cached report input),2026.09.12,34경 9242조 31억 1393만,34924200311393,,not confirmed; screenshot filenames 2026-09-16,sample,122,True,,설묘,35460717,41373536,True,,Scania 25,※ 3546만 717,Vision OCR; numeric and level fields visually checked against source,guild_match_ranking,,너굴얌,,
스크린샷 2026-09-16 215025.png,,22,22,유니크,향연,비숍,35059848,117,image,비숍,117,비숍,유니크,Scania 1,https://mgf.gg/contents/guild_info.php?g_name=%EC%9C%A0%EB%8B%88%ED%81%AC,2026-09-17 (cached report input),2026.09.16,2경 1343조 8530억 3687만,2134385303687,,not confirmed; screenshot filenames 2026-09-16,sample,117,True,,유니크,35059848,25507405,True,,Scania 1,※3505만 9848,Vision OCR; numeric and level fields visually checked against source,guild_match_ranking,,향연,,
스크린샷 2026-09-16 215025.png,,23,23,빠따,쾌변한춘향,바이퍼,34617309,120,image,바이퍼,120,바이퍼,빠따,Scania 12,https://mgf.gg/contents/guild_info.php?g_name=%EB%B9%A0%EB%94%B0,2026-09-17 (cached report input),2026.09.12,16경 8983조 104억 677만,16898301040677,,not confirmed; screenshot filenames 2026-09-16,sample,120,True,,빠따,34617309,164,True,,Scania 12,※3461만 7309,Vision OCR; numeric and level fields visually checked against source,guild_match_ranking,,쾌변한춘향,,
스크린샷 2026-09-16 215025.png,,24,24,유니크,호호딘,팔라딘,34349049,120,image,팔라딘,120,팔라딘,유니크,Scania 1,https://mgf.gg/contents/guild_info.php?g_name=%EC%9C%A0%EB%8B%88%ED%81%AC,2026-09-17 (cached report input),2026.09.16,23경 3907조 3415억 7345만,23390734157345,,not confirmed; screenshot filenames 2026-09-16,sample,120,True,,유니크,34349049,37419187,True,,Scania 1,※3434만 9049,Vision OCR; numeric and level fields visually checked against source,guild_match_ranking,,호호딘,,
스크린샷 2026-09-16 215030.png,,25,25,HERMES,명탐젓코난,팔라딘,33833166,122,image,팔라딘,122,팔라딘,HERMES,Scania 3,https://mgf.gg/contents/guild_info.php?g_name=HERMES,2026-09-17 (cached report input),2026.09.16,57경 2983조 1465억 2601만,57298314652601,,not confirmed; screenshot filenames 2026-09-16,sample,122,True,,HERMES,33833166,46363496,True,,Scania 3,※3383만 3166,Vision OCR; numeric and level fields visually checked against source,guild_match_ranking,,명탐젓코난,,
스크린샷 2026-09-16 215030.png,,26,26,설묘,루델밍,비숍,33481014,122,image,비숍,121,비숍,설묘,Scania 25,https://mgf.gg/contents/guild_info.php?g_name=%EC%84%A4%EB%AC%98,2026-09-17 (cached report input),2026.09.12,28경 2483조 7576억 982만,28248375760982,,not confirmed; screenshot filenames 2026-09-16,sample,122,True,,설묘,33481014,47179032,True,,Scania 25,※3348만 1014,Vision OCR; numeric and level fields visually checked against source,guild_match_ranking,,루델밍,,
스크린샷 2026-09-16 215030.png,,27,27,HERMES,김취야호,나이트로드,32911869,120,image,나이트로드,120,나이트로드,HERMES,Scania 3,https://mgf.gg/contents/guild_info.php?g_name=HERMES,2026-09-17 (cached report input),2026.09.16,12경 1097조 9697억 8794만,12109796978794,,not confirmed; screenshot filenames 2026-09-16,sample,120,True,,HERMES,32911869,28974513,True,,Scania 3,※3291만 1869,Vision OCR; numeric and level fields visually checked against source,guild_match_ranking,,김취야호,,
스크린샷 2026-09-16 215030.png,,28,28,HERMES,마그마GT,비숍,32671218,120,image,비숍,120,비숍,HERMES,Scania 3,https://mgf.gg/contents/guild_info.php?g_name=HERMES,2026-09-17 (cached report input),2026.09.16,17경 1925조 1166억 1922만,17192511661922,,not confirmed; screenshot filenames 2026-09-16,sample,120,True,,HERMES,32671218,41740656,True,,Scania 3,※3267만 1218,Vision OCR; numeric and level fields visually checked against source,guild_match_ranking,,마그마GT,,
스크린샷 2026-09-16 215030.png,,29,29,셀린느,꽃을든남자,히어로,32146812,119,image,히어로,119,히어로,셀린느,Scania 2,https://mgf.gg/contents/guild_info.php?g_name=%EC%85%80%EB%A6%B0%EB%8A%90,2026-09-17 (cached report input),2026.09.16,6경 4885조 3111억 7395만,6488531117395,,not confirmed; screenshot filenames 2026-09-16,sample,119,True,,셀린느,32146812,31708895,True,,Scania 2,※3214만 6812,Vision OCR; numeric and level fields visually checked against source,guild_match_ranking,,꽃을든남자,,
스크린샷 2026-09-16 215037.png,,30,30,HERMES,럥커,섀도어,32042925,123,image,섀도어,123,섀도어,HERMES,Scania 3,https://mgf.gg/contents/guild_info.php?g_name=HERMES,2026-09-17 (cached report input),2026.09.16,200경 736조 9173억 7067만,200073691737067,,not confirmed; screenshot filenames 2026-09-16,sample,123,True,,HERMES,32042925,56530363,True,,Scania 3,※ 3204만 2925,Vision OCR; numeric and level fields visually checked against source,guild_match_ranking,,랭커,,
스크린샷 2026-09-16 215037.png,,31,31,설묘,다다익숍,비숍,31537554,118,image,비숍,118,비숍,설묘,Scania 25,https://mgf.gg/contents/guild_info.php?g_name=%EC%84%A4%EB%AC%98,2026-09-17 (cached report input),2026.09.12,4경 7730조 7682억 1650만,4773076821650,,not confirmed; screenshot filenames 2026-09-16,sample,118,True,,설묘,31537554,30825153,True,,Scania 25,※3153만 7554,Vision OCR; numeric and level fields visually checked against source,guild_match_ranking,,다다익숍,,
스크린샷 2026-09-16 215037.png,,32,32,HERMES,수냬,비숍,30959505,116,image,비숍,116,비숍,HERMES,Scania 3,https://mgf.gg/contents/guild_info.php?g_name=HERMES,2026-09-17 (cached report input),2026.09.16,2경 940조 2512억 9001만,2094025129001,,not confirmed; screenshot filenames 2026-09-16,sample,116,True,,HERMES,30959505,25286891,True,,Scania 3,※ 3095만 9505,Vision OCR; numeric and level fields visually checked against source,guild_match_ranking,,수냬,,
스크린샷 2026-09-16 215037.png,,33,33,셀린느,익맹이,비숍,30899409,118,image,비숍,118,비숍,셀린느,Scania 2,https://mgf.gg/contents/guild_info.php?g_name=%EC%85%80%EB%A6%B0%EB%8A%90,2026-09-17 (cached report input),2026.09.16,8경 3399조 1839억 9474만,8339918399474,,not confirmed; screenshot filenames 2026-09-16,sample,118,True,,셀린느,30899409,35046837,True,,Scania 2,※ 3089만 9409,Vision OCR; numeric and level fields visually checked against source,guild_match_ranking,,익맹이,밉상b,User confirmed nickname mapping in conversation on 2026-09-17
스크린샷 2026-09-16 215037.png,,34,34,셀린느,하후돈,나이트로드,30310770,119,image,나이트로드,119,나이트로드,셀린느,Scania 2,https://mgf.gg/contents/guild_info.php?g_name=%EC%85%80%EB%A6%B0%EB%8A%90,2026-09-17 (cached report input),2026.09.16,7경 3342조 5921억 8584만,7334259218584,,not confirmed; screenshot filenames 2026-09-16,sample,119,True,,셀린느,30310770,25710438,True,,Scania 2,※3031만 770,Vision OCR; numeric and level fields visually checked against source,guild_match_ranking,,하후돈,,
스크린샷 2026-09-16 215044.png,,35,35,설묘,슐아,비숍,29830770,119,image,비숍,119,비숍,설묘,Scania 25,https://mgf.gg/contents/guild_info.php?g_name=%EC%84%A4%EB%AC%98,2026-09-17 (cached report input),2026.09.12,7경 2382조 7642억 9212만,7238276429212,,not confirmed; screenshot filenames 2026-09-16,sample,119,True,,설묘,29830770,34066709,True,,Scania 25,※ 2983만 770,Vision OCR; numeric and level fields visually checked against source,guild_match_ranking,,슐아,,
스크린샷 2026-09-16 215044.png,,36,36,CRES,황서정,비숍,29768688,117,image,비숍,117,비숍,CRES,Scania 45,https://mgf.gg/contents/guild_info.php?g_name=CRES,2026-09-17 (cached report input),2026.09.16,4경 3513조 3183억 1342만,4351331831342,,not confirmed; screenshot filenames 2026-09-16,sample,117,True,,CRES,29768688,30048074,True,,Scania 45,※ 2976만 8688,Vision OCR; numeric and level fields visually checked against source,guild_match_ranking,,황서정,,
스크린샷 2026-09-16 215044.png,,37,37,셀린느,걸음,섀도어,29290077,120,image,섀도어,120,섀도어,셀린느,Scania 2,https://mgf.gg/contents/guild_info.php?g_name=%EC%85%80%EB%A6%B0%EB%8A%90,2026-09-17 (cached report input),2026.09.16,10경 3790조 2974억 300만,10379029740300,,not confirmed; screenshot filenames 2026-09-16,sample,120,True,,셀린느,29290077,28272369,True,,Scania 2,※ 2929만 77,Vision OCR; numeric and level fields visually checked against source,guild_match_ranking,,걸음,,
스크린샷 2026-09-16 215044.png,,38,38,설묘,설봄a,다크나이트,28971438,120,image,다크나이트,120,다크나이트,설묘,Scania 25,https://mgf.gg/contents/guild_info.php?g_name=%EC%84%A4%EB%AC%98,2026-09-17 (cached report input),2026.09.12,39경 253조 6696억 4859만,39025366964859,,not confirmed; screenshot filenames 2026-09-16,sample,120,True,,설묘,28971438,46376433,True,,Scania 25,※2897만 1438,Vision OCR; numeric and level fields visually checked against source,guild_match_ranking,,설봄a,,
스크린샷 2026-09-16 215044.png,,39,39,설묘,졸귀탱이,비숍,28862985,120,image,비숍,120,비숍,설묘,Scania 25,https://mgf.gg/contents/guild_info.php?g_name=%EC%84%A4%EB%AC%98,2026-09-17 (cached report input),2026.09.12,14경 7716조 6607억 7849만,14771666077849,,not confirmed; screenshot filenames 2026-09-16,sample,120,True,,설묘,28862985,40308813,True,,Scania 25,※ 2886만 2985,Vision OCR; numeric and level fields visually checked against source,guild_match_ranking,,졸귀탱이,,
스크린샷 2026-09-16 215051.png,,40,40,셀린느,스타캐치,나이트로드,28401927,121,image,나이트로드,121,나이트로드,셀린느,Scania 2,https://mgf.gg/contents/guild_info.php?g_name=%EC%85%80%EB%A6%B0%EB%8A%90,2026-09-17 (cached report input),2026.09.16,23경 6378조 9억 8238만,23637800098238,,not confirmed; screenshot filenames 2026-09-16,sample,121,True,,셀린느,28401927,33933320,True,,Scania 2,※2840만 1927,Vision OCR; numeric and level fields visually checked against source,guild_match_ranking,,스타캐치,,
스크린샷 2026-09-16 215051.png,,41,41,HERMES,랍아,섀도어,28105245,118,image,섀도어,118,섀도어,HERMES,Scania 3,https://mgf.gg/contents/guild_info.php?g_name=HERMES,2026-09-17 (cached report input),2026.09.16,8경 4674조 460억 1066만,8467404601066,,not confirmed; screenshot filenames 2026-09-16,sample,118,True,,HERMES,28105245,26753407,True,,Scania 3,※ 2810만 5245,Vision OCR; numeric and level fields visually checked against source,guild_match_ranking,,랍아,,
스크린샷 2026-09-16 215051.png,,42,42,HERMES,주해,비숍,27894507,115,image,비숍,115,비숍,HERMES,Scania 3,https://mgf.gg/contents/guild_info.php?g_name=HERMES,2026-09-17 (cached report input),2026.09.16,1경 7조 4444억 6906만,1000744446906,,not confirmed; screenshot filenames 2026-09-16,sample,115,True,,HERMES,27894507,21245349,True,,Scania 3,※2789만 4507,Vision OCR; numeric and level fields visually checked against source,guild_match_ranking,,주해,,
스크린샷 2026-09-16 215051.png,,43,43,셀린느,소소채2,비숍,27674259,122,image,비숍,122,비숍,셀린느,Scania 2,https://mgf.gg/contents/guild_info.php?g_name=%EC%85%80%EB%A6%B0%EB%8A%90,2026-09-17 (cached report input),2026.09.16,43경 2523조 8528억 3452만,43252385283452,,not confirmed; screenshot filenames 2026-09-16,sample,122,True,,셀린느,27674259,52035872,True,,Scania 2,※ 2767만 4259,Vision OCR; numeric and level fields visually checked against source,guild_match_ranking,,소소채2,,
스크린샷 2026-09-16 215051.png,,44,44,유니크,뉴비숍,비숍,26974902,118,image,비숍,118,비숍,유니크,Scania 1,https://mgf.gg/contents/guild_info.php?g_name=%EC%9C%A0%EB%8B%88%ED%81%AC,2026-09-17 (cached report input),2026.09.16,2경 1253조 999억 8390만,2125309998390,,not confirmed; screenshot filenames 2026-09-16,sample,118,True,,유니크,26974902,25591087,True,,Scania 1,※2697만 4902,Vision OCR; numeric and level fields visually checked against source,guild_match_ranking,,뉴비숍,,
스크린샷 2026-09-16 215057.png,,45,45,유니크,동땅이,비숍,26650623,118,image,비숍,118,비숍,유니크,Scania 1,https://mgf.gg/contents/guild_info.php?g_name=%EC%9C%A0%EB%8B%88%ED%81%AC,2026-09-17 (cached report input),2026.09.16,4경 3494조 7561억 8013만,4349475618013,,not confirmed; screenshot filenames 2026-09-16,sample,118,True,,유니크,26650623,30173250,True,,Scania 1,※2665만 623,Vision OCR; numeric and level fields visually checked against source,guild_match_ranking,,동땅이,,
스크린샷 2026-09-16 215057.png,,46,46,설묘,설익은체리,비숍,26042460,117,image,비숍,117,비숍,설묘,Scania 25,https://mgf.gg/contents/guild_info.php?g_name=%EC%84%A4%EB%AC%98,2026-09-17 (cached report input),2026.09.12,4경 5345조 1275억 983만,4534512750983,,not confirmed; screenshot filenames 2026-09-16,sample,117,True,,설묘,26042460,30334412,True,,Scania 25,※2604만 2460,Vision OCR; numeric and level fields visually checked against source,guild_match_ranking,,설익은체리,,
스크린샷 2026-09-16 215057.png,,47,47,유니크,우땨,나이트로드,25586865,120,image,나이트로드,120,나이트로드,유니크,Scania 1,https://mgf.gg/contents/guild_info.php?g_name=%EC%9C%A0%EB%8B%88%ED%81%AC,2026-09-17 (cached report input),2026.09.16,13경 7354조 8520억 6741만,13735485206741,,not confirmed; screenshot filenames 2026-09-16,sample,120,True,,유니크,25586865,29826260,True,,Scania 1,※ 2558만 6865,Vision OCR; numeric and level fields visually checked against source,guild_match_ranking,,우땨,,
스크린샷 2026-09-16 215057.png,,48,48,HERMES,함씨,비숍,25251060,117,image,비숍,117,비숍,HERMES,Scania 3,https://mgf.gg/contents/guild_info.php?g_name=HERMES,2026-09-17 (cached report input),2026.09.16,2경 4548조 1177억 1999만,2454811771999,,not confirmed; screenshot filenames 2026-09-16,sample,117,True,,HERMES,25251060,26341331,True,,Scania 3,※2525만 1060,Vision OCR; numeric and level fields visually checked against source,guild_match_ranking,,함씨,,
스크린샷 2026-09-16 215057.png,,49,49,설묘,설앵숭,팔라딘,25187697,117,image,팔라딘,117,팔라딘,설묘,Scania 25,https://mgf.gg/contents/guild_info.php?g_name=%EC%84%A4%EB%AC%98,2026-09-17 (cached report input),2026.09.12,1경 5321조 4698억 3495만,1532146983495,,not confirmed; screenshot filenames 2026-09-16,sample,117,True,,설묘,25187697,19739478,True,,Scania 25,※ 2518만 7697,Vision OCR; numeric and level fields visually checked against source,guild_match_ranking,,설앵숭,,
스크린샷 2026-09-16 215103.png,,50,50,빠따,라온MS,다크나이트,24727353,123,image,다크나이트,123,다크나이트,빠따,Scania 12,https://mgf.gg/contents/guild_info.php?g_name=%EB%B9%A0%EB%94%B0,2026-09-17 (cached report input),2026.09.12,178경 6628조 7559억 4369만,178662875594369,,not confirmed; screenshot filenames 2026-09-16,sample,123,True,,빠따,24727353,66621953,True,,Scania 12,※2472만 7353,Vision OCR; numeric and level fields visually checked against source,guild_match_ranking,,라온MS,,
스크린샷 2026-09-16 215103.png,,51,51,HERMES,야느,보우마스터,24606657,122,image,보우마스터,122,보우마스터,HERMES,Scania 3,https://mgf.gg/contents/guild_info.php?g_name=HERMES,2026-09-17 (cached report input),2026.09.16,104경 7035조 2810억 4610만,104703528104610,,not confirmed; screenshot filenames 2026-09-16,sample,122,True,,HERMES,24606657,50136729,True,,Scania 3,※2460만 6657,Vision OCR; numeric and level fields visually checked against source,guild_match_ranking,,야느,,
스크린샷 2026-09-16 215103.png,,52,52,빠따,o원기o,비숍,24373500,122,image,비숍,122,비숍,빠따,Scania 12,https://mgf.gg/contents/guild_info.php?g_name=%EB%B9%A0%EB%94%B0,2026-09-17 (cached report input),2026.09.12,23경 6880조 9868억 9798만,23688098689798,,not confirmed; screenshot filenames 2026-09-16,sample,122,True,,빠따,24373500,45306704,True,,Scania 12,※ 2437만 3500,Vision OCR; numeric and level fields visually checked against source,guild_match_ranking,,0원기o,,
스크린샷 2026-09-16 215103.png,,53,53,유니크,겐미,히어로,24347673,118,image,히어로,118,히어로,유니크,Scania 1,https://mgf.gg/contents/guild_info.php?g_name=%EC%9C%A0%EB%8B%88%ED%81%AC,2026-09-17 (cached report input),2026.09.16,7경 23조 6721억 946만,7002367210946,,not confirmed; screenshot filenames 2026-09-16,sample,118,True,,유니크,24347673,32133741,True,,Scania 1,※ 2434만 7673,Vision OCR; numeric and level fields visually checked against source,guild_match_ranking,,겐미,,
스크린샷 2026-09-16 215103.png,,54,54,셀린느,망겜감별사,비숍,24127506,116,image,비숍,116,비숍,셀린느,Scania 2,https://mgf.gg/contents/guild_info.php?g_name=%EC%85%80%EB%A6%B0%EB%8A%90,2026-09-17 (cached report input),2026.09.16,1경 1613조 6754억 1930만,1161367541930,,not confirmed; screenshot filenames 2026-09-16,sample,116,True,,셀린느,24127506,22080689,True,,Scania 2,※2412만 7506,Vision OCR; numeric and level fields visually checked against source,guild_match_ranking,,망겜감별사,,
스크린샷 2026-09-16 215115.png,,55,55,셀린느,부엉이형,나이트로드,23773425,119,image,나이트로드,119,나이트로드,셀린느,Scania 2,https://mgf.gg/contents/guild_info.php?g_name=%EC%85%80%EB%A6%B0%EB%8A%90,2026-09-17 (cached report input),2026.09.16,12경 5797조 5282억 3519만,12579752823519,,not confirmed; screenshot filenames 2026-09-16,sample,119,True,,셀린느,23773425,29107313,True,,Scania 2,※2377만 3425,Vision OCR; numeric and level fields visually checked against source,guild_match_ranking,,부엉이형,,
스크린샷 2026-09-16 215115.png,,56,56,유니크,퍌라딘,팔라딘,23569806,116,image,팔라딘,116,팔라딘,유니크,Scania 1,https://mgf.gg/contents/guild_info.php?g_name=%EC%9C%A0%EB%8B%88%ED%81%AC,2026-09-17 (cached report input),2026.09.16,7538조 4356억 9146만,753843569146,,not confirmed; screenshot filenames 2026-09-16,sample,116,True,,유니크,23569806,16696572,True,,Scania 1,※ 2356만 9806,Vision OCR; numeric and level fields visually checked against source,guild_match_ranking,,팔라딘,,
스크린샷 2026-09-16 215115.png,,57,57,빠따,여수로,비숍,22786863,118,image,비숍,118,비숍,빠따,Scania 12,https://mgf.gg/contents/guild_info.php?g_name=%EB%B9%A0%EB%94%B0,2026-09-17 (cached report input),2026.09.12,3경 544조 7051억 6224만,3054470516224,,not confirmed; screenshot filenames 2026-09-16,sample,118,True,,빠따,22786863,27817422,True,,Scania 12,※2278만 6863,Vision OCR; numeric and level fields visually checked against source,guild_match_ranking,,여수로,,
스크린샷 2026-09-16 215115.png,,58,58,유니크,랜더스,비숍,22451298,115,image,비숍,115,비숍,유니크,Scania 1,https://mgf.gg/contents/guild_info.php?g_name=%EC%9C%A0%EB%8B%88%ED%81%AC,2026-09-17 (cached report input),2026.09.16,3982조 7499억 2571만,398274992571,,not confirmed; screenshot filenames 2026-09-16,sample,115,True,,유니크,22451298,17188249,True,,Scania 1,※ 2245만 1298,Vision OCR; numeric and level fields visually checked against source,guild_match_ranking,,랜더스,,
스크린샷 2026-09-16 215115.png,,59,59,유니크,엘픽,히어로,22445520,120,image,히어로,120,히어로,유니크,Scania 1,https://mgf.gg/contents/guild_info.php?g_name=%EC%9C%A0%EB%8B%88%ED%81%AC,2026-09-17 (cached report input),2026.09.16,12경 7314조 1039억 1634만,12731410391634,,not confirmed; screenshot filenames 2026-09-16,sample,120,True,,유니크,22445520,37181438,True,,Scania 1,※ 2244만 5520,Vision OCR; numeric and level fields visually checked against source,guild_match_ranking,,엘픽,,
스크린샷 2026-09-16 215124.png,,60,60,유니크,정령성,보우마스터,22364670,117,image,보우마스터,117,보우마스터,유니크,Scania 1,https://mgf.gg/contents/guild_info.php?g_name=%EC%9C%A0%EB%8B%88%ED%81%AC,2026-09-17 (cached report input),2026.09.16,1경 7955조 7456억 4643만,1795574564643,,not confirmed; screenshot filenames 2026-09-16,sample,117,True,,유니크,22364670,19272795,True,,Scania 1,※2236만 4670,Vision OCR; numeric and level fields visually checked against source,guild_match_ranking,,정령성,,
스크린샷 2026-09-16 215124.png,,61,61,빠따,옹이잉,비숍,22350228,115,image,비숍,115,비숍,빠따,Scania 12,https://mgf.gg/contents/guild_info.php?g_name=%EB%B9%A0%EB%94%B0,2026-09-17 (cached report input),2026.09.12,8093조 6976억 5808만,809369765808,,not confirmed; screenshot filenames 2026-09-16,sample,115,True,,빠따,22350228,20233142,True,,Scania 12,※ 2235만 228,Vision OCR; numeric and level fields visually checked against source,guild_match_ranking,,옹이잉,,
스크린샷 2026-09-16 215124.png,,62,62,HERMES,닐쿵,히어로,22171653,122,image,히어로,122,히어로,HERMES,Scania 3,https://mgf.gg/contents/guild_info.php?g_name=HERMES,2026-09-17 (cached report input),2026.09.16,53경 4974조 5246억 7644만,53497452467644,,not confirmed; screenshot filenames 2026-09-16,sample,122,True,,HERMES,22171653,52156746,True,,Scania 3,※2217만 1653,Vision OCR; numeric and level fields visually checked against source,guild_match_ranking,,닐쿵,,
스크린샷 2026-09-16 215124.png,,63,63,셀린느,뽀리빠,다크나이트,22015773,121,image,다크나이트,121,다크나이트,셀린느,Scania 2,https://mgf.gg/contents/guild_info.php?g_name=%EC%85%80%EB%A6%B0%EB%8A%90,2026-09-17 (cached report input),2026.09.16,26경 6603조 6785억 6620만,26660367856620,,not confirmed; screenshot filenames 2026-09-16,sample,121,True,,셀린느,22015773,42661764,True,,Scania 2,※ 2201만 5773,Vision OCR; numeric and level fields visually checked against source,guild_match_ranking,,뽀리빠,,
스크린샷 2026-09-16 215124.png,,64,64,셀린느,잼포즈,"아크메이지(썬,콜)",21956043,119,image,"아크메이지(썬,콜)",119,"아크메이지(썬,콜)",셀린느,Scania 2,https://mgf.gg/contents/guild_info.php?g_name=%EC%85%80%EB%A6%B0%EB%8A%90,2026-09-17 (cached report input),2026.09.16,7경 1027조 7063억 5237만,7102770635237,,not confirmed; screenshot filenames 2026-09-16,sample,119,True,,셀린느,21956043,23993258,True,,Scania 2,※2195만 6043,Vision OCR; numeric and level fields visually checked against source,guild_match_ranking,,잼포즈,,
스크린샷 2026-09-16 215131.png,,65,65,빠따,장짱맨,나이트로드,20913723,121,image,나이트로드,121,나이트로드,빠따,Scania 12,https://mgf.gg/contents/guild_info.php?g_name=%EB%B9%A0%EB%94%B0,2026-09-17 (cached report input),2026.09.12,21경 6693조 798억 5447만,21669307985447,,not confirmed; screenshot filenames 2026-09-16,sample,121,True,,빠따,20913723,33261444,True,,Scania 12,※2091만 3723,Vision OCR; numeric and level fields visually checked against source,guild_match_ranking,,장짱맨,,
스크린샷 2026-09-16 215131.png,,66,66,설묘,설콩순,보우마스터,20225817,115,image,보우마스터,115,보우마스터,설묘,Scania 25,https://mgf.gg/contents/guild_info.php?g_name=%EC%84%A4%EB%AC%98,2026-09-17 (cached report input),2026.09.12,9244조 8885억 1488만,924488851488,,not confirmed; screenshot filenames 2026-09-16,sample,115,True,,설묘,20225817,16401791,True,,Scania 25,※ 2022만 5817,Vision OCR; numeric and level fields visually checked against source,guild_match_ranking,,설콩순,,
스크린샷 2026-09-16 215131.png,,67,67,설묘,헤븐잉,비숍,20188686,115,image,비숍,115,비숍,설묘,Scania 25,https://mgf.gg/contents/guild_info.php?g_name=%EC%84%A4%EB%AC%98,2026-09-17 (cached report input),2026.09.12,5567조 4268억 7808만,556742687808,,not confirmed; screenshot filenames 2026-09-16,sample,115,True,,설묘,20188686,18564791,True,,Scania 25,※ 2018만 8686,Vision OCR; numeric and level fields visually checked against source,guild_match_ranking,,헤븐잉,,
스크린샷 2026-09-16 215131.png,,68,68,빠따,김규평,히어로,20038545,118,image,히어로,118,히어로,빠따,Scania 12,https://mgf.gg/contents/guild_info.php?g_name=%EB%B9%A0%EB%94%B0,2026-09-17 (cached report input),2026.09.12,2경 7258조 3559억 5683만,2725835595683,,not confirmed; screenshot filenames 2026-09-16,sample,118,True,,빠따,20038545,25865441,True,,Scania 12,※ 2003만 8545,Vision OCR; numeric and level fields visually checked against source,guild_match_ranking,,김규평,,
스크린샷 2026-09-16 215131.png,,69,69,유니크,우탸,팔라딘,19835982,116,image,팔라딘,116,팔라딘,유니크,Scania 1,https://mgf.gg/contents/guild_info.php?g_name=%EC%9C%A0%EB%8B%88%ED%81%AC,2026-09-17 (cached report input),2026.09.16,1경 1243조 1203억 396만,1124312030396,,not confirmed; screenshot filenames 2026-09-16,sample,116,True,,유니크,19835982,18304447,True,,Scania 1,x1983만 5982,Vision OCR; numeric and level fields visually checked against source,guild_match_ranking,,우탸,,
스크린샷 2026-09-16 215137.png,,70,70,TRIUMPH,가푸츄,비숍,19785732,115,image,비숍,115,비숍,TRIUMPH,Scania 63,https://mgf.gg/contents/guild_info.php?g_name=TRIUMPH,2026-09-17 (cached report input),2026.09.16,1경 2389조 2억 1625만,1238900021625,,not confirmed; screenshot filenames 2026-09-16,sample,115,True,,TRIUMPH,19785732,22314536,True,,Scania 63,X1978만 5732,Vision OCR; numeric and level fields visually checked against source,guild_match_ranking,,가푸츄,,
스크린샷 2026-09-16 215137.png,,71,71,설묘,수상구,팔라딘,19624272,117,image,팔라딘,117,팔라딘,설묘,Scania 25,https://mgf.gg/contents/guild_info.php?g_name=%EC%84%A4%EB%AC%98,2026-09-17 (cached report input),2026.09.12,2경 4937조 7932억 1425만,2493779321425,,not confirmed; screenshot filenames 2026-09-16,sample,117,True,,설묘,19624272,22079738,True,,Scania 25,x1962만 4272,Vision OCR; numeric and level fields visually checked against source,guild_match_ranking,,수상구,,
스크린샷 2026-09-16 215137.png,,72,72,셀린느,천천히걸어가,섀도어,19565106,118,image,섀도어,118,섀도어,셀린느,Scania 2,https://mgf.gg/contents/guild_info.php?g_name=%EC%85%80%EB%A6%B0%EB%8A%90,2026-09-17 (cached report input),2026.09.16,9경 7134조 3747억 7858만,9713437477858,,not confirmed; screenshot filenames 2026-09-16,sample,118,True,,셀린느,19565106,27611646,True,,Scania 2,X1956만 5106,Vision OCR; numeric and level fields visually checked against source,guild_match_ranking,,천천히걸어가,,
스크린샷 2026-09-16 215137.png,,73,73,설묘,설름,팔라딘,19493664,119,image,팔라딘,119,팔라딘,설묘,Scania 25,https://mgf.gg/contents/guild_info.php?g_name=%EC%84%A4%EB%AC%98,2026-09-17 (cached report input),2026.09.12,7경 1664조 3246억 1746만,7166432461746,,not confirmed; screenshot filenames 2026-09-16,sample,119,True,,설묘,19493664,28386824,True,,Scania 25,※1949만 3664,Vision OCR; numeric and level fields visually checked against source,guild_match_ranking,,설름,,
스크린샷 2026-09-16 215137.png,,74,74,CRES,압러,바이퍼,19278408,114,image,바이퍼,114,바이퍼,CRES,Scania 45,https://mgf.gg/contents/guild_info.php?g_name=CRES,2026-09-17 (cached report input),2026.09.16,4744조 7928억 2300만,474479282300,,not confirmed; screenshot filenames 2026-09-16,sample,114,True,,CRES,19278408,70,True,,Scania 45,※1927만 8408,Vision OCR; numeric and level fields visually checked against source,guild_match_ranking,,압러,,
스크린샷 2026-09-16 215513.png,,75,75,설묘,양촌마을,신궁,19241547,116,image,신궁,116,신궁,설묘,Scania 25,https://mgf.gg/contents/guild_info.php?g_name=%EC%84%A4%EB%AC%98,2026-09-17 (cached report input),2026.09.12,7074조 1060억 8687만,707410608687,,not confirmed; screenshot filenames 2026-09-16,sample,116,True,,설묘,19241547,17773918,True,,Scania 25,x1924만 1547,Vision OCR; numeric and level fields visually checked against source,guild_match_ranking,,양촌마을,,
스크린샷 2026-09-16 215513.png,,76,76,셀린느,킹몬,비숍,19176480,116,image,비숍,116,비숍,셀린느,Scania 2,https://mgf.gg/contents/guild_info.php?g_name=%EC%85%80%EB%A6%B0%EB%8A%90,2026-09-17 (cached report input),2026.09.16,5경 8774조 7748억 8940만,5877477488940,,not confirmed; screenshot filenames 2026-09-16,sample,116,True,,셀린느,19176480,32061477,True,,Scania 2,※ 1917만 6480,Vision OCR; numeric and level fields visually checked against source,guild_match_ranking,,킹몬,,
스크린샷 2026-09-16 215513.png,,77,77,유니크,뚱뚱쉰,보우마스터,19169115,115,image,보우마스터,115,보우마스터,유니크,Scania 1,https://mgf.gg/contents/guild_info.php?g_name=%EC%9C%A0%EB%8B%88%ED%81%AC,2026-09-17 (cached report input),2026.09.16,5124조 5052억 5016만,512450525016,,not confirmed; screenshot filenames 2026-09-16,sample,115,True,,유니크,19169115,14320357,True,,Scania 1,※1916만 9115,Vision OCR; numeric and level fields visually checked against source,guild_match_ranking,,뚱뚱쉰,,
스크린샷 2026-09-16 215513.png,,78,78,설묘,경성2018,나이트로드,18913854,118,image,나이트로드,118,나이트로드,설묘,Scania 25,https://mgf.gg/contents/guild_info.php?g_name=%EC%84%A4%EB%AC%98,2026-09-17 (cached report input),2026.09.12,8경 1791조 1615억 2546만,8179116152546,,not confirmed; screenshot filenames 2026-09-16,sample,118,True,,설묘,18913854,26252310,True,,Scania 25,※1891만 3854,Vision OCR; numeric and level fields visually checked against source,guild_match_ranking,,경성2018,,
스크린샷 2026-09-16 215513.png,,79,79,HERMES,랏운,비숍,18883815,117,image,비숍,117,비숍,HERMES,Scania 3,https://mgf.gg/contents/guild_info.php?g_name=HERMES,2026-09-17 (cached report input),2026.09.16,5경 1996조 1143억 8981만,5199611438981,,not confirmed; screenshot filenames 2026-09-16,sample,117,True,,HERMES,18883815,31304505,True,,Scania 3,※ 1888만 3815,Vision OCR; numeric and level fields visually checked against source,guild_match_ranking,,랏운,,
스크린샷 2026-09-16 215851.png,,80,80,HERMES,노건,나이트로드,18873558,116,image,나이트로드,116,나이트로드,HERMES,Scania 3,https://mgf.gg/contents/guild_info.php?g_name=HERMES,2026-09-17 (cached report input),2026.09.16,3경 2916조 7593억 1863만,3291675931863,,not confirmed; screenshot filenames 2026-09-16,sample,116,True,,HERMES,18873558,21112466,True,,Scania 3,※ 1887만 3558,Vision OCR; numeric and level fields visually checked against source,guild_match_ranking,,노건,,
스크린샷 2026-09-16 215851.png,,81,81,HERMES,Tyrael,"아크메이지(썬,콜)",18696489,119,image,"아크메이지(썬,콜)",119,"아크메이지(썬,콜)",HERMES,Scania 3,https://mgf.gg/contents/guild_info.php?g_name=HERMES,2026-09-17 (cached report input),2026.09.16,5경 8252조 9774억 6751만,5825297746751,,not confirmed; screenshot filenames 2026-09-16,sample,119,True,,HERMES,18696489,22923662,True,,Scania 3,※ 1869만 6489,Vision OCR; numeric and level fields visually checked against source,guild_match_ranking,,Tyrael,,
스크린샷 2026-09-16 215851.png,,82,82,셀린느,약어,바이퍼,18692139,119,image,바이퍼,119,바이퍼,셀린느,Scania 2,https://mgf.gg/contents/guild_info.php?g_name=%EC%85%80%EB%A6%B0%EB%8A%90,2026-09-17 (cached report input),2026.09.16,9경 7717조 5279억 6925만,9771752796925,,not confirmed; screenshot filenames 2026-09-16,sample,119,True,,셀린느,18692139,144,True,,Scania 2,※ 1869만 2139,Vision OCR; numeric and level fields visually checked against source,guild_match_ranking,,약어,,
스크린샷 2026-09-16 215851.png,,83,83,빠따,매쵸맛,바이퍼,18629919,117,image,바이퍼,117,바이퍼,빠따,Scania 12,https://mgf.gg/contents/guild_info.php?g_name=%EB%B9%A0%EB%94%B0,2026-09-17 (cached report input),2026.09.12,5경 3053조 942억 4766만,5305309424766,,not confirmed; screenshot filenames 2026-09-16,sample,117,True,,빠따,18629919,124,True,,Scania 12,※1862만 9919,Vision OCR; numeric and level fields visually checked against source,guild_match_ranking,,매쵸맛,,
스크린샷 2026-09-16 215851.png,,84,84,유니크,보레아스,팔라딘,18266592,117,image,팔라딘,117,팔라딘,유니크,Scania 1,https://mgf.gg/contents/guild_info.php?g_name=%EC%9C%A0%EB%8B%88%ED%81%AC,2026-09-17 (cached report input),2026.09.16,2경 1572조 3894억 3304만,2157238943304,,not confirmed; screenshot filenames 2026-09-16,sample,117,True,,유니크,18266592,21355668,True,,Scania 1,※1826만 6592,Vision OCR; numeric and level fields visually checked against source,guild_match_ranking,,보레아스,,
스크린샷 2026-09-16 215857.png,,85,85,셀린느,아이스꾸임,비숍,18102894,115,image,비숍,115,비숍,셀린느,Scania 2,https://mgf.gg/contents/guild_info.php?g_name=%EC%85%80%EB%A6%B0%EB%8A%90,2026-09-17 (cached report input),2026.09.16,1경 2768조 6356억 4928만,1276863564928,,not confirmed; screenshot filenames 2026-09-16,sample,115,True,,셀린느,18102894,22469984,True,,Scania 2,※1810만 2894,Vision OCR; numeric and level fields visually checked against source,guild_match_ranking,,아이스꾸임,익맹,User confirmed nickname mapping in conversation on 2026-09-17
스크린샷 2026-09-16 215857.png,,86,86,빠따,o후국o,다크나이트,18059388,117,image,다크나이트,116,다크나이트,빠따,Scania 12,https://mgf.gg/contents/guild_info.php?g_name=%EB%B9%A0%EB%94%B0,2026-09-17 (cached report input),2026.09.12,2경 8526조 1391억 6769만,2852613916769,,not confirmed; screenshot filenames 2026-09-16,sample,117,True,,빠따,18059388,25089715,True,,Scania 12,※1805만 9388,Vision OCR; numeric and level fields visually checked against source,guild_match_ranking,,o후국o,,
스크린샷 2026-09-16 215857.png,,87,87,유니크,컈컈,비숍,18022164,113,image,비숍,113,비숍,유니크,Scania 1,https://mgf.gg/contents/guild_info.php?g_name=%EC%9C%A0%EB%8B%88%ED%81%AC,2026-09-17 (cached report input),2026.09.16,3960조 8132억 2490만,396081322490,,not confirmed; screenshot filenames 2026-09-16,sample,113,True,,유니크,18022164,17016500,True,,Scania 1,※1802만 2164,Vision OCR; numeric and level fields visually checked against source,guild_match_ranking,,컈컈,,
스크린샷 2026-09-16 215857.png,,88,88,설묘,폰병,다크나이트,17896965,118,image,다크나이트,118,다크나이트,설묘,Scania 25,https://mgf.gg/contents/guild_info.php?g_name=%EC%84%A4%EB%AC%98,2026-09-17 (cached report input),2026.09.12,5경 4783조 8696억 6956만,5478386966956,,not confirmed; screenshot filenames 2026-09-16,sample,118,True,,설묘,17896965,29277099,True,,Scania 25,※1789만 6965,Vision OCR; numeric and level fields visually checked against source,guild_match_ranking,,폰병,,
스크린샷 2026-09-16 215857.png,,89,89,셀린느,쾌감,섀도어,17867922,118,image,섀도어,118,섀도어,셀린느,Scania 2,https://mgf.gg/contents/guild_info.php?g_name=%EC%85%80%EB%A6%B0%EB%8A%90,2026-09-17 (cached report input),2026.09.16,5경 5228조 9003억 4099만,5522890034099,,not confirmed; screenshot filenames 2026-09-16,sample,118,True,,셀린느,17867922,24249054,True,,Scania 2,※ 1786만 7922,Vision OCR; numeric and level fields visually checked against source,guild_match_ranking,,쾌감,,
스크린샷 2026-09-16 220446.png,,90,90,셀린느,국의,팔라딘,17790570,120,image,팔라딘,120,팔라딘,셀린느,Scania 2,https://mgf.gg/contents/guild_info.php?g_name=%EC%85%80%EB%A6%B0%EB%8A%90,2026-09-17 (cached report input),2026.09.16,8경 7873조 5334억 9992만,8787353349992,,not confirmed; screenshot filenames 2026-09-16,sample,120,True,,셀린느,17790570,29874567,True,,Scania 2,※ 1779만 570,Vision OCR; numeric and level fields visually checked against source,guild_match_ranking,,국의,,
스크린샷 2026-09-16 220446.png,,91,91,셀린느,니달리신,캡틴,17705805,119,image,캡틴,119,캡틴,셀린느,Scania 2,https://mgf.gg/contents/guild_info.php?g_name=%EC%85%80%EB%A6%B0%EB%8A%90,2026-09-17 (cached report input),2026.09.16,7경 3059조 933억 2511만,7305909332511,,not confirmed; screenshot filenames 2026-09-16,sample,119,True,,셀린느,17705805,135,True,,Scania 2,※ 1770만 5805,Vision OCR; numeric and level fields visually checked against source,guild_match_ranking,,니달리신,,
스크린샷 2026-09-16 220446.png,,92,92,빠따,떠웅,섀도어,17687379,117,image,섀도어,117,섀도어,빠따,Scania 12,https://mgf.gg/contents/guild_info.php?g_name=%EB%B9%A0%EB%94%B0,2026-09-17 (cached report input),2026.09.12,1경 8677조 6416억 2488만,1867764162488,,not confirmed; screenshot filenames 2026-09-16,sample,117,True,,빠따,17687379,18817092,True,,Scania 12,※ 1768만 7379,Vision OCR; numeric and level fields visually checked against source,guild_match_ranking,,떠웅,,
스크린샷 2026-09-16 220446.png,,93,93,빠따,화욤,보우마스터,17560491,116,image,보우마스터,116,보우마스터,빠따,Scania 12,https://mgf.gg/contents/guild_info.php?g_name=%EB%B9%A0%EB%94%B0,2026-09-17 (cached report input),2026.09.12,1경 4875조 1822억 2534만,1487518222534,,not confirmed; screenshot filenames 2026-09-16,sample,116,True,,빠따,17560491,18377240,True,,Scania 12,※ 1756만 491,Vision OCR; numeric and level fields visually checked against source,guild_match_ranking,,화욤,,
스크린샷 2026-09-16 220446.png,,94,94,HERMES,새콤달콤해,비숍,17213718,115,image,비숍,115,비숍,HERMES,Scania 3,https://mgf.gg/contents/guild_info.php?g_name=HERMES,2026-09-17 (cached report input),2026.09.16,1경 2282조 9138억 1769만,1228291381769,,not confirmed; screenshot filenames 2026-09-16,sample,115,True,,HERMES,17213718,22270443,True,,Scania 3,※1721만 3718,Vision OCR; numeric and level fields visually checked against source,guild_match_ranking,,새콤달콤해,,
스크린샷 2026-09-16 220509.png,,95,95,HERMES,조평견,바이퍼,16832355,118,image,바이퍼,118,바이퍼,HERMES,Scania 3,https://mgf.gg/contents/guild_info.php?g_name=HERMES,2026-09-17 (cached report input),2026.09.16,34경 4710조 6367억 9998만,34471063679998,,not confirmed; screenshot filenames 2026-09-16,sample,118,True,,HERMES,16832355,192,True,,Scania 3,※ 1683만 2355,Vision OCR; numeric and level fields visually checked against source,guild_match_ranking,,조평견,,
스크린샷 2026-09-16 220509.png,,96,96,셀린느,진자이,비숍,16816548,122,image,비숍,122,비숍,셀린느,Scania 2,https://mgf.gg/contents/guild_info.php?g_name=%EC%85%80%EB%A6%B0%EB%8A%90,2026-09-17 (cached report input),2026.09.16,56경 4909조 216억 5226만,56490902165226,,not confirmed; screenshot filenames 2026-09-16,sample,122,True,,셀린느,16816548,55331899,True,,Scania 2,※1681만 6548,Vision OCR; numeric and level fields visually checked against source,guild_match_ranking,,진자이,,
스크린샷 2026-09-16 220509.png,,97,97,유니크,일등통신,바이퍼,16816107,115,image,바이퍼,115,바이퍼,유니크,Scania 1,https://mgf.gg/contents/guild_info.php?g_name=%EC%9C%A0%EB%8B%88%ED%81%AC,2026-09-17 (cached report input),2026.09.16,2경 1234조 1052억 3014만,2123410523014,,not confirmed; screenshot filenames 2026-09-16,sample,115,True,,유니크,16816107,100,True,,Scania 1,※1681만 6107,Vision OCR; numeric and level fields visually checked against source,guild_match_ranking,,일등통신,,
스크린샷 2026-09-16 220509.png,,98,98,유니크,서먕,섀도어,16736598,117,image,섀도어,117,섀도어,유니크,Scania 1,https://mgf.gg/contents/guild_info.php?g_name=%EC%9C%A0%EB%8B%88%ED%81%AC,2026-09-17 (cached report input),2026.09.16,2경 938조 9137억 4771만,2093891374771,,not confirmed; screenshot filenames 2026-09-16,sample,117,True,,유니크,16736598,19318255,True,,Scania 1,※1673만 6598,Vision OCR; numeric and level fields visually checked against source,guild_match_ranking,,서먕,,
스크린샷 2026-09-16 220509.png,,99,99,셀린느,핫잇,비숍,16399686,116,image,비숍,116,비숍,셀린느,Scania 2,https://mgf.gg/contents/guild_info.php?g_name=%EC%85%80%EB%A6%B0%EB%8A%90,2026-09-17 (cached report input),2026.09.16,1경 5275조 752억 3008만,1527507523008,,not confirmed; screenshot filenames 2026-09-16,sample,116,True,,셀린느,16399686,23517209,True,,Scania 2,※1639만 9686,Vision OCR; numeric and level fields visually checked against source,guild_match_ranking,,핫잇,,
스크린샷 2026-09-16 220515.png,,100,100,빠따,o진이o,나이트로드,16357296,116,image,나이트로드,116,나이트로드,빠따,Scania 12,https://mgf.gg/contents/guild_info.php?g_name=%EB%B9%A0%EB%94%B0,2026-09-17 (cached report input),2026.09.12,3경 153조 1544억 84만,3015315440084,,not confirmed; screenshot filenames 2026-09-16,sample,116,True,,빠따,16357296,20690909,True,,Scania 12,※1635만 7296,Vision OCR; numeric and level fields visually checked against source,guild_match_ranking,,o진이o,,
스크린샷 2026-09-16 220515.png,,101,101,설묘,읏코츠,나이트로드,16344681,115,image,나이트로드,115,나이트로드,설묘,Scania 25,https://mgf.gg/contents/guild_info.php?g_name=%EC%84%A4%EB%AC%98,2026-09-17 (cached report input),2026.09.12,8994조 5637억 24만,899456370024,,not confirmed; screenshot filenames 2026-09-16,sample,115,True,,설묘,16344681,15597981,True,,Scania 25,※1634만 4681,Vision OCR; numeric and level fields visually checked against source,guild_match_ranking,,읏코츠,,
스크린샷 2026-09-16 220515.png,,102,102,유니크,벞벞,비숍,16185291,116,image,비숍,116,비숍,유니크,Scania 1,https://mgf.gg/contents/guild_info.php?g_name=%EC%9C%A0%EB%8B%88%ED%81%AC,2026-09-17 (cached report input),2026.09.16,1경 2189조 8683억 18만,1218986830018,,not confirmed; screenshot filenames 2026-09-16,sample,116,True,,유니크,16185291,22327977,True,,Scania 1,※1618만 5291,Vision OCR; numeric and level fields visually checked against source,guild_match_ranking,,벞벞,,
스크린샷 2026-09-16 220515.png,,103,103,빠따,이원일,나이트로드,16001319,116,image,나이트로드,116,나이트로드,빠따,Scania 12,https://mgf.gg/contents/guild_info.php?g_name=%EB%B9%A0%EB%94%B0,2026-09-17 (cached report input),2026.09.12,3경 5599조 1905억 3722만,3559919053722,,not confirmed; screenshot filenames 2026-09-16,sample,116,True,,빠따,16001319,21496328,True,,Scania 12,※1600만 1319,Vision OCR; numeric and level fields visually checked against source,guild_match_ranking,,이원일,,
스크린샷 2026-09-16 220515.png,,104,104,CRES,룬보,보우마스터,15908562,111,image,보우마스터,111,보우마스터,CRES,Scania 45,https://mgf.gg/contents/guild_info.php?g_name=CRES,2026-09-17 (cached report input),2026.09.16,612조 9953억 4590만,61299534590,,not confirmed; screenshot filenames 2026-09-16,sample,111,True,,CRES,15908562,8632997,True,,Scania 45,※1590만 8562,Vision OCR; numeric and level fields visually checked against source,guild_match_ranking,,룬보,,
스크린샷 2026-09-16 220522.png,,105,105,설묘,네오메디,비숍,15848364,115,image,비숍,115,비숍,설묘,Scania 25,https://mgf.gg/contents/guild_info.php?g_name=%EC%84%A4%EB%AC%98,2026-09-17 (cached report input),2026.09.12,8781조 4022억 5235만,878140225235,,not confirmed; screenshot filenames 2026-09-16,sample,115,True,,설묘,15848364,20616228,True,,Scania 25,※ 1584만 8364,Vision OCR; numeric and level fields visually checked against source,guild_match_ranking,,네오메디,,
스크린샷 2026-09-16 220522.png,,106,106,설묘,공룡박사원이,나이트로드,15774030,115,image,나이트로드,115,나이트로드,설묘,Scania 25,https://mgf.gg/contents/guild_info.php?g_name=%EC%84%A4%EB%AC%98,2026-09-17 (cached report input),2026.09.12,1경 1117조 1799억 3663만,1111717993663,,not confirmed; screenshot filenames 2026-09-16,sample,115,True,,설묘,15774030,16376901,True,,Scania 25,※ 1577만 4030,Vision OCR; numeric and level fields visually checked against source,guild_match_ranking,,공룡박사원이,,
스크린샷 2026-09-16 220522.png,,107,107,빠따,설편,섀도어,15690711,118,image,섀도어,118,섀도어,빠따,Scania 12,https://mgf.gg/contents/guild_info.php?g_name=%EB%B9%A0%EB%94%B0,2026-09-17 (cached report input),2026.09.12,4경 7116조 3534억 7673만,4711635347673,,not confirmed; screenshot filenames 2026-09-16,sample,118,True,,빠따,15690711,23379004,True,,Scania 12,※ 1569만 711,Vision OCR; numeric and level fields visually checked against source,guild_match_ranking,,설편,,
스크린샷 2026-09-16 220522.png,,108,108,셀린느,할룽,비숍,15682200,117,image,비숍,117,비숍,셀린느,Scania 2,https://mgf.gg/contents/guild_info.php?g_name=%EC%85%80%EB%A6%B0%EB%8A%90,2026-09-17 (cached report input),2026.09.16,1경 6529조 5322억 4370만,1652953224370,,not confirmed; screenshot filenames 2026-09-16,sample,117,True,,셀린느,15682200,24051018,True,,Scania 2,※1568만 2200,Vision OCR; numeric and level fields visually checked against source,guild_match_ranking,,할룽,,
스크린샷 2026-09-16 220522.png,,109,109,HERMES,칸델,나이트로드,15661980,114,image,나이트로드,114,나이트로드,HERMES,Scania 3,https://mgf.gg/contents/guild_info.php?g_name=HERMES,2026-09-17 (cached report input),2026.09.16,8542조 7537억 8312만,854275378312,,not confirmed; screenshot filenames 2026-09-16,sample,114,True,,HERMES,15661980,15347018,True,,Scania 3,※ 1566만 1980,Vision OCR; numeric and level fields visually checked against source,guild_match_ranking,,칸델,,
스크린샷 2026-09-16 220528.png,,110,110,셀린느,프리프리,나이트로드,15544629,116,image,나이트로드,116,나이트로드,셀린느,Scania 2,https://mgf.gg/contents/guild_info.php?g_name=%EC%85%80%EB%A6%B0%EB%8A%90,2026-09-17 (cached report input),2026.09.16,1경 4618조 2500억 6149만,1461825006149,,not confirmed; screenshot filenames 2026-09-16,sample,116,True,,셀린느,15544629,17516970,True,,Scania 2,※1554만 4629,Vision OCR; numeric and level fields visually checked against source,guild_match_ranking,,프리프리,,
스크린샷 2026-09-16 220528.png,,111,111,빠따,o볼륨o,나이트로드,15528219,116,image,나이트로드,116,나이트로드,빠따,Scania 12,https://mgf.gg/contents/guild_info.php?g_name=%EB%B9%A0%EB%94%B0,2026-09-17 (cached report input),2026.09.12,2경 687조 4032억 7790만,2068740327790,,not confirmed; screenshot filenames 2026-09-16,sample,116,True,,빠따,15528219,18973411,True,,Scania 12,※1552만 8219,Vision OCR; numeric and level fields visually checked against source,guild_match_ranking,,ㅇ볼륨o,,
스크린샷 2026-09-16 220528.png,,112,112,셀린느,혜영,비숍,15508341,115,image,비숍,114,비숍,셀린느,Scania 2,https://mgf.gg/contents/guild_info.php?g_name=%EC%85%80%EB%A6%B0%EB%8A%90,2026-09-17 (cached report input),2026.09.16,8944조 2540억 2789만,894425402789,,not confirmed; screenshot filenames 2026-09-16,sample,115,True,,셀린느,15508341,20703543,True,,Scania 2,※1550만 8341,Vision OCR; numeric and level fields visually checked against source,guild_match_ranking,,혜영,,
스크린샷 2026-09-16 220528.png,,113,113,유니크,마류,캡틴,15419142,114,image,캡틴,114,캡틴,유니크,Scania 1,https://mgf.gg/contents/guild_info.php?g_name=%EC%9C%A0%EB%8B%88%ED%81%AC,2026-09-17 (cached report input),2026.09.16,6629조 2352억 193만,662923520193,,not confirmed; screenshot filenames 2026-09-16,sample,114,True,,유니크,15419142,76,True,,Scania 1,※1541만 9142,Vision OCR; numeric and level fields visually checked against source,guild_match_ranking,,마류,,
스크린샷 2026-09-16 220528.png,,114,114,셀린느,세아수호지호,비숍,15359751,117,image,비숍,117,비숍,셀린느,Scania 2,https://mgf.gg/contents/guild_info.php?g_name=%EC%85%80%EB%A6%B0%EB%8A%90,2026-09-17 (cached report input),2026.09.16,1경 7878조 1123억 177만,1787811230177,,not confirmed; screenshot filenames 2026-09-16,sample,117,True,,셀린느,15359751,24488801,True,,Scania 2,※1535만 9751,Vision OCR; numeric and level fields visually checked against source,guild_match_ranking,,세아수호지호,,
