match,rank,guild,nickname,job_raw,observed_text,contribution,sample_date,source,source_row,matched_nickname,job_name,observed_performance,observed_unit,level,combat_power,combat_power_man,profile_job,profile_guild,profile_server,profile_source_url,profile_retrieved_at,profile_data_date,profile_timing,guild_for_fit,fit_eligible,exclusion_reason,possible_nickname_matches,extraction,nickname_raw,guild_source,nickname_correction
빅딜,1,SSIM,주식회사서영,바이퍼,3978억 934만,1500000,2026-09-14,빅딜_대항전.xlsx,2,주식회사서영,바이퍼,397809340000,absolute (image display rounded to 억/만),115,5경 8603조 2478억 2951만,5860324782951,바이퍼,SSIM,Scania 60,https://mgf.gg/contents/guild_info.php?g_name=SSIM,2026-09-16T22:22:34.619416+09:00,2026.09.16,2026-09-16 proxy for 2026-09-14 sample; not contemporaneous,SSIM,True,,,,,,
빅딜,2,인형나라,글쟈,섀도어,2094억 398만,1200000,2026-09-14,빅딜_대항전.xlsx,3,글쟈,섀도어,209403980000,absolute (image display rounded to 억/만),114,1경 447조 5129억 7199만,1044751297199,섀도어,인형나라,Scania 25,https://mgf.gg/contents/guild_info.php?g_name=%EC%9D%B8%ED%98%95%EB%82%98%EB%9D%BC,2026-09-16T22:22:34.116204+09:00,2026.09.12,2026-09-16 proxy for 2026-09-14 sample; not contemporaneous,인형나라,True,,,,,,
빅딜,3,86서버,이슬러버,히어로,1961억 7266만,950000,2026-09-14,빅딜_대항전.xlsx,4,이슬러버,히어로,196172660000,absolute (image display rounded to 억/만),114,1경 763조 7057억 4323만,1076370574323,히어로,86서버,Scania 33,https://mgf.gg/contents/guild_info.php?g_name=86%EC%84%9C%EB%B2%84,2026-09-16T22:22:33.112070+09:00,2026.09.12,2026-09-16 proxy for 2026-09-14 sample; not contemporaneous,86서버,True,,,,,,
빅딜,4,빅딜,굴러가는일상,비숍,1685억 5643만,850000,2026-09-14,빅딜_대항전.xlsx,5,굴러가는일상,비숍,168556430000,absolute (image display rounded to 억/만),112,5522조 7382억 506만,552273820506,비숍,빅딜,Scania 2,https://mgf.gg/contents/guild_info.php?g_name=%EB%B9%85%EB%94%9C,2026-09-16T22:22:32.620426+09:00,2026.09.16,2026-09-16 proxy for 2026-09-14 sample; not contemporaneous,빅딜,True,,,,,,
빅딜,5,눈별,심신삐약자,아크메이지 - 썬콜,1676억 9701만,780000,2026-09-14,빅딜_대항전.xlsx,6,심신삐약자,"아크메이지(썬,콜)",167697010000,absolute (image display rounded to 억/만),114,4539조 9051억 8255만,453990518255,"아크메이지(썬,콜)",눈별,Scania 6,https://mgf.gg/contents/guild_info.php?g_name=%EB%88%88%EB%B3%84,2026-09-16T22:22:33.610242+09:00,2026.09.16,2026-09-16 proxy for 2026-09-14 sample; not contemporaneous,눈별,True,,,,,,
빅딜,6,눈별,우니아파요,나이트로드,1664억 4869만,720000,2026-09-14,빅딜_대항전.xlsx,7,우니아파요,나이트로드,166448690000,absolute (image display rounded to 억/만),114,5708조 2885억 4200만,570828854200,나이트로드,눈별,Scania 6,https://mgf.gg/contents/guild_info.php?g_name=%EB%88%88%EB%B3%84,2026-09-16T22:22:33.610242+09:00,2026.09.16,2026-09-16 proxy for 2026-09-14 sample; not contemporaneous,눈별,True,,,,,,
빅딜,7,SSIM,블루펀치,바이퍼,1649억 6015만,670000,2026-09-14,빅딜_대항전.xlsx,8,블루펀치,바이퍼,164960150000,absolute (image display rounded to 억/만),112,4135조 8792억 9596만,413587929596,바이퍼,SSIM,Scania 60,https://mgf.gg/contents/guild_info.php?g_name=SSIM,2026-09-16T22:22:34.619416+09:00,2026.09.16,2026-09-16 proxy for 2026-09-14 sample; not contemporaneous,SSIM,True,,,,,,
빅딜,8,빅딜,두향,팔라딘,1638억 4756만,630000,2026-09-14,빅딜_대항전.xlsx,9,두향,팔라딘,163847560000,absolute (image display rounded to 억/만),113,3815조 5213억 6600만,381552136600,팔라딘,빅딜,Scania 2,https://mgf.gg/contents/guild_info.php?g_name=%EB%B9%85%EB%94%9C,2026-09-16T22:22:32.620426+09:00,2026.09.16,2026-09-16 proxy for 2026-09-14 sample; not contemporaneous,빅딜,True,,,,,,
빅딜,9,인형나라,꿀꿀맛,아크메이지 - 썬콜,1626억 8529만,590000,2026-09-14,빅딜_대항전.xlsx,10,꿀꿀맛,"아크메이지(썬,콜)",162685290000,absolute (image display rounded to 억/만),113,2386조 8932억 4753만,238689324753,"아크메이지(썬,콜)",인형나라,Scania 25,https://mgf.gg/contents/guild_info.php?g_name=%EC%9D%B8%ED%98%95%EB%82%98%EB%9D%BC,2026-09-16T22:22:34.116204+09:00,2026.09.12,2026-09-16 proxy for 2026-09-14 sample; not contemporaneous,인형나라,True,,,,,,
빅딜,10,눈별,유수달,아크메이지 - 불독,1549억 5588만,560000,2026-09-14,빅딜_대항전.xlsx,11,유수달,"아크메이지(불,독)",154955880000,absolute (image display rounded to 억/만),114,2079조 7509억 3154만,207975093154,"아크메이지(불,독)",눈별,Scania 6,https://mgf.gg/contents/guild_info.php?g_name=%EB%88%88%EB%B3%84,2026-09-16T22:22:33.610242+09:00,2026.09.16,2026-09-16 proxy for 2026-09-14 sample; not contemporaneous,눈별,True,,,,,,
빅딜,11,눈별,도하리,팔라딘,1521억 4863만,530000,2026-09-14,빅딜_대항전.xlsx,12,도하리,팔라딘,152148630000,absolute (image display rounded to 억/만),113,2938조 3489억 2905만,293834892905,팔라딘,눈별,Scania 6,https://mgf.gg/contents/guild_info.php?g_name=%EB%88%88%EB%B3%84,2026-09-16T22:22:33.610242+09:00,2026.09.16,2026-09-16 proxy for 2026-09-14 sample; not contemporaneous,눈별,True,,,,,,
빅딜,12,SSIM,찌그러진모자,팔라딘,1509억 2808만,500000,2026-09-14,빅딜_대항전.xlsx,13,찌그러진모자,팔라딘,150928080000,absolute (image display rounded to 억/만),112,2630조 7259억 1578만,263072591578,팔라딘,SSIM,Scania 60,https://mgf.gg/contents/guild_info.php?g_name=SSIM,2026-09-16T22:22:34.619416+09:00,2026.09.16,2026-09-16 proxy for 2026-09-14 sample; not contemporaneous,SSIM,True,,,,,,
빅딜,13,빅딜,몽호,비숍,1473억 26만,470000,2026-09-14,빅딜_대항전.xlsx,14,몽호,비숍,147300260000,absolute (image display rounded to 억/만),115,3217조 3423억 2146만,321734232146,비숍,빅딜,Scania 2,https://mgf.gg/contents/guild_info.php?g_name=%EB%B9%85%EB%94%9C,2026-09-16T22:22:32.620426+09:00,2026.09.16,2026-09-16 proxy for 2026-09-14 sample; not contemporaneous,빅딜,True,,,,,,
빅딜,14,눈별,이용하다,보우마스터,1436억 2506만,440000,2026-09-14,빅딜_대항전.xlsx,15,이용하다,보우마스터,143625060000,absolute (image display rounded to 억/만),112,1700조 3358억 9824만,170033589824,보우마스터,눈별,Scania 6,https://mgf.gg/contents/guild_info.php?g_name=%EB%88%88%EB%B3%84,2026-09-16T22:22:33.610242+09:00,2026.09.16,2026-09-16 proxy for 2026-09-14 sample; not contemporaneous,눈별,True,,,,,,
빅딜,15,눈별,해달잉,보우마스터,1414억 6133만,410000,2026-09-14,빅딜_대항전.xlsx,16,해달잉,보우마스터,141461330000,absolute (image display rounded to 억/만),113,1745조 1553억 5425만,174515535425,보우마스터,눈별,Scania 6,https://mgf.gg/contents/guild_info.php?g_name=%EB%88%88%EB%B3%84,2026-09-16T22:22:33.610242+09:00,2026.09.16,2026-09-16 proxy for 2026-09-14 sample; not contemporaneous,눈별,True,,,,,,
빅딜,16,인형나라,디매트로돈,비숍,1407억 1453만,380000,2026-09-14,빅딜_대항전.xlsx,17,디매트로돈,비숍,140714530000,absolute (image display rounded to 억/만),112,2148조 7069억 2080만,214870692080,비숍,인형나라,Scania 25,https://mgf.gg/contents/guild_info.php?g_name=%EC%9D%B8%ED%98%95%EB%82%98%EB%9D%BC,2026-09-16T22:22:34.116204+09:00,2026.09.12,2026-09-16 proxy for 2026-09-14 sample; not contemporaneous,인형나라,True,,,,,,
빅딜,17,86서버,이지카이트,섀도어,1402억 3605만,350000,2026-09-14,빅딜_대항전.xlsx,18,이지카이트,섀도어,140236050000,absolute (image display rounded to 억/만),112,3923조 6107억 7357만,392361077357,섀도어,86서버,Scania 33,https://mgf.gg/contents/guild_info.php?g_name=86%EC%84%9C%EB%B2%84,2026-09-16T22:22:33.112070+09:00,2026.09.12,2026-09-16 proxy for 2026-09-14 sample; not contemporaneous,86서버,True,,,,,,
빅딜,18,눈별,죽창당일개통,나이트로드,1401억 3862만,320000,2026-09-14,빅딜_대항전.xlsx,19,죽창당일개통,나이트로드,140138620000,absolute (image display rounded to 억/만),113,2365조 5050억 9154만,236550509154,나이트로드,눈별,Scania 6,https://mgf.gg/contents/guild_info.php?g_name=%EB%88%88%EB%B3%84,2026-09-16T22:22:33.610242+09:00,2026.09.16,2026-09-16 proxy for 2026-09-14 sample; not contemporaneous,눈별,True,,,,,,
빅딜,19,SSIM,김또느,바이퍼,1389억 3913만,290000,2026-09-14,빅딜_대항전.xlsx,20,김또느,바이퍼,138939130000,absolute (image display rounded to 억/만),112,2015조 7183억 7524만,201571837524,바이퍼,SSIM,Scania 60,https://mgf.gg/contents/guild_info.php?g_name=SSIM,2026-09-16T22:22:34.619416+09:00,2026.09.16,2026-09-16 proxy for 2026-09-14 sample; not contemporaneous,SSIM,True,,,,,,
빅딜,20,인형나라,괴챠반,바이퍼,1365억 7763만,260000,2026-09-14,빅딜_대항전.xlsx,21,괴챠반,바이퍼,136577630000,absolute (image display rounded to 억/만),112,3779조 9660억 4199만,377996604199,바이퍼,인형나라,Scania 25,https://mgf.gg/contents/guild_info.php?g_name=%EC%9D%B8%ED%98%95%EB%82%98%EB%9D%BC,2026-09-16T22:22:34.116204+09:00,2026.09.12,2026-09-16 proxy for 2026-09-14 sample; not contemporaneous,인형나라,True,,,,,,
빅딜,21,눈별,종꿀,나이트로드,1360억 6232만,250000,2026-09-14,빅딜_대항전.xlsx,22,종꿀,나이트로드,136062320000,absolute (image display rounded to 억/만),113,1939조 2480억 9380만,193924809380,나이트로드,눈별,Scania 6,https://mgf.gg/contents/guild_info.php?g_name=%EB%88%88%EB%B3%84,2026-09-16T22:22:33.610242+09:00,2026.09.16,2026-09-16 proxy for 2026-09-14 sample; not contemporaneous,눈별,True,,,,,,
빅딜,22,눈별,여니워니,비숍,1342억 30만,240000,2026-09-14,빅딜_대항전.xlsx,23,여니워니,비숍,134200300000,absolute (image display rounded to 억/만),112,1609조 611억 3837만,160906113837,비숍,눈별,Scania 6,https://mgf.gg/contents/guild_info.php?g_name=%EB%88%88%EB%B3%84,2026-09-16T22:22:33.610242+09:00,2026.09.16,2026-09-16 proxy for 2026-09-14 sample; not contemporaneous,눈별,True,,,,,,
빅딜,23,빅딜,김치싸대기,히어로,1259억 4248만,230000,2026-09-14,빅딜_대항전.xlsx,24,김치싸대기,히어로,125942480000,absolute (image display rounded to 억/만),114,8515조 3583억 4706만,851535834706,히어로,빅딜,Scania 2,https://mgf.gg/contents/guild_info.php?g_name=%EB%B9%85%EB%94%9C,2026-09-16T22:22:32.620426+09:00,2026.09.16,2026-09-16 proxy for 2026-09-14 sample; not contemporaneous,빅딜,True,,,,,,
빅딜,24,인형나라,유놈,나이트로드,1251억 5480만,220000,2026-09-14,빅딜_대항전.xlsx,25,유놈,나이트로드,125154800000,absolute (image display rounded to 억/만),111,2691조 9569억 2682만,269195692682,나이트로드,인형나라,Scania 25,https://mgf.gg/contents/guild_info.php?g_name=%EC%9D%B8%ED%98%95%EB%82%98%EB%9D%BC,2026-09-16T22:22:34.116204+09:00,2026.09.12,2026-09-16 proxy for 2026-09-14 sample; not contemporaneous,인형나라,True,,,,,,
빅딜,25,86서버,델타시그마,섀도어,1240억 3541만,210000,2026-09-14,빅딜_대항전.xlsx,26,델타시그마,섀도어,124035410000,absolute (image display rounded to 억/만),112,2462조 8942억 8430만,246289428430,섀도어,86서버,Scania 33,https://mgf.gg/contents/guild_info.php?g_name=86%EC%84%9C%EB%B2%84,2026-09-16T22:22:33.112070+09:00,2026.09.12,2026-09-16 proxy for 2026-09-14 sample; not contemporaneous,86서버,True,,,,,,
빅딜,26,86서버,PSG서포터즈,섀도어,1224억 9089만,200000,2026-09-14,빅딜_대항전.xlsx,27,PSG서포터즈,섀도어,122490890000,absolute (image display rounded to 억/만),110,861조 9309억 5785만,86193095785,섀도어,86서버,Scania 33,https://mgf.gg/contents/guild_info.php?g_name=86%EC%84%9C%EB%B2%84,2026-09-16T22:22:33.112070+09:00,2026.09.12,2026-09-16 proxy for 2026-09-14 sample; not contemporaneous,86서버,True,,,,,,
빅딜,27,빅딜,서포터즈,나이트로드,1219억 4513만,190000,2026-09-14,빅딜_대항전.xlsx,28,서포터즈,나이트로드,121945130000,absolute (image display rounded to 억/만),112,2062조 3576억 7889만,206235767889,나이트로드,빅딜,Scania 2,https://mgf.gg/contents/guild_info.php?g_name=%EB%B9%85%EB%94%9C,2026-09-16T22:22:32.620426+09:00,2026.09.16,2026-09-16 proxy for 2026-09-14 sample; not contemporaneous,빅딜,True,,,,,,
빅딜,28,인형나라,김훈한,보우마스터,1216억 1135만,180000,2026-09-14,빅딜_대항전.xlsx,29,김훈한,보우마스터,121611350000,absolute (image display rounded to 억/만),112,1277조 5140억 7129만,127751407129,보우마스터,인형나라,Scania 25,https://mgf.gg/contents/guild_info.php?g_name=%EC%9D%B8%ED%98%95%EB%82%98%EB%9D%BC,2026-09-16T22:22:34.116204+09:00,2026.09.12,2026-09-16 proxy for 2026-09-14 sample; not contemporaneous,인형나라,True,,,,,,
빅딜,29,빅딜,대방어조아,나이트로드,1193억 1809만,170000,2026-09-14,빅딜_대항전.xlsx,31,대방어조아,나이트로드,119318090000,absolute (image display rounded to 억/만),113,3301조 3852억 4361만,330138524361,나이트로드,빅딜,Scania 2,https://mgf.gg/contents/guild_info.php?g_name=%EB%B9%85%EB%94%9C,2026-09-16T22:22:32.620426+09:00,2026.09.16,2026-09-16 proxy for 2026-09-14 sample; not contemporaneous,빅딜,True,,,,,,
빅딜,30,인형나라,사오토메란마,아크메이지 - 불독,1184억 7341만,160000,2026-09-14,빅딜_대항전.xlsx,32,사오토메란마,"아크메이지(불,독)",118473410000,absolute (image display rounded to 억/만),112,1768조 8881억 9922만,176888819922,"아크메이지(불,독)",인형나라,Scania 25,https://mgf.gg/contents/guild_info.php?g_name=%EC%9D%B8%ED%98%95%EB%82%98%EB%9D%BC,2026-09-16T22:22:34.116204+09:00,2026.09.12,2026-09-16 proxy for 2026-09-14 sample; not contemporaneous,인형나라,True,,,,,,
빅딜,31,빅딜,KR#TAKIN9CP37,나이트로드,1176억 8629만,157000,2026-09-14,빅딜_대항전.xlsx,33,KR#TAKIN9CP37,나이트로드,117686290000,absolute (image display rounded to 억/만),112,1718조 1326억 9702만,171813269702,나이트로드,빅딜,Scania 2,https://mgf.gg/contents/guild_info.php?g_name=%EB%B9%85%EB%94%9C,2026-09-16T22:22:32.620426+09:00,2026.09.16,2026-09-16 proxy for 2026-09-14 sample; not contemporaneous,빅딜,True,,,,,,
빅딜,32,인형나라,윤꼬밍,비숍,1159억 678만,154000,2026-09-14,빅딜_대항전.xlsx,34,윤꼬밍,비숍,115906780000,absolute (image display rounded to 억/만),111,2390조 9787억 2469만,239097872469,비숍,인형나라,Scania 25,https://mgf.gg/contents/guild_info.php?g_name=%EC%9D%B8%ED%98%95%EB%82%98%EB%9D%BC,2026-09-16T22:22:34.116204+09:00,2026.09.12,2026-09-16 proxy for 2026-09-14 sample; not contemporaneous,인형나라,True,,,,,,
빅딜,33,86서버,엉쫀,비숍,1098억 8891만,151000,2026-09-14,빅딜_대항전.xlsx,35,엉쫀,비숍,109888910000,absolute (image display rounded to 억/만),112,1538조 6264억 5877만,153862645877,비숍,86서버,Scania 33,https://mgf.gg/contents/guild_info.php?g_name=86%EC%84%9C%EB%B2%84,2026-09-16T22:22:33.112070+09:00,2026.09.12,2026-09-16 proxy for 2026-09-14 sample; not contemporaneous,86서버,True,,,,,,
빅딜,34,눈별,MangCI,팔라딘,1090억 1148만,148000,2026-09-14,빅딜_대항전.xlsx,36,MangCI,팔라딘,109011480000,absolute (image display rounded to 억/만),112,933조 1513억 6241만,93315136241,팔라딘,눈별,Scania 6,https://mgf.gg/contents/guild_info.php?g_name=%EB%88%88%EB%B3%84,2026-09-16T22:22:33.610242+09:00,2026.09.16,2026-09-16 proxy for 2026-09-14 sample; not contemporaneous,눈별,True,,,,,,
빅딜,35,인형나라,명동이,비숍,1088억 8337만,145000,2026-09-14,빅딜_대항전.xlsx,37,명동이,비숍,108883370000,absolute (image display rounded to 억/만),112,3245조 684억 6500만,324506846500,비숍,인형나라,Scania 25,https://mgf.gg/contents/guild_info.php?g_name=%EC%9D%B8%ED%98%95%EB%82%98%EB%9D%BC,2026-09-16T22:22:34.116204+09:00,2026.09.12,2026-09-16 proxy for 2026-09-14 sample; not contemporaneous,인형나라,True,,,,,,
빅딜,36,인형나라,최영교,히어로,1087억 8267만,142000,2026-09-14,빅딜_대항전.xlsx,38,최영교,히어로,108782670000,absolute (image display rounded to 억/만),112,1495조 9351억 651만,149593510651,히어로,인형나라,Scania 25,https://mgf.gg/contents/guild_info.php?g_name=%EC%9D%B8%ED%98%95%EB%82%98%EB%9D%BC,2026-09-16T22:22:34.116204+09:00,2026.09.12,2026-09-16 proxy for 2026-09-14 sample; not contemporaneous,인형나라,True,,,,,,
빅딜,37,인형나라,구엉이,보우마스터,1084억 3813만,139000,2026-09-14,빅딜_대항전.xlsx,39,구엉이,보우마스터,108438130000,absolute (image display rounded to 억/만),111,1052조 5398억 161만,105253980161,보우마스터,인형나라,Scania 25,https://mgf.gg/contents/guild_info.php?g_name=%EC%9D%B8%ED%98%95%EB%82%98%EB%9D%BC,2026-09-16T22:22:34.116204+09:00,2026.09.12,2026-09-16 proxy for 2026-09-14 sample; not contemporaneous,인형나라,True,,,,,,
빅딜,38,86서버,요금표,보우마스터,1083억 5207만,136000,2026-09-14,빅딜_대항전.xlsx,40,요금표,보우마스터,108352070000,absolute (image display rounded to 억/만),111,1065조 6741억 1673만,106567411673,보우마스터,86서버,Scania 33,https://mgf.gg/contents/guild_info.php?g_name=86%EC%84%9C%EB%B2%84,2026-09-16T22:22:33.112070+09:00,2026.09.12,2026-09-16 proxy for 2026-09-14 sample; not contemporaneous,86서버,True,,,,,,
빅딜,39,빅딜,자유이용껀,섀도어,1076억 5899만,133000,2026-09-14,빅딜_대항전.xlsx,41,자유이용껀,섀도어,107658990000,absolute (image display rounded to 억/만),110,918조 9796억 5248만,91897965248,섀도어,빅딜,Scania 2,https://mgf.gg/contents/guild_info.php?g_name=%EB%B9%85%EB%94%9C,2026-09-16T22:22:32.620426+09:00,2026.09.16,2026-09-16 proxy for 2026-09-14 sample; not contemporaneous,빅딜,True,,,,,,
빅딜,40,눈별,시골미남,팔라딘,1069억 9926만,130000,2026-09-14,빅딜_대항전.xlsx,42,시골미남,팔라딘,106999260000,absolute (image display rounded to 억/만),111,1433조 1544억 4876만,143315444876,팔라딘,눈별,Scania 6,https://mgf.gg/contents/guild_info.php?g_name=%EB%88%88%EB%B3%84,2026-09-16T22:22:33.610242+09:00,2026.09.16,2026-09-16 proxy for 2026-09-14 sample; not contemporaneous,눈별,True,,,,,,
빅딜,41,눈별,자이언트리,아크메이지 - 불독,1061억 1243만,128000,2026-09-14,빅딜_대항전.xlsx,43,자이언트리,"아크메이지(불,독)",106112430000,absolute (image display rounded to 억/만),111,1007조 6958억 4699만,100769584699,"아크메이지(불,독)",눈별,Scania 6,https://mgf.gg/contents/guild_info.php?g_name=%EB%88%88%EB%B3%84,2026-09-16T22:22:33.610242+09:00,2026.09.16,2026-09-16 proxy for 2026-09-14 sample; not contemporaneous,눈별,True,,,,,,
빅딜,42,빅딜,엘라임,히어로,1059억 7704만,126000,2026-09-14,빅딜_대항전.xlsx,44,엘라임,히어로,105977040000,absolute (image display rounded to 억/만),112,2720조 2809억 9602만,272028099602,히어로,빅딜,Scania 2,https://mgf.gg/contents/guild_info.php?g_name=%EB%B9%85%EB%94%9C,2026-09-16T22:22:32.620426+09:00,2026.09.16,2026-09-16 proxy for 2026-09-14 sample; not contemporaneous,빅딜,True,,,,,,
빅딜,43,86서버,용이a,나이트로드,1032억 2266만,124000,2026-09-14,빅딜_대항전.xlsx,45,용이a,나이트로드,103222660000,absolute (image display rounded to 억/만),111,1368조 2073억 1181만,136820731181,나이트로드,86서버,Scania 33,https://mgf.gg/contents/guild_info.php?g_name=86%EC%84%9C%EB%B2%84,2026-09-16T22:22:33.112070+09:00,2026.09.12,2026-09-16 proxy for 2026-09-14 sample; not contemporaneous,86서버,True,,,,,,
빅딜,44,눈별,포빅,캡틴,1021억 352만,122000,2026-09-14,빅딜_대항전.xlsx,46,포빅,캡틴,102103520000,absolute (image display rounded to 억/만),111,1263조 5827억 4578만,126358274578,캡틴,눈별,Scania 6,https://mgf.gg/contents/guild_info.php?g_name=%EB%88%88%EB%B3%84,2026-09-16T22:22:33.610242+09:00,2026.09.16,2026-09-16 proxy for 2026-09-14 sample; not contemporaneous,눈별,True,,,,,,
빅딜,45,빅딜,뻥뻥,보우마스터,1013억 9053만,120000,2026-09-14,빅딜_대항전.xlsx,47,뻥뻥,보우마스터,101390530000,absolute (image display rounded to 억/만),110,1178조 4809억 5968만,117848095968,보우마스터,빅딜,Scania 2,https://mgf.gg/contents/guild_info.php?g_name=%EB%B9%85%EB%94%9C,2026-09-16T22:22:32.620426+09:00,2026.09.16,2026-09-16 proxy for 2026-09-14 sample; not contemporaneous,빅딜,True,,,,,,
빅딜,46,눈별,티에이치,보우마스터,1013억 5490만,118000,2026-09-14,빅딜_대항전.xlsx,48,티에이치,보우마스터,101354900000,absolute (image display rounded to 억/만),110,713조 6537억 5559만,71365375559,보우마스터,눈별,Scania 6,https://mgf.gg/contents/guild_info.php?g_name=%EB%88%88%EB%B3%84,2026-09-16T22:22:33.610242+09:00,2026.09.16,2026-09-16 proxy for 2026-09-14 sample; not contemporaneous,눈별,True,,,,,,
빅딜,47,SSIM,베네치얀,바이퍼,951억 7249만,116000,2026-09-14,빅딜_대항전.xlsx,49,베네치얀,바이퍼,95172490000,absolute (image display rounded to 억/만),109,623조 5767억 7676만,62357677676,바이퍼,SSIM,Scania 60,https://mgf.gg/contents/guild_info.php?g_name=SSIM,2026-09-16T22:22:34.619416+09:00,2026.09.16,2026-09-16 proxy for 2026-09-14 sample; not contemporaneous,SSIM,True,,,,,,
빅딜,48,빅딜,야가다,보우마스터,922억 8379만,114000,2026-09-14,빅딜_대항전.xlsx,50,야가다,보우마스터,92283790000,absolute (image display rounded to 억/만),112,1508조 7420억 3377만,150874203377,보우마스터,빅딜,Scania 2,https://mgf.gg/contents/guild_info.php?g_name=%EB%B9%85%EB%94%9C,2026-09-16T22:22:32.620426+09:00,2026.09.16,2026-09-16 proxy for 2026-09-14 sample; not contemporaneous,빅딜,True,,,,,,
빅딜,49,빅딜,채무조정,비숍,922억 762만,112000,2026-09-14,빅딜_대항전.xlsx,51,채무조정,비숍,92207620000,absolute (image display rounded to 억/만),111,972조 2153억 1957만,97221531957,비숍,빅딜,Scania 2,https://mgf.gg/contents/guild_info.php?g_name=%EB%B9%85%EB%94%9C,2026-09-16T22:22:32.620426+09:00,2026.09.16,2026-09-16 proxy for 2026-09-14 sample; not contemporaneous,빅딜,True,,,,,,
빅딜,50,인형나라,뜨머푸,보우마스터,921억 9969만,110000,2026-09-14,빅딜_대항전.xlsx,52,뜨머푸,보우마스터,92199690000,absolute (image display rounded to 억/만),110,863조 3471억 8490만,86334718490,보우마스터,인형나라,Scania 25,https://mgf.gg/contents/guild_info.php?g_name=%EC%9D%B8%ED%98%95%EB%82%98%EB%9D%BC,2026-09-16T22:22:34.116204+09:00,2026.09.12,2026-09-16 proxy for 2026-09-14 sample; not contemporaneous,인형나라,True,,,,,,
빅딜,51,빅딜,퍼품,비숍,916억 3750만,109000,2026-09-14,빅딜_대항전.xlsx,53,퍼품,비숍,91637500000,absolute (image display rounded to 억/만),,,,,,,,,,2026-09-16 proxy for 2026-09-14 sample; not contemporaneous,빅딜,False,missing_profile,퍼퓸,,,,
빅딜,52,빅딜,호우기,나이트로드,913억 5524만,108000,2026-09-14,빅딜_대항전.xlsx,54,호우기,나이트로드,91355240000,absolute (image display rounded to 억/만),112,834조 9225억 8951만,83492258951,나이트로드,빅딜,Scania 2,https://mgf.gg/contents/guild_info.php?g_name=%EB%B9%85%EB%94%9C,2026-09-16T22:22:32.620426+09:00,2026.09.16,2026-09-16 proxy for 2026-09-14 sample; not contemporaneous,빅딜,True,,,,,,
빅딜,53,눈별,모르페우스,비숍,913억 1788만,107000,2026-09-14,빅딜_대항전.xlsx,57,모르페우스,비숍,91317880000,absolute (image display rounded to 억/만),112,795조 7079억 8803만,79570798803,비숍,눈별,Scania 6,https://mgf.gg/contents/guild_info.php?g_name=%EB%88%88%EB%B3%84,2026-09-16T22:22:33.610242+09:00,2026.09.16,2026-09-16 proxy for 2026-09-14 sample; not contemporaneous,눈별,True,,,,,,
빅딜,54,인형나라,디메트로돈,비숍,911억 762만,106000,2026-09-14,빅딜_대항전.xlsx,58,디메트로돈,비숍,91107620000,absolute (image display rounded to 억/만),111,714조 7621억 4089만,71476214089,비숍,인형나라,Scania 25,https://mgf.gg/contents/guild_info.php?g_name=%EC%9D%B8%ED%98%95%EB%82%98%EB%9D%BC,2026-09-16T22:22:34.116204+09:00,2026.09.12,2026-09-16 proxy for 2026-09-14 sample; not contemporaneous,인형나라,True,,,,,,
빅딜,55,빅딜,흑두부,비숍,903억 2758만,105000,2026-09-14,빅딜_대항전.xlsx,59,흑두부,비숍,90327580000,absolute (image display rounded to 억/만),111,3010조 3664억 6363만,301036646363,비숍,빅딜,Scania 2,https://mgf.gg/contents/guild_info.php?g_name=%EB%B9%85%EB%94%9C,2026-09-16T22:22:32.620426+09:00,2026.09.16,2026-09-16 proxy for 2026-09-14 sample; not contemporaneous,빅딜,True,,,,,,
빅딜,56,86서버,으쉐,비숍,900억 4131만,104000,2026-09-14,빅딜_대항전.xlsx,60,으쉐,비숍,90041310000,absolute (image display rounded to 억/만),,,,,,,,,,2026-09-16 proxy for 2026-09-14 sample; not contemporaneous,86서버,False,missing_profile,으눼,,,,
빅딜,57,86서버,웅잉당,바이퍼,888억 7166만,103000,2026-09-14,빅딜_대항전.xlsx,61,웅잉당,바이퍼,88871660000,absolute (image display rounded to 억/만),111,2749조 440억 826만,274904400826,바이퍼,86서버,Scania 33,https://mgf.gg/contents/guild_info.php?g_name=86%EC%84%9C%EB%B2%84,2026-09-16T22:22:33.112070+09:00,2026.09.12,2026-09-16 proxy for 2026-09-14 sample; not contemporaneous,86서버,True,,,,,,
빅딜,58,눈별,예타,섀도어,886억 2521만,102000,2026-09-14,빅딜_대항전.xlsx,62,예타,섀도어,88625210000,absolute (image display rounded to 억/만),111,904조 8447억 7095만,90484477095,섀도어,눈별,Scania 6,https://mgf.gg/contents/guild_info.php?g_name=%EB%88%88%EB%B3%84,2026-09-16T22:22:33.610242+09:00,2026.09.16,2026-09-16 proxy for 2026-09-14 sample; not contemporaneous,눈별,True,,,,,,
빅딜,59,86서버,돼왕다람쥐,비숍,884억 5735만,101000,2026-09-14,빅딜_대항전.xlsx,63,돼왕다람쥐,비숍,88457350000,absolute (image display rounded to 억/만),111,1418조 7554억 2776만,141875542776,비숍,86서버,Scania 33,https://mgf.gg/contents/guild_info.php?g_name=86%EC%84%9C%EB%B2%84,2026-09-16T22:22:33.112070+09:00,2026.09.12,2026-09-16 proxy for 2026-09-14 sample; not contemporaneous,86서버,True,,,,,,
빅딜,60,인형나라,뷁곯쭤,캡틴,880억 7035만,100000,2026-09-14,빅딜_대항전.xlsx,64,뷁곯쭤,캡틴,88070350000,absolute (image display rounded to 억/만),,,,,,,,,,2026-09-16 proxy for 2026-09-14 sample; not contemporaneous,인형나라,False,missing_profile,,,,,
빅딜,61,인형나라,오우셋,바이퍼,865억 9753만,99000,2026-09-14,빅딜_대항전.xlsx,65,오우셋,바이퍼,86597530000,absolute (image display rounded to 억/만),,,,,,,,,,2026-09-16 proxy for 2026-09-14 sample; not contemporaneous,인형나라,False,missing_profile,오우솃,,,,
빅딜,62,86서버,보급중대장,비숍,843억 3100만,98000,2026-09-14,빅딜_대항전.xlsx,66,보급중대장,비숍,84331000000,absolute (image display rounded to 억/만),113,2428조 5616억 1111만,242856161111,비숍,86서버,Scania 33,https://mgf.gg/contents/guild_info.php?g_name=86%EC%84%9C%EB%B2%84,2026-09-16T22:22:33.112070+09:00,2026.09.12,2026-09-16 proxy for 2026-09-14 sample; not contemporaneous,86서버,True,,,,,,
빅딜,63,86서버,뭉게뭉게구름,보우마스터,835억 643만,97000,2026-09-14,빅딜_대항전.xlsx,67,뭉게뭉게구름,보우마스터,83506430000,absolute (image display rounded to 억/만),111,623조 6091억 8857만,62360918857,보우마스터,86서버,Scania 33,https://mgf.gg/contents/guild_info.php?g_name=86%EC%84%9C%EB%B2%84,2026-09-16T22:22:33.112070+09:00,2026.09.12,2026-09-16 proxy for 2026-09-14 sample; not contemporaneous,86서버,True,,,,,,
빅딜,64,눈별,파이리양말,비숍,815억 6719만,96000,2026-09-14,빅딜_대항전.xlsx,68,파이리양말,비숍,81567190000,absolute (image display rounded to 억/만),111,733조 7966억 7796만,73379667796,비숍,눈별,Scania 6,https://mgf.gg/contents/guild_info.php?g_name=%EB%88%88%EB%B3%84,2026-09-16T22:22:33.610242+09:00,2026.09.16,2026-09-16 proxy for 2026-09-14 sample; not contemporaneous,눈별,True,,,,,,
빅딜,65,인형나라,혁바,나이트로드,813억 9373만,95000,2026-09-14,빅딜_대항전.xlsx,69,혁바,나이트로드,81393730000,absolute (image display rounded to 억/만),111,825조 4211억 3052만,82542113052,나이트로드,인형나라,Scania 25,https://mgf.gg/contents/guild_info.php?g_name=%EC%9D%B8%ED%98%95%EB%82%98%EB%9D%BC,2026-09-16T22:22:34.116204+09:00,2026.09.12,2026-09-16 proxy for 2026-09-14 sample; not contemporaneous,인형나라,True,,,,,,
빅딜,66,86서버,연평로,아크메이지 - 썬콜,802억 6296만,94000,2026-09-14,빅딜_대항전.xlsx,70,연평로,"아크메이지(썬,콜)",80262960000,absolute (image display rounded to 억/만),111,3431조 9270억 4534만,343192704534,"아크메이지(썬,콜)",86서버,Scania 33,https://mgf.gg/contents/guild_info.php?g_name=86%EC%84%9C%EB%B2%84,2026-09-16T22:22:33.112070+09:00,2026.09.12,2026-09-16 proxy for 2026-09-14 sample; not contemporaneous,86서버,True,,,,,,
빅딜,67,눈별,지존짱창남,바이퍼,792억 30만,93000,2026-09-14,빅딜_대항전.xlsx,71,지존짱창남,바이퍼,79200300000,absolute (image display rounded to 억/만),112,674조 8831억 5472만,67488315472,바이퍼,눈별,Scania 6,https://mgf.gg/contents/guild_info.php?g_name=%EB%88%88%EB%B3%84,2026-09-16T22:22:33.610242+09:00,2026.09.16,2026-09-16 proxy for 2026-09-14 sample; not contemporaneous,눈별,True,,,,,,
빅딜,68,눈별,덩개,아크메이지 - 썬콜,727억 2071만,92000,2026-09-14,빅딜_대항전.xlsx,72,덩개,"아크메이지(썬,콜)",72720710000,absolute (image display rounded to 억/만),110,1158조 2062억 32만,115820620032,"아크메이지(썬,콜)",눈별,Scania 6,https://mgf.gg/contents/guild_info.php?g_name=%EB%88%88%EB%B3%84,2026-09-16T22:22:33.610242+09:00,2026.09.16,2026-09-16 proxy for 2026-09-14 sample; not contemporaneous,눈별,True,,,,,,
빅딜,69,눈별,세월이야속해,나이트로드,721억 6924만,91000,2026-09-14,빅딜_대항전.xlsx,73,세월이야속해,나이트로드,72169240000,absolute (image display rounded to 억/만),112,1271조 7223억 3526만,127172233526,나이트로드,눈별,Scania 6,https://mgf.gg/contents/guild_info.php?g_name=%EB%88%88%EB%B3%84,2026-09-16T22:22:33.610242+09:00,2026.09.16,2026-09-16 proxy for 2026-09-14 sample; not contemporaneous,눈별,True,,,,,,
빅딜,70,86서버,서피비치,팔라딘,717억 5279만,90000,2026-09-14,빅딜_대항전.xlsx,74,서피비치,팔라딘,71752790000,absolute (image display rounded to 억/만),110,619조 1203억 114만,61912030114,팔라딘,86서버,Scania 33,https://mgf.gg/contents/guild_info.php?g_name=86%EC%84%9C%EB%B2%84,2026-09-16T22:22:33.112070+09:00,2026.09.12,2026-09-16 proxy for 2026-09-14 sample; not contemporaneous,86서버,True,,,,,,
빅딜,71,빅딜,우후,히어로,714억 3280만,89000,2026-09-14,빅딜_대항전.xlsx,75,우후,히어로,71432800000,absolute (image display rounded to 억/만),110,933조 4008억 6223만,93340086223,히어로,빅딜,Scania 2,https://mgf.gg/contents/guild_info.php?g_name=%EB%B9%85%EB%94%9C,2026-09-16T22:22:32.620426+09:00,2026.09.16,2026-09-16 proxy for 2026-09-14 sample; not contemporaneous,빅딜,True,,,,,,
빅딜,72,86서버,한콩순,비숍,703억 4371만,88000,2026-09-14,빅딜_대항전.xlsx,76,한콩순,비숍,70343710000,absolute (image display rounded to 억/만),110,648조 3728억 7491만,64837287491,비숍,86서버,Scania 33,https://mgf.gg/contents/guild_info.php?g_name=86%EC%84%9C%EB%B2%84,2026-09-16T22:22:33.112070+09:00,2026.09.12,2026-09-16 proxy for 2026-09-14 sample; not contemporaneous,86서버,True,,,,,,
빅딜,73,86서버,하랸,섀도어,702억 283만,87000,2026-09-14,빅딜_대항전.xlsx,77,하랸,섀도어,70202830000,absolute (image display rounded to 억/만),110,669조 9044억 4671만,66990444671,섀도어,86서버,Scania 33,https://mgf.gg/contents/guild_info.php?g_name=86%EC%84%9C%EB%B2%84,2026-09-16T22:22:33.112070+09:00,2026.09.12,2026-09-16 proxy for 2026-09-14 sample; not contemporaneous,86서버,True,,,,,,
빅딜,74,인형나라,똥땅이흥,바이퍼,693억 124만,86000,2026-09-14,빅딜_대항전.xlsx,78,똥땅이흥,바이퍼,69301240000,absolute (image display rounded to 억/만),,,,,,,,,,2026-09-16 proxy for 2026-09-14 sample; not contemporaneous,인형나라,False,missing_profile,똥땅이횽,,,,
빅딜,75,인형나라,잉글리쉬,비숍,688억 3934만,85000,2026-09-14,빅딜_대항전.xlsx,79,잉글리쉬,비숍,68839340000,absolute (image display rounded to 억/만),111,1033조 9964억 3444만,103399643444,비숍,인형나라,Scania 25,https://mgf.gg/contents/guild_info.php?g_name=%EC%9D%B8%ED%98%95%EB%82%98%EB%9D%BC,2026-09-16T22:22:34.116204+09:00,2026.09.12,2026-09-16 proxy for 2026-09-14 sample; not contemporaneous,인형나라,True,,,,,,
빅딜,76,빅딜,정태준,비숍,686억 7168만,84000,2026-09-14,빅딜_대항전.xlsx,80,정태준,비숍,68671680000,absolute (image display rounded to 억/만),111,747조 6479억 4857만,74764794857,비숍,빅딜,Scania 2,https://mgf.gg/contents/guild_info.php?g_name=%EB%B9%85%EB%94%9C,2026-09-16T22:22:32.620426+09:00,2026.09.16,2026-09-16 proxy for 2026-09-14 sample; not contemporaneous,빅딜,True,,,,,,
빅딜,77,인형나라,숲이,아크메이지 - 썬콜,685억 5039만,83000,2026-09-14,빅딜_대항전.xlsx,82,숲이,"아크메이지(썬,콜)",68550390000,absolute (image display rounded to 억/만),,,,,,,,,,2026-09-16 proxy for 2026-09-14 sample; not contemporaneous,인형나라,False,missing_profile,솖이,,,,
빅딜,78,86서버,벽그림,비숍,676억 2123만,82000,2026-09-14,빅딜_대항전.xlsx,83,벽그림,비숍,67621230000,absolute (image display rounded to 억/만),111,1425조 7402억 2493만,142574022493,비숍,86서버,Scania 33,https://mgf.gg/contents/guild_info.php?g_name=86%EC%84%9C%EB%B2%84,2026-09-16T22:22:33.112070+09:00,2026.09.12,2026-09-16 proxy for 2026-09-14 sample; not contemporaneous,86서버,True,,,,,,
빅딜,79,86서버,뉴비i,비숍,674억 6375만,81000,2026-09-14,빅딜_대항전.xlsx,84,뉴비i,비숍,67463750000,absolute (image display rounded to 억/만),112,836조 8008억 5889만,83680085889,비숍,86서버,Scania 33,https://mgf.gg/contents/guild_info.php?g_name=86%EC%84%9C%EB%B2%84,2026-09-16T22:22:33.112070+09:00,2026.09.12,2026-09-16 proxy for 2026-09-14 sample; not contemporaneous,86서버,True,,,,,,
빅딜,80,눈별,성률,아크메이지 - 썬콜,674억 6203만,80000,2026-09-14,빅딜_대항전.xlsx,85,성률,"아크메이지(썬,콜)",67462030000,absolute (image display rounded to 억/만),110,597조 2265억 6671만,59722656671,"아크메이지(썬,콜)",눈별,Scania 6,https://mgf.gg/contents/guild_info.php?g_name=%EB%88%88%EB%B3%84,2026-09-16T22:22:33.610242+09:00,2026.09.16,2026-09-16 proxy for 2026-09-14 sample; not contemporaneous,눈별,True,,,,,,
빅딜,81,인형나라,Pakachu9999,비숍,644억 3431만,79000,2026-09-14,빅딜_대항전.xlsx,86,Pakachu9999,비숍,64434310000,absolute (image display rounded to 억/만),111,1142조 3030억 7681만,114230307681,비숍,인형나라,Scania 25,https://mgf.gg/contents/guild_info.php?g_name=%EC%9D%B8%ED%98%95%EB%82%98%EB%9D%BC,2026-09-16T22:22:34.116204+09:00,2026.09.12,2026-09-16 proxy for 2026-09-14 sample; not contemporaneous,인형나라,True,,,,,,
빅딜,82,눈별,게니규니,섀도어,642억 9689만,78000,2026-09-14,빅딜_대항전.xlsx,87,게니규니,섀도어,64296890000,absolute (image display rounded to 억/만),,,,,,,,,,2026-09-16 proxy for 2026-09-14 sample; not contemporaneous,눈별,False,missing_profile,계니규니,,,,
빅딜,83,빅딜,불보독지,아크메이지 - 불독,615억 7504만,77000,2026-09-14,빅딜_대항전.xlsx,88,불보독지,"아크메이지(불,독)",61575040000,absolute (image display rounded to 억/만),111,968조 1677억 2361만,96816772361,"아크메이지(불,독)",빅딜,Scania 2,https://mgf.gg/contents/guild_info.php?g_name=%EB%B9%85%EB%94%9C,2026-09-16T22:22:32.620426+09:00,2026.09.16,2026-09-16 proxy for 2026-09-14 sample; not contemporaneous,빅딜,True,,,,,,
빅딜,84,SSIM,모우모우우,캡틴,584억 9506만,76000,2026-09-14,빅딜_대항전.xlsx,89,모우모우우,캡틴,58495060000,absolute (image display rounded to 억/만),109,265조 1793억 4789만,26517934789,캡틴,SSIM,Scania 60,https://mgf.gg/contents/guild_info.php?g_name=SSIM,2026-09-16T22:22:34.619416+09:00,2026.09.16,2026-09-16 proxy for 2026-09-14 sample; not contemporaneous,SSIM,True,,,,,,
빅딜,85,86서버,꼴뱅이a,섀도어,566억 7120만,75000,2026-09-14,빅딜_대항전.xlsx,90,꼴뱅이a,섀도어,56671200000,absolute (image display rounded to 억/만),112,1224조 7550억 489만,122475500489,섀도어,86서버,Scania 33,https://mgf.gg/contents/guild_info.php?g_name=86%EC%84%9C%EB%B2%84,2026-09-16T22:22:33.112070+09:00,2026.09.12,2026-09-16 proxy for 2026-09-14 sample; not contemporaneous,86서버,True,,,,,,
빅딜,86,눈별,하비엔,비숍,550억 6491만,74000,2026-09-14,빅딜_대항전.xlsx,91,하비엔,비숍,55064910000,absolute (image display rounded to 억/만),109,321조 1205억 2630만,32112052630,비숍,눈별,Scania 6,https://mgf.gg/contents/guild_info.php?g_name=%EB%88%88%EB%B3%84,2026-09-16T22:22:33.610242+09:00,2026.09.16,2026-09-16 proxy for 2026-09-14 sample; not contemporaneous,눈별,True,,,,,,
빅딜,87,인형나라,옆구리두방,비숍,548억 3427만,73000,2026-09-14,빅딜_대항전.xlsx,92,옆구리두방,비숍,54834270000,absolute (image display rounded to 억/만),110,531조 4391억 9363만,53143919363,비숍,인형나라,Scania 25,https://mgf.gg/contents/guild_info.php?g_name=%EC%9D%B8%ED%98%95%EB%82%98%EB%9D%BC,2026-09-16T22:22:34.116204+09:00,2026.09.12,2026-09-16 proxy for 2026-09-14 sample; not contemporaneous,인형나라,True,,,,,,
빅딜,88,인형나라,양쿼카,비숍,545억 7536만,72000,2026-09-14,빅딜_대항전.xlsx,93,양쿼카,비숍,54575360000,absolute (image display rounded to 억/만),110,390조 3037억 2972만,39030372972,비숍,인형나라,Scania 25,https://mgf.gg/contents/guild_info.php?g_name=%EC%9D%B8%ED%98%95%EB%82%98%EB%9D%BC,2026-09-16T22:22:34.116204+09:00,2026.09.12,2026-09-16 proxy for 2026-09-14 sample; not contemporaneous,인형나라,True,,,,,,
빅딜,89,SSIM,토느,바이퍼,538억 7053만,71000,2026-09-14,빅딜_대항전.xlsx,94,토느,바이퍼,53870530000,absolute (image display rounded to 억/만),109,204조 1079억 9340만,20410799340,바이퍼,SSIM,Scania 60,https://mgf.gg/contents/guild_info.php?g_name=SSIM,2026-09-16T22:22:34.619416+09:00,2026.09.16,2026-09-16 proxy for 2026-09-14 sample; not contemporaneous,SSIM,True,,,,,,
빅딜,90,86서버,간장아비,비숍,537억 2241만,70000,2026-09-14,빅딜_대항전.xlsx,95,간장아비,비숍,53722410000,absolute (image display rounded to 억/만),110,1105조 2813억 7771만,110528137771,비숍,86서버,Scania 33,https://mgf.gg/contents/guild_info.php?g_name=86%EC%84%9C%EB%B2%84,2026-09-16T22:22:33.112070+09:00,2026.09.12,2026-09-16 proxy for 2026-09-14 sample; not contemporaneous,86서버,True,,,,,,
빅딜,91,눈별,박금쪽,바이퍼,534억 33만,69000,2026-09-14,빅딜_대항전.xlsx,96,박금쪽,바이퍼,53400330000,absolute (image display rounded to 억/만),110,778조 2437억 4643만,77824374643,바이퍼,눈별,Scania 6,https://mgf.gg/contents/guild_info.php?g_name=%EB%88%88%EB%B3%84,2026-09-16T22:22:33.610242+09:00,2026.09.16,2026-09-16 proxy for 2026-09-14 sample; not contemporaneous,눈별,True,,,,,,
빅딜,92,인형나라,젤로젤리,비숍,533억 4130만,68000,2026-09-14,빅딜_대항전.xlsx,97,젤로젤리,비숍,53341300000,absolute (image display rounded to 억/만),110,322조 9565억 646만,32295650646,비숍,인형나라,Scania 25,https://mgf.gg/contents/guild_info.php?g_name=%EC%9D%B8%ED%98%95%EB%82%98%EB%9D%BC,2026-09-16T22:22:34.116204+09:00,2026.09.12,2026-09-16 proxy for 2026-09-14 sample; not contemporaneous,인형나라,True,,,,,,
빅딜,93,86서버,주식하자,비숍,531억 4044만,67000,2026-09-14,빅딜_대항전.xlsx,98,주식하자,비숍,53140440000,absolute (image display rounded to 억/만),110,507조 5595억 3068만,50755953068,비숍,86서버,Scania 33,https://mgf.gg/contents/guild_info.php?g_name=86%EC%84%9C%EB%B2%84,2026-09-16T22:22:33.112070+09:00,2026.09.12,2026-09-16 proxy for 2026-09-14 sample; not contemporaneous,86서버,True,,,,,,
빅딜,94,SSIM,부산철거,비숍,529억 2797만,66000,2026-09-14,빅딜_대항전.xlsx,99,부산철거,비숍,52927970000,absolute (image display rounded to 억/만),108,610조 561억 3804만,61005613804,비숍,SSIM,Scania 60,https://mgf.gg/contents/guild_info.php?g_name=SSIM,2026-09-16T22:22:34.619416+09:00,2026.09.16,2026-09-16 proxy for 2026-09-14 sample; not contemporaneous,SSIM,True,,,,,,
빅딜,95,인형나라,정섭이,비숍,528억 8625만,65000,2026-09-14,빅딜_대항전.xlsx,100,정섭이,비숍,52886250000,absolute (image display rounded to 억/만),110,384조 5653억 9771만,38456539771,비숍,인형나라,Scania 25,https://mgf.gg/contents/guild_info.php?g_name=%EC%9D%B8%ED%98%95%EB%82%98%EB%9D%BC,2026-09-16T22:22:34.116204+09:00,2026.09.12,2026-09-16 proxy for 2026-09-14 sample; not contemporaneous,인형나라,True,,,,,,
빅딜,96,인형나라,여덟시,나이트로드,521억 5880만,64000,2026-09-14,빅딜_대항전.xlsx,101,여덟시,나이트로드,52158800000,absolute (image display rounded to 억/만),109,318조 4244억 6173만,31842446173,나이트로드,인형나라,Scania 25,https://mgf.gg/contents/guild_info.php?g_name=%EC%9D%B8%ED%98%95%EB%82%98%EB%9D%BC,2026-09-16T22:22:34.116204+09:00,2026.09.12,2026-09-16 proxy for 2026-09-14 sample; not contemporaneous,인형나라,True,,,,,,
빅딜,97,86서버,김로케,히어로,519억 2621만,63000,2026-09-14,빅딜_대항전.xlsx,102,김로케,히어로,51926210000,absolute (image display rounded to 억/만),110,472조 7958억 396만,47279580396,히어로,86서버,Scania 33,https://mgf.gg/contents/guild_info.php?g_name=86%EC%84%9C%EB%B2%84,2026-09-16T22:22:33.112070+09:00,2026.09.12,2026-09-16 proxy for 2026-09-14 sample; not contemporaneous,86서버,True,,,,,,
빅딜,98,SSIM,갸렝,바이퍼,508억 5407만,62000,2026-09-14,빅딜_대항전.xlsx,103,갸렝,바이퍼,50854070000,absolute (image display rounded to 억/만),,,,,,,,,,2026-09-16 proxy for 2026-09-14 sample; not contemporaneous,SSIM,False,missing_profile,갸렌,,,,
빅딜,99,SSIM,태양o,비숍,506억 5168만,61000,2026-09-14,빅딜_대항전.xlsx,104,태양o,비숍,50651680000,absolute (image display rounded to 억/만),109,358조 2882억 6663만,35828826663,비숍,SSIM,Scania 60,https://mgf.gg/contents/guild_info.php?g_name=SSIM,2026-09-16T22:22:34.619416+09:00,2026.09.16,2026-09-16 proxy for 2026-09-14 sample; not contemporaneous,SSIM,True,,,,,,
빅딜,100,눈별,작업치료사,캡틴,505억 703만,60300,2026-09-14,빅딜_대항전.xlsx,105,작업치료사,캡틴,50507030000,absolute (image display rounded to 억/만),108,605조 2191억 6874만,60521916874,캡틴,눈별,Scania 6,https://mgf.gg/contents/guild_info.php?g_name=%EB%88%88%EB%B3%84,2026-09-16T22:22:33.610242+09:00,2026.09.16,2026-09-16 proxy for 2026-09-14 sample; not contemporaneous,눈별,True,,,,,,
빅딜,101,눈별,여자둘남자둘,비숍,504억 9235만,59600,2026-09-14,빅딜_대항전.xlsx,107,여자둘남자둘,비숍,50492350000,absolute (image display rounded to 억/만),111,1137조 3913억 8758만,113739138758,비숍,눈별,Scania 6,https://mgf.gg/contents/guild_info.php?g_name=%EB%88%88%EB%B3%84,2026-09-16T22:22:33.610242+09:00,2026.09.16,2026-09-16 proxy for 2026-09-14 sample; not contemporaneous,눈별,True,,,,,,
빅딜,102,86서버,소심한섀도어,섀도어,504억 4216만,58900,2026-09-14,빅딜_대항전.xlsx,108,소심한섀도어,섀도어,50442160000,absolute (image display rounded to 억/만),110,439조 8683억 7255만,43986837255,섀도어,86서버,Scania 33,https://mgf.gg/contents/guild_info.php?g_name=86%EC%84%9C%EB%B2%84,2026-09-16T22:22:33.112070+09:00,2026.09.12,2026-09-16 proxy for 2026-09-14 sample; not contemporaneous,86서버,True,,,,,,
빅딜,103,인형나라,돼짱,비숍,500억 4158만,58200,2026-09-14,빅딜_대항전.xlsx,109,돼짱,비숍,50041580000,absolute (image display rounded to 억/만),110,322조 8292억 813만,32282920813,비숍,인형나라,Scania 25,https://mgf.gg/contents/guild_info.php?g_name=%EC%9D%B8%ED%98%95%EB%82%98%EB%9D%BC,2026-09-16T22:22:34.116204+09:00,2026.09.12,2026-09-16 proxy for 2026-09-14 sample; not contemporaneous,인형나라,True,,,,,,
빅딜,104,SSIM,행복하길바래,보우마스터,493억 5618만,57500,2026-09-14,빅딜_대항전.xlsx,110,행복하길바래,보우마스터,49356180000,absolute (image display rounded to 억/만),108,187조 7817억 8995만,18778178995,보우마스터,SSIM,Scania 60,https://mgf.gg/contents/guild_info.php?g_name=SSIM,2026-09-16T22:22:34.619416+09:00,2026.09.16,2026-09-16 proxy for 2026-09-14 sample; not contemporaneous,SSIM,True,,,,,,
빅딜,105,눈별,신탄보우짱,비숍,490억 2396만,56800,2026-09-14,빅딜_대항전.xlsx,111,신탄보우짱,비숍,49023960000,absolute (image display rounded to 억/만),110,231조 8325억 2801만,23183252801,비숍,눈별,Scania 6,https://mgf.gg/contents/guild_info.php?g_name=%EB%88%88%EB%B3%84,2026-09-16T22:22:33.610242+09:00,2026.09.16,2026-09-16 proxy for 2026-09-14 sample; not contemporaneous,눈별,True,,,,,,
빅딜,106,SSIM,봄여름한겨울,보우마스터,488억 4840만,56100,2026-09-14,빅딜_대항전.xlsx,112,봄여름한겨울,보우마스터,48848400000,absolute (image display rounded to 억/만),109,342조 8072억 3454만,34280723454,보우마스터,SSIM,Scania 60,https://mgf.gg/contents/guild_info.php?g_name=SSIM,2026-09-16T22:22:34.619416+09:00,2026.09.16,2026-09-16 proxy for 2026-09-14 sample; not contemporaneous,SSIM,True,,,,,,
빅딜,107,빅딜,민들레꽃,비숍,484억 9703만,55400,2026-09-14,빅딜_대항전.xlsx,113,민들레꽃,비숍,48497030000,absolute (image display rounded to 억/만),109,419조 7074억 9119만,41970749119,비숍,빅딜,Scania 2,https://mgf.gg/contents/guild_info.php?g_name=%EB%B9%85%EB%94%9C,2026-09-16T22:22:32.620426+09:00,2026.09.16,2026-09-16 proxy for 2026-09-14 sample; not contemporaneous,빅딜,True,,,,,,
빅딜,108,SSIM,곰세마리당,비숍,480억 8424만,54700,2026-09-14,빅딜_대항전.xlsx,114,곰세마리당,비숍,48084240000,absolute (image display rounded to 억/만),109,322조 3816억 1640만,32238161640,비숍,SSIM,Scania 60,https://mgf.gg/contents/guild_info.php?g_name=SSIM,2026-09-16T22:22:34.619416+09:00,2026.09.16,2026-09-16 proxy for 2026-09-14 sample; not contemporaneous,SSIM,True,,,,,,
빅딜,109,눈별,히어로호걸,히어로,479억 4941만,54000,2026-09-14,빅딜_대항전.xlsx,115,히어로호걸,히어로,47949410000,absolute (image display rounded to 억/만),109,599조 5583억 4223만,59955834223,히어로,눈별,Scania 6,https://mgf.gg/contents/guild_info.php?g_name=%EB%88%88%EB%B3%84,2026-09-16T22:22:33.610242+09:00,2026.09.16,2026-09-16 proxy for 2026-09-14 sample; not contemporaneous,눈별,True,,,,,,
빅딜,110,86서버,에누마,팔라딘,435억 2435만,53300,2026-09-14,빅딜_대항전.xlsx,116,에누마,팔라딘,43524350000,absolute (image display rounded to 억/만),110,679조 1299억 6562만,67912996562,팔라딘,86서버,Scania 33,https://mgf.gg/contents/guild_info.php?g_name=86%EC%84%9C%EB%B2%84,2026-09-16T22:22:33.112070+09:00,2026.09.12,2026-09-16 proxy for 2026-09-14 sample; not contemporaneous,86서버,True,,,,,,
빅딜,111,인형나라,범지,나이트로드,431억 5707만,52600,2026-09-14,빅딜_대항전.xlsx,117,범지,나이트로드,43157070000,absolute (image display rounded to 억/만),110,778조 7201억 5721만,77872015721,나이트로드,인형나라,Scania 25,https://mgf.gg/contents/guild_info.php?g_name=%EC%9D%B8%ED%98%95%EB%82%98%EB%9D%BC,2026-09-16T22:22:34.116204+09:00,2026.09.12,2026-09-16 proxy for 2026-09-14 sample; not contemporaneous,인형나라,True,,,,,,
빅딜,112,눈별,감화,비숍,430억 2986만,51900,2026-09-14,빅딜_대항전.xlsx,118,감화,비숍,43029860000,absolute (image display rounded to 억/만),110,529조 2335억 1065만,52923351065,비숍,눈별,Scania 6,https://mgf.gg/contents/guild_info.php?g_name=%EB%88%88%EB%B3%84,2026-09-16T22:22:33.610242+09:00,2026.09.16,2026-09-16 proxy for 2026-09-14 sample; not contemporaneous,눈별,True,,,,,,
빅딜,113,SSIM,1지옥참마도1,비숍,427억 8743만,51200,2026-09-14,빅딜_대항전.xlsx,119,1지옥참마도1,비숍,42787430000,absolute (image display rounded to 억/만),108,240조 7601억 443만,24076010443,비숍,SSIM,Scania 60,https://mgf.gg/contents/guild_info.php?g_name=SSIM,2026-09-16T22:22:34.619416+09:00,2026.09.16,2026-09-16 proxy for 2026-09-14 sample; not contemporaneous,SSIM,True,,,,,,
빅딜,114,빅딜,좀치는형님,비숍,421억 3948만,50500,2026-09-14,빅딜_대항전.xlsx,120,좀치는형님,비숍,42139480000,absolute (image display rounded to 억/만),110,712조 5098억 2176만,71250982176,비숍,빅딜,Scania 2,https://mgf.gg/contents/guild_info.php?g_name=%EB%B9%85%EB%94%9C,2026-09-16T22:22:32.620426+09:00,2026.09.16,2026-09-16 proxy for 2026-09-14 sample; not contemporaneous,빅딜,True,,,,,,
빅딜,115,인형나라,니누고,비숍,416억 7143만,49800,2026-09-14,빅딜_대항전.xlsx,121,니누고,비숍,41671430000,absolute (image display rounded to 억/만),109,377조 4506억 6398만,37745066398,비숍,인형나라,Scania 25,https://mgf.gg/contents/guild_info.php?g_name=%EC%9D%B8%ED%98%95%EB%82%98%EB%9D%BC,2026-09-16T22:22:34.116204+09:00,2026.09.12,2026-09-16 proxy for 2026-09-14 sample; not contemporaneous,인형나라,True,,,,,,
빅딜,116,인형나라,혜미니현미니,비숍,412억 5934만,49100,2026-09-14,빅딜_대항전.xlsx,122,혜미니현미니,비숍,41259340000,absolute (image display rounded to 억/만),110,597조 3899억 2395만,59738992395,비숍,인형나라,Scania 25,https://mgf.gg/contents/guild_info.php?g_name=%EC%9D%B8%ED%98%95%EB%82%98%EB%9D%BC,2026-09-16T22:22:34.116204+09:00,2026.09.12,2026-09-16 proxy for 2026-09-14 sample; not contemporaneous,인형나라,True,,,,,,
빅딜,117,눈별,채구링,나이트로드,406억 4460만,48400,2026-09-14,빅딜_대항전.xlsx,123,채구링,나이트로드,40644600000,absolute (image display rounded to 억/만),108,270조 3755억 3902만,27037553902,나이트로드,눈별,Scania 6,https://mgf.gg/contents/guild_info.php?g_name=%EB%88%88%EB%B3%84,2026-09-16T22:22:33.610242+09:00,2026.09.16,2026-09-16 proxy for 2026-09-14 sample; not contemporaneous,눈별,True,,,,,,
빅딜,118,인형나라,연속기,바이퍼,403억 9945만,47700,2026-09-14,빅딜_대항전.xlsx,124,연속기,바이퍼,40399450000,absolute (image display rounded to 억/만),110,330조 108억 9811만,33001089811,바이퍼,인형나라,Scania 25,https://mgf.gg/contents/guild_info.php?g_name=%EC%9D%B8%ED%98%95%EB%82%98%EB%9D%BC,2026-09-16T22:22:34.116204+09:00,2026.09.12,2026-09-16 proxy for 2026-09-14 sample; not contemporaneous,인형나라,True,,,,,,
빅딜,119,빅딜,박준우2,비숍,401억 839만,47000,2026-09-14,빅딜_대항전.xlsx,125,박준우2,비숍,40108390000,absolute (image display rounded to 억/만),109,328조 1595억 1568만,32815951568,비숍,빅딜,Scania 2,https://mgf.gg/contents/guild_info.php?g_name=%EB%B9%85%EB%94%9C,2026-09-16T22:22:32.620426+09:00,2026.09.16,2026-09-16 proxy for 2026-09-14 sample; not contemporaneous,빅딜,True,,,,,,
빅딜,120,빅딜,플로우00,보우마스터,396억 1458만,46300,2026-09-14,빅딜_대항전.xlsx,126,플로우00,보우마스터,39614580000,absolute (image display rounded to 억/만),109,385조 9337억 8532만,38593378532,보우마스터,빅딜,Scania 2,https://mgf.gg/contents/guild_info.php?g_name=%EB%B9%85%EB%94%9C,2026-09-16T22:22:32.620426+09:00,2026.09.16,2026-09-16 proxy for 2026-09-14 sample; not contemporaneous,빅딜,True,,,,,,
빅딜,121,86서버,8623,보우마스터,388억 6448만,45600,2026-09-14,빅딜_대항전.xlsx,127,8623,보우마스터,38864480000,absolute (image display rounded to 억/만),107,213조 2429억 7608만,21324297608,보우마스터,86서버,Scania 33,https://mgf.gg/contents/guild_info.php?g_name=86%EC%84%9C%EB%B2%84,2026-09-16T22:22:33.112070+09:00,2026.09.12,2026-09-16 proxy for 2026-09-14 sample; not contemporaneous,86서버,True,,,,,,
빅딜,122,SSIM,효설빈,비숍,379억 6580만,44900,2026-09-14,빅딜_대항전.xlsx,128,효설빈,비숍,37965800000,absolute (image display rounded to 억/만),106,325조 6400억 1276만,32564001276,비숍,SSIM,Scania 60,https://mgf.gg/contents/guild_info.php?g_name=SSIM,2026-09-16T22:22:34.619416+09:00,2026.09.16,2026-09-16 proxy for 2026-09-14 sample; not contemporaneous,SSIM,True,,,,,,
빅딜,123,빅딜,여눈,바이퍼,366억 5626만,44200,2026-09-14,빅딜_대항전.xlsx,129,여눈,바이퍼,36656260000,absolute (image display rounded to 억/만),108,203조 4743억 4374만,20347434374,바이퍼,빅딜,Scania 2,https://mgf.gg/contents/guild_info.php?g_name=%EB%B9%85%EB%94%9C,2026-09-16T22:22:32.620426+09:00,2026.09.16,2026-09-16 proxy for 2026-09-14 sample; not contemporaneous,빅딜,True,,,,,,
빅딜,124,SSIM,하숩,비숍,337억 2900만,43500,2026-09-14,빅딜_대항전.xlsx,130,하숩,비숍,33729000000,absolute (image display rounded to 억/만),107,265조 144억 8746만,26501448746,비숍,SSIM,Scania 60,https://mgf.gg/contents/guild_info.php?g_name=SSIM,2026-09-16T22:22:34.619416+09:00,2026.09.16,2026-09-16 proxy for 2026-09-14 sample; not contemporaneous,SSIM,True,,,,,,
빅딜,125,86서버,전포동포동이,아크메이지 - 썬콜,332억 1920만,42800,2026-09-14,빅딜_대항전.xlsx,132,전포동포동이,"아크메이지(썬,콜)",33219200000,absolute (image display rounded to 억/만),109,270조 5475억 634만,27054750634,"아크메이지(썬,콜)",86서버,Scania 33,https://mgf.gg/contents/guild_info.php?g_name=86%EC%84%9C%EB%B2%84,2026-09-16T22:22:33.112070+09:00,2026.09.12,2026-09-16 proxy for 2026-09-14 sample; not contemporaneous,86서버,True,,,,,,
빅딜,126,SSIM,동그리미,캡틴,313억 9004만,42100,2026-09-14,빅딜_대항전.xlsx,133,동그리미,캡틴,31390040000,absolute (image display rounded to 억/만),108,163조 3524억 5774만,16335245774,캡틴,SSIM,Scania 60,https://mgf.gg/contents/guild_info.php?g_name=SSIM,2026-09-16T22:22:34.619416+09:00,2026.09.16,2026-09-16 proxy for 2026-09-14 sample; not contemporaneous,SSIM,True,,,,,,
빅딜,127,빅딜,팡대지,비숍,313억 5977만,41400,2026-09-14,빅딜_대항전.xlsx,134,팡대지,비숍,31359770000,absolute (image display rounded to 억/만),110,498조 2303억 4062만,49823034062,비숍,빅딜,Scania 2,https://mgf.gg/contents/guild_info.php?g_name=%EB%B9%85%EB%94%9C,2026-09-16T22:22:32.620426+09:00,2026.09.16,2026-09-16 proxy for 2026-09-14 sample; not contemporaneous,빅딜,True,,,,,,
빅딜,128,SSIM,깎뜪,비숍,312억 6996만,40700,2026-09-14,빅딜_대항전.xlsx,135,깎뜪,비숍,31269960000,absolute (image display rounded to 억/만),,,,,,,,,,2026-09-16 proxy for 2026-09-14 sample; not contemporaneous,SSIM,False,missing_profile,,,,,
빅딜,129,빅딜,꾸르꾸르,아크메이지 - 썬콜,291억 3285만,40000,2026-09-14,빅딜_대항전.xlsx,136,꾸르꾸르,"아크메이지(썬,콜)",29132850000,absolute (image display rounded to 억/만),108,194조 4027억 9180만,19440279180,"아크메이지(썬,콜)",빅딜,Scania 2,https://mgf.gg/contents/guild_info.php?g_name=%EB%B9%85%EB%94%9C,2026-09-16T22:22:32.620426+09:00,2026.09.16,2026-09-16 proxy for 2026-09-14 sample; not contemporaneous,빅딜,True,,,,,,
빅딜,130,빅딜,비스밤,비숍,270억 7721만,39300,2026-09-14,빅딜_대항전.xlsx,137,비스밤,비숍,27077210000,absolute (image display rounded to 억/만),109,355조 5354억 60만,35553540060,비숍,빅딜,Scania 2,https://mgf.gg/contents/guild_info.php?g_name=%EB%B9%85%EB%94%9C,2026-09-16T22:22:32.620426+09:00,2026.09.16,2026-09-16 proxy for 2026-09-14 sample; not contemporaneous,빅딜,True,,,,,,
빅딜,131,빅딜,솔인,팔라딘,264억 3104만,38600,2026-09-14,빅딜_대항전.xlsx,138,솔인,팔라딘,26431040000,absolute (image display rounded to 억/만),108,325조 8411억 2940만,32584112940,팔라딘,빅딜,Scania 2,https://mgf.gg/contents/guild_info.php?g_name=%EB%B9%85%EB%94%9C,2026-09-16T22:22:32.620426+09:00,2026.09.16,2026-09-16 proxy for 2026-09-14 sample; not contemporaneous,빅딜,True,,,,,,
빅딜,132,SSIM,당근이늬,보우마스터,257억 6200만,37900,2026-09-14,빅딜_대항전.xlsx,139,당근이늬,보우마스터,25762000000,absolute (image display rounded to 억/만),,,,,,,,,,2026-09-16 proxy for 2026-09-14 sample; not contemporaneous,SSIM,False,missing_profile,당근이니,,,,
빅딜,133,SSIM,최경무,바이퍼,251억 9460만,37200,2026-09-14,빅딜_대항전.xlsx,140,최경무,바이퍼,25194600000,absolute (image display rounded to 억/만),107,89조 835억 2500만,8908352500,바이퍼,SSIM,Scania 60,https://mgf.gg/contents/guild_info.php?g_name=SSIM,2026-09-16T22:22:34.619416+09:00,2026.09.16,2026-09-16 proxy for 2026-09-14 sample; not contemporaneous,SSIM,True,,,,,,
빅딜,134,SSIM,명지사나이,섀도어,250억 1990만,36500,2026-09-14,빅딜_대항전.xlsx,141,명지사나이,섀도어,25019900000,absolute (image display rounded to 억/만),107,105조 3608억 2990만,10536082990,섀도어,SSIM,Scania 60,https://mgf.gg/contents/guild_info.php?g_name=SSIM,2026-09-16T22:22:34.619416+09:00,2026.09.16,2026-09-16 proxy for 2026-09-14 sample; not contemporaneous,SSIM,True,,,,,,
빅딜,135,SSIM,허상하,히어로,247억 2328만,35800,2026-09-14,빅딜_대항전.xlsx,142,허상하,히어로,24723280000,absolute (image display rounded to 억/만),108,145조 3356억 22만,14533560022,히어로,SSIM,Scania 60,https://mgf.gg/contents/guild_info.php?g_name=SSIM,2026-09-16T22:22:34.619416+09:00,2026.09.16,2026-09-16 proxy for 2026-09-14 sample; not contemporaneous,SSIM,True,,,,,,
빅딜,136,빅딜,아르미느,히어로,237억 7140만,35100,2026-09-14,빅딜_대항전.xlsx,143,아르미느,히어로,23771400000,absolute (image display rounded to 억/만),108,216조 9694억 4877만,21696944877,히어로,빅딜,Scania 2,https://mgf.gg/contents/guild_info.php?g_name=%EB%B9%85%EB%94%9C,2026-09-16T22:22:32.620426+09:00,2026.09.16,2026-09-16 proxy for 2026-09-14 sample; not contemporaneous,빅딜,True,,,,,,
빅딜,137,빅딜,꼬북빵야,비숍,236억 6581만,34400,2026-09-14,빅딜_대항전.xlsx,144,꼬북빵야,비숍,23665810000,absolute (image display rounded to 억/만),108,206조 9922억 631만,20699220631,비숍,빅딜,Scania 2,https://mgf.gg/contents/guild_info.php?g_name=%EB%B9%85%EB%94%9C,2026-09-16T22:22:32.620426+09:00,2026.09.16,2026-09-16 proxy for 2026-09-14 sample; not contemporaneous,빅딜,True,,,,,,
빅딜,138,86서버,01260227,섀도어,215억 3573만,33700,2026-09-14,빅딜_대항전.xlsx,145,01260227,섀도어,21535730000,absolute (image display rounded to 억/만),109,225조 5898억 9585만,22558989585,섀도어,86서버,Scania 33,https://mgf.gg/contents/guild_info.php?g_name=86%EC%84%9C%EB%B2%84,2026-09-16T22:22:33.112070+09:00,2026.09.12,2026-09-16 proxy for 2026-09-14 sample; not contemporaneous,86서버,True,,,,,,
빅딜,139,86서버,경춘선,비숍,214억 2755만,33000,2026-09-14,빅딜_대항전.xlsx,146,경춘선,비숍,21427550000,absolute (image display rounded to 억/만),108,274조 3647억 3191만,27436473191,비숍,86서버,Scania 33,https://mgf.gg/contents/guild_info.php?g_name=86%EC%84%9C%EB%B2%84,2026-09-16T22:22:33.112070+09:00,2026.09.12,2026-09-16 proxy for 2026-09-14 sample; not contemporaneous,86서버,True,,,,,,
빅딜,140,86서버,수비맨디,다크나이트,211억 192만,32300,2026-09-14,빅딜_대항전.xlsx,147,수비맨디,다크나이트,21101920000,absolute (image display rounded to 억/만),106,185조 5885억 6989만,18558856989,다크나이트,86서버,Scania 33,https://mgf.gg/contents/guild_info.php?g_name=86%EC%84%9C%EB%B2%84,2026-09-16T22:22:33.112070+09:00,2026.09.12,2026-09-16 proxy for 2026-09-14 sample; not contemporaneous,86서버,True,,,,,,
빅딜,141,SSIM,앙설,캡틴,192억 7202만,31600,2026-09-14,빅딜_대항전.xlsx,148,앙설,캡틴,19272020000,absolute (image display rounded to 억/만),106,81조 778억 6734만,8107786734,캡틴,SSIM,Scania 60,https://mgf.gg/contents/guild_info.php?g_name=SSIM,2026-09-16T22:22:34.619416+09:00,2026.09.16,2026-09-16 proxy for 2026-09-14 sample; not contemporaneous,SSIM,True,,,,,,
빅딜,142,SSIM,진떡,바이퍼,171억 9020만,30900,2026-09-14,빅딜_대항전.xlsx,149,진떡,바이퍼,17190200000,absolute (image display rounded to 억/만),105,76조 8305억 3124만,7683053124,바이퍼,SSIM,Scania 60,https://mgf.gg/contents/guild_info.php?g_name=SSIM,2026-09-16T22:22:34.619416+09:00,2026.09.16,2026-09-16 proxy for 2026-09-14 sample; not contemporaneous,SSIM,True,,,,,,
빅딜,143,SSIM,웅나공듀,캡틴,160억 4315만,30200,2026-09-14,빅딜_대항전.xlsx,150,웅나공듀,캡틴,16043150000,absolute (image display rounded to 억/만),105,46조 7146억 8831만,4671468831,캡틴,SSIM,Scania 60,https://mgf.gg/contents/guild_info.php?g_name=SSIM,2026-09-16T22:22:34.619416+09:00,2026.09.16,2026-09-16 proxy for 2026-09-14 sample; not contemporaneous,SSIM,True,,,,,,
빅딜,144,SSIM,태양0,비숍,160억 1733만,29500,2026-09-14,빅딜_대항전.xlsx,151,태양0,비숍,16017330000,absolute (image display rounded to 억/만),105,51조 4431억 9277만,5144319277,비숍,SSIM,Scania 60,https://mgf.gg/contents/guild_info.php?g_name=SSIM,2026-09-16T22:22:34.619416+09:00,2026.09.16,2026-09-16 proxy for 2026-09-14 sample; not contemporaneous,SSIM,True,,,,,,
빅딜,145,SSIM,마동턱,팔라딘,145억 7808만,28800,2026-09-14,빅딜_대항전.xlsx,152,마동턱,팔라딘,14578080000,absolute (image display rounded to 억/만),106,51조 1280억 9147만,5112809147,팔라딘,SSIM,Scania 60,https://mgf.gg/contents/guild_info.php?g_name=SSIM,2026-09-16T22:22:34.619416+09:00,2026.09.16,2026-09-16 proxy for 2026-09-14 sample; not contemporaneous,SSIM,True,,,,,,
빅딜,146,SSIM,비단나비,바이퍼,143억 8845만,28100,2026-09-14,빅딜_대항전.xlsx,153,비단나비,바이퍼,14388450000,absolute (image display rounded to 억/만),105,52조 2864억 1269만,5228641269,바이퍼,SSIM,Scania 60,https://mgf.gg/contents/guild_info.php?g_name=SSIM,2026-09-16T22:22:34.619416+09:00,2026.09.16,2026-09-16 proxy for 2026-09-14 sample; not contemporaneous,SSIM,True,,,,,,
빅딜,147,SSIM,해적왕정우짱,캡틴,143억 4116만,27400,2026-09-14,빅딜_대항전.xlsx,154,해적왕정우짱,캡틴,14341160000,absolute (image display rounded to 억/만),106,57조 2769억 3563만,5727693563,캡틴,SSIM,Scania 60,https://mgf.gg/contents/guild_info.php?g_name=SSIM,2026-09-16T22:22:34.619416+09:00,2026.09.16,2026-09-16 proxy for 2026-09-14 sample; not contemporaneous,SSIM,True,,,,,,
셀린느,1,,과금X환불O,히어로,4조 2119억,1500000,2026-09-14,스크린샷 2026-09-16 212246.png,1,과금X환불O,히어로,4211900000000,absolute (image display rounded to 억/만),125,201경 4542조 6272억 96만,201454262720096,히어로,헤라클레스,Scania 38,https://mgf.gg/contents/guild_info.php?g_name=%ED%97%A4%EB%9D%BC%ED%81%B4%EB%A0%88%EC%8A%A4,2026-09-16T22:22:36.718001+09:00,2026.09.12,2026-09-16 proxy for 2026-09-14 sample; not contemporaneous,헤라클레스,True,,,Vision OCR + visual verification against all 37 original images,과금X환불O,current profile; original top edge cropped,
셀린느,2,셀린느,빔냥이,신궁,3조 4402억,1200000,2026-09-14,스크린샷 2026-09-16 212246.png,2,빔냥이,신궁,3440200000000,absolute (image display rounded to 억/만),125,228경 131조 6916억 361만,228013169160361,신궁,셀린느,Scania 2,https://mgf.gg/contents/guild_info.php?g_name=%EC%85%80%EB%A6%B0%EB%8A%90,2026-09-16T22:22:35.137701+09:00,2026.09.16,2026-09-16 proxy for 2026-09-14 sample; not contemporaneous,셀린느,True,,,Vision OCR + visual verification against all 37 original images,빔냥이,,
셀린느,3,노을이,노을준이,아크메이지 - 썬콜,3조 4389억,950000,2026-09-14,스크린샷 2026-09-16 212246.png,3,노을준이,"아크메이지(썬,콜)",3438900000000,absolute (image display rounded to 억/만),125,867경 57조 6580억 1416만,867005765801416,"아크메이지(썬,콜)",노을이,Scania 50,https://mgf.gg/contents/guild_info.php?g_name=%EB%85%B8%EC%9D%84%EC%9D%B4,2026-09-16T22:22:37.402448+09:00,2026.09.16,2026-09-16 proxy for 2026-09-14 sample; not contemporaneous,노을이,True,,,Vision OCR + visual verification against all 37 original images,노을준이,,
셀린느,4,호러,난풍,캡틴,2조 7242억,850000,2026-09-14,스크린샷 2026-09-16 212246.png,4,난풍,캡틴,2724200000000,absolute (image display rounded to 억/만),124,110경 9584조 8295억 323만,110958482950323,캡틴,호러,Scania 10,https://mgf.gg/contents/guild_info.php?g_name=%ED%98%B8%EB%9F%AC,2026-09-16T22:22:36.215781+09:00,2026.09.16,2026-09-16 proxy for 2026-09-14 sample; not contemporaneous,호러,True,,,Vision OCR + visual verification against all 37 original images,난풍,,
셀린느,5,,돈스,비숍,2조 5440억,780000,2026-09-14,스크린샷 2026-09-16 212307.png,5,돈스,비숍,2544000000000,absolute (image display rounded to 억/만),124,56경 7588조 8796억 205만,56758887960205,비숍,셀린느,Scania 2,https://mgf.gg/contents/guild_info.php?g_name=%EC%85%80%EB%A6%B0%EB%8A%90,2026-09-16T22:22:35.137701+09:00,2026.09.16,2026-09-16 proxy for 2026-09-14 sample; not contemporaneous,셀린느,True,,,Vision OCR + visual verification against all 37 original images,돈스,current profile; original top edge cropped,
셀린느,6,리안,메키에바란다,팔라딘,2조 5201억,720000,2026-09-14,스크린샷 2026-09-16 212307.png,6,메키에바란다,팔라딘,2520100000000,absolute (image display rounded to 억/만),123,94경 4078조 28억 5858만,94407800285858,팔라딘,리안,Scania 11,https://mgf.gg/contents/guild_info.php?g_name=%EB%A6%AC%EC%95%88,2026-09-16T22:22:35.683487+09:00,2026.09.16,2026-09-16 proxy for 2026-09-14 sample; not contemporaneous,리안,True,,,Vision OCR + visual verification against all 37 original images,메키에바란다,,
셀린느,7,호러,기요밋,비숍,2조 2615억,670000,2026-09-14,스크린샷 2026-09-16 212307.png,7,기요밋,비숍,2261500000000,absolute (image display rounded to 억/만),124,229경 4357조 2792억 6494만,229435727926494,비숍,호러,Scania 10,https://mgf.gg/contents/guild_info.php?g_name=%ED%98%B8%EB%9F%AC,2026-09-16T22:22:36.215781+09:00,2026.09.16,2026-09-16 proxy for 2026-09-14 sample; not contemporaneous,호러,True,,,Vision OCR + visual verification against all 37 original images,기요밋,,
셀린느,8,셀린느,MNMMNMMNMMNM,비숍,2조 1406억,630000,2026-09-14,스크린샷 2026-09-16 212307.png,8,MNMMNMMNMMNM,비숍,2140600000000,absolute (image display rounded to 억/만),123,67경 2705조 1001억 2336만,67270510012336,비숍,셀린느,Scania 2,https://mgf.gg/contents/guild_info.php?g_name=%EC%85%80%EB%A6%B0%EB%8A%90,2026-09-16T22:22:35.137701+09:00,2026.09.16,2026-09-16 proxy for 2026-09-14 sample; not contemporaneous,셀린느,True,,,Vision OCR + visual verification against all 37 original images,MNMMNMMNMMNM,,
셀린느,9,,예습2,캡틴,2조 1233억,590000,2026-09-14,스크린샷 2026-09-16 212318.png,9,예습2,캡틴,2123300000000,absolute (image display rounded to 억/만),122,62경 6714조 5769억 8548만,62671457698548,캡틴,리안,Scania 11,https://mgf.gg/contents/guild_info.php?g_name=%EB%A6%AC%EC%95%88,2026-09-16T22:22:35.683487+09:00,2026.09.16,2026-09-16 proxy for 2026-09-14 sample; not contemporaneous,리안,True,,,Vision OCR + visual verification against all 37 original images,예습2,current profile; original top edge cropped,
셀린느,10,리안,Matter,비숍,2조 334억,560000,2026-09-14,스크린샷 2026-09-16 212318.png,10,Matter,비숍,2033400000000,absolute (image display rounded to 억/만),123,60경 339조 6350억 2632만,60033963502632,비숍,리안,Scania 11,https://mgf.gg/contents/guild_info.php?g_name=%EB%A6%AC%EC%95%88,2026-09-16T22:22:35.683487+09:00,2026.09.16,2026-09-16 proxy for 2026-09-14 sample; not contemporaneous,리안,True,,,Vision OCR + visual verification against all 37 original images,Matter,,
셀린느,11,헤라클레스,환불존망겜,팔라딘,1조 9300억,530000,2026-09-14,스크린샷 2026-09-16 212318.png,11,환불존망겜,팔라딘,1930000000000,absolute (image display rounded to 억/만),123,44경 4065조 7332억 1255만,44406573321255,팔라딘,헤라클레스,Scania 38,https://mgf.gg/contents/guild_info.php?g_name=%ED%97%A4%EB%9D%BC%ED%81%B4%EB%A0%88%EC%8A%A4,2026-09-16T22:22:36.718001+09:00,2026.09.12,2026-09-16 proxy for 2026-09-14 sample; not contemporaneous,헤라클레스,True,,,Vision OCR + visual verification against all 37 original images,환불존망겜,,
셀린느,12,헤라클레스,역삼이,비숍,1조 9234억,500000,2026-09-14,스크린샷 2026-09-16 212318.png,12,역삼이,비숍,1923400000000,absolute (image display rounded to 억/만),123,38경 4102조 9598억 1650만,38410295981650,비숍,헤라클레스,Scania 38,https://mgf.gg/contents/guild_info.php?g_name=%ED%97%A4%EB%9D%BC%ED%81%B4%EB%A0%88%EC%8A%A4,2026-09-16T22:22:36.718001+09:00,2026.09.12,2026-09-16 proxy for 2026-09-14 sample; not contemporaneous,헤라클레스,True,,,Vision OCR + visual verification against all 37 original images,역삼이,,
셀린느,13,,진자이,비숍,1조 8929억,470000,2026-09-14,스크린샷 2026-09-16 212327.png,13,진자이,비숍,1892900000000,absolute (image display rounded to 억/만),122,56경 4909조 216억 5226만,56490902165226,비숍,셀린느,Scania 2,https://mgf.gg/contents/guild_info.php?g_name=%EC%85%80%EB%A6%B0%EB%8A%90,2026-09-16T22:22:35.137701+09:00,2026.09.16,2026-09-16 proxy for 2026-09-14 sample; not contemporaneous,셀린느,True,,,Vision OCR + visual verification against all 37 original images,진자이,current profile; original top edge cropped,
셀린느,14,셀린느,소소채2,비숍,1조 8196억,440000,2026-09-14,스크린샷 2026-09-16 212327.png,14,소소채2,비숍,1819600000000,absolute (image display rounded to 억/만),122,43경 2523조 8528억 3452만,43252385283452,비숍,셀린느,Scania 2,https://mgf.gg/contents/guild_info.php?g_name=%EC%85%80%EB%A6%B0%EB%8A%90,2026-09-16T22:22:35.137701+09:00,2026.09.16,2026-09-16 proxy for 2026-09-14 sample; not contemporaneous,셀린느,True,,,Vision OCR + visual verification against all 37 original images,소소채2,,
셀린느,15,리안,혁수킹,히어로,1조 8099억,410000,2026-09-14,스크린샷 2026-09-16 212327.png,15,혁수킹,히어로,1809900000000,absolute (image display rounded to 억/만),122,55경 7881조 3223억 2425만,55788132232425,히어로,리안,Scania 11,https://mgf.gg/contents/guild_info.php?g_name=%EB%A6%AC%EC%95%88,2026-09-16T22:22:35.683487+09:00,2026.09.16,2026-09-16 proxy for 2026-09-14 sample; not contemporaneous,리안,True,,,Vision OCR + visual verification against all 37 original images,혁수킹,,
셀린느,16,리안,라온PB,나이트로드,1조 7761억,380000,2026-09-14,스크린샷 2026-09-16 212327.png,16,라온PB,나이트로드,1776100000000,absolute (image display rounded to 억/만),122,60경 3474조 3971억 9956만,60347439719956,나이트로드,리안,Scania 11,https://mgf.gg/contents/guild_info.php?g_name=%EB%A6%AC%EC%95%88,2026-09-16T22:22:35.683487+09:00,2026.09.16,2026-09-16 proxy for 2026-09-14 sample; not contemporaneous,리안,True,,,Vision OCR + visual verification against all 37 original images,라온PB,,
셀린느,17,,송곧,비숍,1조 5081억,350000,2026-09-14,스크린샷 2026-09-16 212342.png,17,송곧,비숍,1508100000000,absolute (image display rounded to 억/만),121,34경 1532조 2767억 2659만,34153227672659,비숍,호러,Scania 10,https://mgf.gg/contents/guild_info.php?g_name=%ED%98%B8%EB%9F%AC,2026-09-16T22:22:36.215781+09:00,2026.09.16,2026-09-16 proxy for 2026-09-14 sample; not contemporaneous,호러,True,,,Vision OCR + visual verification against all 37 original images,송곧,current profile; original top edge cropped,
셀린느,18,리안,파퍼,비숍,1조 5045억,320000,2026-09-14,스크린샷 2026-09-16 212342.png,18,파퍼,비숍,1504500000000,absolute (image display rounded to 억/만),121,27경 2358조 9413억 6552만,27235894136552,비숍,리안,Scania 11,https://mgf.gg/contents/guild_info.php?g_name=%EB%A6%AC%EC%95%88,2026-09-16T22:22:35.683487+09:00,2026.09.16,2026-09-16 proxy for 2026-09-14 sample; not contemporaneous,리안,True,,,Vision OCR + visual verification against all 37 original images,파퍼,,
셀린느,19,헤라클레스,번펀,히어로,1조 4660억,290000,2026-09-14,스크린샷 2026-09-16 212342.png,19,번펀,히어로,1466000000000,absolute (image display rounded to 억/만),121,24경 5575조 5299억 4079만,24557552994079,히어로,헤라클레스,Scania 38,https://mgf.gg/contents/guild_info.php?g_name=%ED%97%A4%EB%9D%BC%ED%81%B4%EB%A0%88%EC%8A%A4,2026-09-16T22:22:36.718001+09:00,2026.09.12,2026-09-16 proxy for 2026-09-14 sample; not contemporaneous,헤라클레스,True,,,Vision OCR + visual verification against all 37 original images,번펀,,
셀린느,20,호러,누짜,비숍,1조 3790억,260000,2026-09-14,스크린샷 2026-09-16 212342.png,20,누짜,비숍,1379000000000,absolute (image display rounded to 억/만),122,36경 5167조 3358억 777만,36516733580777,비숍,호러,Scania 10,https://mgf.gg/contents/guild_info.php?g_name=%ED%98%B8%EB%9F%AC,2026-09-16T22:22:36.215781+09:00,2026.09.16,2026-09-16 proxy for 2026-09-14 sample; not contemporaneous,호러,True,,,Vision OCR + visual verification against all 37 original images,누짜,,
셀린느,21,,일월마녀,보우마스터,1조 3455억,250000,2026-09-14,스크린샷 2026-09-16 212353.png,21,일월마녀,보우마스터,1345500000000,absolute (image display rounded to 억/만),122,35경 1686조 8222억 1804만,35168682221804,보우마스터,호러,Scania 10,https://mgf.gg/contents/guild_info.php?g_name=%ED%98%B8%EB%9F%AC,2026-09-16T22:22:36.215781+09:00,2026.09.16,2026-09-16 proxy for 2026-09-14 sample; not contemporaneous,호러,True,,,Vision OCR + visual verification against all 37 original images,일월마녀,current profile; original top edge cropped,
셀린느,22,호러,메키존망섭종,신궁,1조 3371억,240000,2026-09-14,스크린샷 2026-09-16 212353.png,22,메키존망섭종,신궁,1337100000000,absolute (image display rounded to 억/만),120,25경 371조 1114억 5018만,25037111145018,신궁,호러,Scania 10,https://mgf.gg/contents/guild_info.php?g_name=%ED%98%B8%EB%9F%AC,2026-09-16T22:22:36.215781+09:00,2026.09.16,2026-09-16 proxy for 2026-09-14 sample; not contemporaneous,호러,True,,,Vision OCR + visual verification against all 37 original images,메키존망섭종,,
셀린느,23,리안,셀문,비숍,1조 3245억,230000,2026-09-14,스크린샷 2026-09-16 212353.png,23,셀문,비숍,1324500000000,absolute (image display rounded to 억/만),121,44경 4304조 3775억 7803만,44430437757803,비숍,리안,Scania 11,https://mgf.gg/contents/guild_info.php?g_name=%EB%A6%AC%EC%95%88,2026-09-16T22:22:35.683487+09:00,2026.09.16,2026-09-16 proxy for 2026-09-14 sample; not contemporaneous,리안,True,,,Vision OCR + visual verification against all 37 original images,셀문,,
셀린느,24,셀린느,뽀리빠,다크나이트,1조 3197억,220000,2026-09-14,스크린샷 2026-09-16 212353.png,24,뽀리빠,다크나이트,1319700000000,absolute (image display rounded to 억/만),121,26경 6603조 6785억 6620만,26660367856620,다크나이트,셀린느,Scania 2,https://mgf.gg/contents/guild_info.php?g_name=%EC%85%80%EB%A6%B0%EB%8A%90,2026-09-16T22:22:35.137701+09:00,2026.09.16,2026-09-16 proxy for 2026-09-14 sample; not contemporaneous,셀린느,True,,,Vision OCR + visual verification against all 37 original images,뽀리빠,,
셀린느,25,,스타캐치,나이트로드,1조 3139억,210000,2026-09-14,스크린샷 2026-09-16 212404.png,25,스타캐치,나이트로드,1313900000000,absolute (image display rounded to 억/만),121,23경 6378조 9억 8238만,23637800098238,나이트로드,셀린느,Scania 2,https://mgf.gg/contents/guild_info.php?g_name=%EC%85%80%EB%A6%B0%EB%8A%90,2026-09-16T22:22:35.137701+09:00,2026.09.16,2026-09-16 proxy for 2026-09-14 sample; not contemporaneous,셀린느,True,,,Vision OCR + visual verification against all 37 original images,스타캐치,current profile; original top edge cropped,
셀린느,26,셀린느,말레이히어로,히어로,1조 2580억,200000,2026-09-14,스크린샷 2026-09-16 212404.png,26,말레이히어로,히어로,1258000000000,absolute (image display rounded to 억/만),122,24경 6324조 2509억 4408만,24632425094408,히어로,셀린느,Scania 2,https://mgf.gg/contents/guild_info.php?g_name=%EC%85%80%EB%A6%B0%EB%8A%90,2026-09-16T22:22:35.137701+09:00,2026.09.16,2026-09-16 proxy for 2026-09-14 sample; not contemporaneous,셀린느,True,,,Vision OCR + visual verification against all 37 original images,말레이히어로,,
셀린느,27,헤라클레스,아그리아스,캡틴,1조 1488억,190000,2026-09-14,스크린샷 2026-09-16 212404.png,27,아그리아스,캡틴,1148800000000,absolute (image display rounded to 억/만),120,17경 6716조 9928억 4335만,17671699284335,캡틴,헤라클레스,Scania 38,https://mgf.gg/contents/guild_info.php?g_name=%ED%97%A4%EB%9D%BC%ED%81%B4%EB%A0%88%EC%8A%A4,2026-09-16T22:22:36.718001+09:00,2026.09.12,2026-09-16 proxy for 2026-09-14 sample; not contemporaneous,헤라클레스,True,,,Vision OCR + visual verification against all 37 original images,아그리아스,,
셀린느,28,셀린느,걸음,섀도어,1조 725억,180000,2026-09-14,스크린샷 2026-09-16 212404.png,28,걸음,섀도어,1072500000000,absolute (image display rounded to 억/만),120,10경 3790조 2974억 300만,10379029740300,섀도어,셀린느,Scania 2,https://mgf.gg/contents/guild_info.php?g_name=%EC%85%80%EB%A6%B0%EB%8A%90,2026-09-16T22:22:35.137701+09:00,2026.09.16,2026-09-16 proxy for 2026-09-14 sample; not contemporaneous,셀린느,True,,,Vision OCR + visual verification against all 37 original images,걸음,,
셀린느,29,,이삼2,팔라딘,1조 555억,170000,2026-09-14,스크린샷 2026-09-16 212428.png,29,이삼2,팔라딘,1055500000000,absolute (image display rounded to 억/만),119,12경 4816조 8867억 7101만,12481688677101,팔라딘,리안,Scania 11,https://mgf.gg/contents/guild_info.php?g_name=%EB%A6%AC%EC%95%88,2026-09-16T22:22:35.683487+09:00,2026.09.16,2026-09-16 proxy for 2026-09-14 sample; not contemporaneous,리안,True,,,Vision OCR + visual verification against all 37 original images,이삼2,current profile; original top edge cropped,
셀린느,30,셀린느,국의,팔라딘,1조 365억,160000,2026-09-14,스크린샷 2026-09-16 212428.png,30,국의,팔라딘,1036500000000,absolute (image display rounded to 억/만),120,8경 7873조 5334억 9992만,8787353349992,팔라딘,셀린느,Scania 2,https://mgf.gg/contents/guild_info.php?g_name=%EC%85%80%EB%A6%B0%EB%8A%90,2026-09-16T22:22:35.137701+09:00,2026.09.16,2026-09-16 proxy for 2026-09-14 sample; not contemporaneous,셀린느,True,,,Vision OCR + visual verification against all 37 original images,국의,,
셀린느,31,셀린느,천천히걸어가,섀도어,9955억 7191만,157000,2026-09-14,스크린샷 2026-09-16 212428.png,31,천천히걸어가,섀도어,995571910000,absolute (image display rounded to 억/만),118,9경 7134조 3747억 7858만,9713437477858,섀도어,셀린느,Scania 2,https://mgf.gg/contents/guild_info.php?g_name=%EC%85%80%EB%A6%B0%EB%8A%90,2026-09-16T22:22:35.137701+09:00,2026.09.16,2026-09-16 proxy for 2026-09-14 sample; not contemporaneous,셀린느,True,,,Vision OCR + visual verification against all 37 original images,천천히걸어가,,
셀린느,32,헤라클레스,꼬꼬대장,비숍,9916억 4214만,154000,2026-09-14,스크린샷 2026-09-16 212428.png,32,꼬꼬대장,비숍,991642140000,absolute (image display rounded to 억/만),119,6경 123조 3836억 5298만,6012338365298,비숍,헤라클레스,Scania 38,https://mgf.gg/contents/guild_info.php?g_name=%ED%97%A4%EB%9D%BC%ED%81%B4%EB%A0%88%EC%8A%A4,2026-09-16T22:22:36.718001+09:00,2026.09.12,2026-09-16 proxy for 2026-09-14 sample; not contemporaneous,헤라클레스,True,,,Vision OCR + visual verification against all 37 original images,꼬꼬대장,,
셀린느,33,,부엉이형,나이트로드,9838억 83만,151000,2026-09-14,스크린샷 2026-09-16 212446.png,33,부엉이형,나이트로드,983800830000,absolute (image display rounded to 억/만),119,12경 5797조 5282억 3519만,12579752823519,나이트로드,셀린느,Scania 2,https://mgf.gg/contents/guild_info.php?g_name=%EC%85%80%EB%A6%B0%EB%8A%90,2026-09-16T22:22:35.137701+09:00,2026.09.16,2026-09-16 proxy for 2026-09-14 sample; not contemporaneous,셀린느,True,,,Vision OCR + visual verification against all 37 original images,부엉이형,current profile; original top edge cropped,
셀린느,34,헤라클레스,쏘쏘하네,캡틴,8818억 4140만,148000,2026-09-14,스크린샷 2026-09-16 212446.png,34,쏘쏘하네,캡틴,881841400000,absolute (image display rounded to 억/만),119,9경 3265조 5326억 1053만,9326553261053,캡틴,헤라클레스,Scania 38,https://mgf.gg/contents/guild_info.php?g_name=%ED%97%A4%EB%9D%BC%ED%81%B4%EB%A0%88%EC%8A%A4,2026-09-16T22:22:36.718001+09:00,2026.09.12,2026-09-16 proxy for 2026-09-14 sample; not contemporaneous,헤라클레스,True,,,Vision OCR + visual verification against all 37 original images,쏘쏘하네,,
셀린느,35,호러,로드숍,비숍,8437억 8987만,145000,2026-09-14,스크린샷 2026-09-16 212446.png,35,로드숍,비숍,843789870000,absolute (image display rounded to 억/만),120,23경 7221조 2621억 7072만,23722126217072,비숍,호러,Scania 10,https://mgf.gg/contents/guild_info.php?g_name=%ED%98%B8%EB%9F%AC,2026-09-16T22:22:36.215781+09:00,2026.09.16,2026-09-16 proxy for 2026-09-14 sample; not contemporaneous,호러,True,,,Vision OCR + visual verification against all 37 original images,로드숍,,
셀린느,36,리안,고먀츠나나,신궁,8259억 1504만,142000,2026-09-14,스크린샷 2026-09-16 212446.png,36,고먀츠나나,신궁,825915040000,absolute (image display rounded to 억/만),118,4경 8360조 419억 1969만,4836004191969,신궁,리안,Scania 11,https://mgf.gg/contents/guild_info.php?g_name=%EB%A6%AC%EC%95%88,2026-09-16T22:22:35.683487+09:00,2026.09.16,2026-09-16 proxy for 2026-09-14 sample; not contemporaneous,리안,True,,,Vision OCR + visual verification against all 37 original images,고먀츠나나,,
셀린느,37,,약어,바이퍼,8169억 7359만,139000,2026-09-14,스크린샷 2026-09-16 213347.png,37,약어,바이퍼,816973590000,absolute (image display rounded to 억/만),119,9경 7717조 5279억 6925만,9771752796925,바이퍼,셀린느,Scania 2,https://mgf.gg/contents/guild_info.php?g_name=%EC%85%80%EB%A6%B0%EB%8A%90,2026-09-16T22:22:35.137701+09:00,2026.09.16,2026-09-16 proxy for 2026-09-14 sample; not contemporaneous,셀린느,True,,,Vision OCR + visual verification against all 37 original images,약어,current profile; original top edge cropped,
셀린느,38,헤라클레스,참이슬,팔라딘,8156억 699만,136000,2026-09-14,스크린샷 2026-09-16 213347.png,38,참OI슬,팔라딘,815606990000,absolute (image display rounded to 억/만),118,4경 9985조 2655억 8212만,4998526558212,팔라딘,헤라클레스,Scania 38,https://mgf.gg/contents/guild_info.php?g_name=%ED%97%A4%EB%9D%BC%ED%81%B4%EB%A0%88%EC%8A%A4,2026-09-16T22:22:36.718001+09:00,2026.09.12,2026-09-16 proxy for 2026-09-14 sample; not contemporaneous,헤라클레스,True,,,Vision OCR + visual verification against all 37 original images,참이I슬,,image glyphs + exact guild roster
셀린느,39,헤라클레스,유지애123,비숍,7801억 3509만,133000,2026-09-14,스크린샷 2026-09-16 213347.png,39,유지애123,비숍,780135090000,absolute (image display rounded to 억/만),118,3경 6252조 2588억 7685만,3625225887685,비숍,헤라클레스,Scania 38,https://mgf.gg/contents/guild_info.php?g_name=%ED%97%A4%EB%9D%BC%ED%81%B4%EB%A0%88%EC%8A%A4,2026-09-16T22:22:36.718001+09:00,2026.09.12,2026-09-16 proxy for 2026-09-14 sample; not contemporaneous,헤라클레스,True,,,Vision OCR + visual verification against all 37 original images,유지애123,,
셀린느,40,셀린느,하후돈,나이트로드,7725억 2403만,130000,2026-09-14,스크린샷 2026-09-16 213347.png,40,하후돈,나이트로드,772524030000,absolute (image display rounded to 억/만),119,7경 3342조 5921억 8584만,7334259218584,나이트로드,셀린느,Scania 2,https://mgf.gg/contents/guild_info.php?g_name=%EC%85%80%EB%A6%B0%EB%8A%90,2026-09-16T22:22:35.137701+09:00,2026.09.16,2026-09-16 proxy for 2026-09-14 sample; not contemporaneous,셀린느,True,,,Vision OCR + visual verification against all 37 original images,하후돈,,
셀린느,41,,익맹이,비숍,7677억 750만,128000,2026-09-14,스크린샷 2026-09-16 213404.png,41,익맹이,비숍,767707500000,absolute (image display rounded to 억/만),,,,,,,,,,2026-09-16 proxy for 2026-09-14 sample; not contemporaneous,,False,missing_profile,익맹;둄이,Vision OCR + visual verification against all 37 original images,익맹이,current profile; original top edge cropped,
셀린느,42,셀린느,잼포즈,아크메이지 - 썬콜,7650억 6978만,126000,2026-09-14,스크린샷 2026-09-16 213404.png,42,잼포즈,"아크메이지(썬,콜)",765069780000,absolute (image display rounded to 억/만),119,7경 1027조 7063억 5237만,7102770635237,"아크메이지(썬,콜)",셀린느,Scania 2,https://mgf.gg/contents/guild_info.php?g_name=%EC%85%80%EB%A6%B0%EB%8A%90,2026-09-16T22:22:35.137701+09:00,2026.09.16,2026-09-16 proxy for 2026-09-14 sample; not contemporaneous,셀린느,True,,,Vision OCR + visual verification against all 37 original images,잼포즈,,
셀린느,43,셀린느,꽃을든남자,히어로,7432억 4290만,124000,2026-09-14,스크린샷 2026-09-16 213404.png,43,꽃을든남자,히어로,743242900000,absolute (image display rounded to 억/만),119,6경 4885조 3111억 7395만,6488531117395,히어로,셀린느,Scania 2,https://mgf.gg/contents/guild_info.php?g_name=%EC%85%80%EB%A6%B0%EB%8A%90,2026-09-16T22:22:35.137701+09:00,2026.09.16,2026-09-16 proxy for 2026-09-14 sample; not contemporaneous,셀린느,True,,,Vision OCR + visual verification against all 37 original images,꽃을든남자,,
셀린느,44,호러,도당이,비숍,6444억 5748만,122000,2026-09-14,스크린샷 2026-09-16 213404.png,44,도당이,비숍,644457480000,absolute (image display rounded to 억/만),117,10경 264조 4680억 1217만,10026446801217,비숍,호러,Scania 10,https://mgf.gg/contents/guild_info.php?g_name=%ED%98%B8%EB%9F%AC,2026-09-16T22:22:36.215781+09:00,2026.09.16,2026-09-16 proxy for 2026-09-14 sample; not contemporaneous,호러,True,,,Vision OCR + visual verification against all 37 original images,도당이,,
셀린느,45,,노을뽀롱,비숍,6356억 4524만,120000,2026-09-14,스크린샷 2026-09-16 213414.png,45,노을뽀롱,비숍,635645240000,absolute (image display rounded to 억/만),118,24경 2357조 755억 8065만,24235707558065,비숍,노을이,Scania 50,https://mgf.gg/contents/guild_info.php?g_name=%EB%85%B8%EC%9D%84%EC%9D%B4,2026-09-16T22:22:37.402448+09:00,2026.09.16,2026-09-16 proxy for 2026-09-14 sample; not contemporaneous,노을이,True,,,Vision OCR + visual verification against all 37 original images,노을뽀롱,current profile; original top edge cropped,
셀린느,46,호러,둄이,비숍,6350억 9260만,118000,2026-09-14,스크린샷 2026-09-16 213414.png,46,둄이,비숍,635092600000,absolute (image display rounded to 억/만),118,5경 6277조 7553억 6679만,5627775536679,비숍,호러,Scania 10,https://mgf.gg/contents/guild_info.php?g_name=%ED%98%B8%EB%9F%AC,2026-09-16T22:22:36.215781+09:00,2026.09.16,2026-09-16 proxy for 2026-09-14 sample; not contemporaneous,호러,True,,,Vision OCR + visual verification against all 37 original images,둄이,,
셀린느,47,셀린느,니달리신,캡틴,6283억 1642만,116000,2026-09-14,스크린샷 2026-09-16 213414.png,47,니달리신,캡틴,628316420000,absolute (image display rounded to 억/만),119,7경 3059조 933억 2511만,7305909332511,캡틴,셀린느,Scania 2,https://mgf.gg/contents/guild_info.php?g_name=%EC%85%80%EB%A6%B0%EB%8A%90,2026-09-16T22:22:35.137701+09:00,2026.09.16,2026-09-16 proxy for 2026-09-14 sample; not contemporaneous,셀린느,True,,,Vision OCR + visual verification against all 37 original images,니달리신,,
셀린느,48,리안,히째히째,팔라딘,6078억 5607만,114000,2026-09-14,스크린샷 2026-09-16 213414.png,48,히째히째,팔라딘,607856070000,absolute (image display rounded to 억/만),118,3경 5918조 2339억 2336만,3591823392336,팔라딘,리안,Scania 11,https://mgf.gg/contents/guild_info.php?g_name=%EB%A6%AC%EC%95%88,2026-09-16T22:22:35.683487+09:00,2026.09.16,2026-09-16 proxy for 2026-09-14 sample; not contemporaneous,리안,True,,,Vision OCR + visual verification against all 37 original images,히째히째,,
셀린느,49,,힐캐,비숍,5911억 6640만,112000,2026-09-14,스크린샷 2026-09-16 213425.png,49,힐캐,비숍,591166400000,absolute (image display rounded to 억/만),118,3경 5171조 8261억 605만,3517182610605,비숍,리안,Scania 11,https://mgf.gg/contents/guild_info.php?g_name=%EB%A6%AC%EC%95%88,2026-09-16T22:22:35.683487+09:00,2026.09.16,2026-09-16 proxy for 2026-09-14 sample; not contemporaneous,리안,True,,,Vision OCR + visual verification against all 37 original images,힐캐,current profile; original top edge cropped,
셀린느,50,호러,카지야,보우마스터,5815억 6994만,110000,2026-09-14,스크린샷 2026-09-16 213425.png,50,카지야,보우마스터,581569940000,absolute (image display rounded to 억/만),118,3경 7401조 5842억 2501만,3740158422501,보우마스터,호러,Scania 10,https://mgf.gg/contents/guild_info.php?g_name=%ED%98%B8%EB%9F%AC,2026-09-16T22:22:36.215781+09:00,2026.09.16,2026-09-16 proxy for 2026-09-14 sample; not contemporaneous,호러,True,,,Vision OCR + visual verification against all 37 original images,카지야,,
셀린느,51,호러,태켱,팔라딘,5815억 6831만,109000,2026-09-14,스크린샷 2026-09-16 213425.png,51,태켱,팔라딘,581568310000,absolute (image display rounded to 억/만),117,5경 4조 3212억 1972만,5000432121972,팔라딘,호러,Scania 10,https://mgf.gg/contents/guild_info.php?g_name=%ED%98%B8%EB%9F%AC,2026-09-16T22:22:36.215781+09:00,2026.09.16,2026-09-16 proxy for 2026-09-14 sample; not contemporaneous,호러,True,,,Vision OCR + visual verification against all 37 original images,태켱,,
셀린느,52,헤라클레스,응구7,나이트로드,5173억 6539만,108000,2026-09-14,스크린샷 2026-09-16 213425.png,52,응구7,나이트로드,517365390000,absolute (image display rounded to 억/만),116,1경 7596조 7078억 2117만,1759670782117,나이트로드,헤라클레스,Scania 38,https://mgf.gg/contents/guild_info.php?g_name=%ED%97%A4%EB%9D%BC%ED%81%B4%EB%A0%88%EC%8A%A4,2026-09-16T22:22:36.718001+09:00,2026.09.12,2026-09-16 proxy for 2026-09-14 sample; not contemporaneous,헤라클레스,True,,,Vision OCR + visual verification against all 37 original images,응구7,,
셀린느,53,,악경,히어로,5081억 4047만,107000,2026-09-14,스크린샷 2026-09-16 213432.png,53,악경,히어로,508140470000,absolute (image display rounded to 억/만),118,8경 509조 7204억 3601만,8050972043601,히어로,리안,Scania 11,https://mgf.gg/contents/guild_info.php?g_name=%EB%A6%AC%EC%95%88,2026-09-16T22:22:35.683487+09:00,2026.09.16,2026-09-16 proxy for 2026-09-14 sample; not contemporaneous,리안,True,,,Vision OCR + visual verification against all 37 original images,악경,current profile; original top edge cropped,
셀린느,54,셀린느,김겨탱,나이트로드,5066억 3850만,106000,2026-09-14,스크린샷 2026-09-16 213432.png,54,김겨탱,나이트로드,506638500000,absolute (image display rounded to 억/만),118,5경 3594조 4156억 1520만,5359441561520,나이트로드,셀린느,Scania 2,https://mgf.gg/contents/guild_info.php?g_name=%EC%85%80%EB%A6%B0%EB%8A%90,2026-09-16T22:22:35.137701+09:00,2026.09.16,2026-09-16 proxy for 2026-09-14 sample; not contemporaneous,셀린느,True,,,Vision OCR + visual verification against all 37 original images,김겨탱,,
셀린느,55,호러,다이사,나이트로드,5023억 1642만,105000,2026-09-14,스크린샷 2026-09-16 213432.png,55,다이사,나이트로드,502316420000,absolute (image display rounded to 억/만),118,4경 214조 7053억 3240만,4021470533240,나이트로드,호러,Scania 10,https://mgf.gg/contents/guild_info.php?g_name=%ED%98%B8%EB%9F%AC,2026-09-16T22:22:36.215781+09:00,2026.09.16,2026-09-16 proxy for 2026-09-14 sample; not contemporaneous,호러,True,,,Vision OCR + visual verification against all 37 original images,다이사,,
셀린느,56,셀린느,쾌감,섀도어,4854억 6113만,104000,2026-09-14,스크린샷 2026-09-16 213432.png,56,쾌감,섀도어,485461130000,absolute (image display rounded to 억/만),118,5경 5228조 9003억 4099만,5522890034099,섀도어,셀린느,Scania 2,https://mgf.gg/contents/guild_info.php?g_name=%EC%85%80%EB%A6%B0%EB%8A%90,2026-09-16T22:22:35.137701+09:00,2026.09.16,2026-09-16 proxy for 2026-09-14 sample; not contemporaneous,셀린느,True,,,Vision OCR + visual verification against all 37 original images,쾌감,,
셀린느,57,,떠영아,히어로,4773억 8730만,103000,2026-09-14,스크린샷 2026-09-16 213442.png,57,떠영아,히어로,477387300000,absolute (image display rounded to 억/만),117,3경 4432조 1072억 1410만,3443210721410,히어로,리안,Scania 11,https://mgf.gg/contents/guild_info.php?g_name=%EB%A6%AC%EC%95%88,2026-09-16T22:22:35.683487+09:00,2026.09.16,2026-09-16 proxy for 2026-09-14 sample; not contemporaneous,리안,True,,,Vision OCR + visual verification against all 37 original images,떠영아,current profile; original top edge cropped,
셀린느,58,헤라클레스,록현,비숍,4764억 9386만,102000,2026-09-14,스크린샷 2026-09-16 213442.png,58,록현,비숍,476493860000,absolute (image display rounded to 억/만),118,4경 3330조 130억 7145만,4333001307145,비숍,헤라클레스,Scania 38,https://mgf.gg/contents/guild_info.php?g_name=%ED%97%A4%EB%9D%BC%ED%81%B4%EB%A0%88%EC%8A%A4,2026-09-16T22:22:36.718001+09:00,2026.09.12,2026-09-16 proxy for 2026-09-14 sample; not contemporaneous,헤라클레스,True,,,Vision OCR + visual verification against all 37 original images,록현,,
셀린느,59,셀린느,킹몬,비숍,4105억 3450만,101000,2026-09-14,스크린샷 2026-09-16 213442.png,59,킹몬,비숍,410534500000,absolute (image display rounded to 억/만),116,5경 8774조 7748억 8940만,5877477488940,비숍,셀린느,Scania 2,https://mgf.gg/contents/guild_info.php?g_name=%EC%85%80%EB%A6%B0%EB%8A%90,2026-09-16T22:22:35.137701+09:00,2026.09.16,2026-09-16 proxy for 2026-09-14 sample; not contemporaneous,셀린느,True,,,Vision OCR + visual verification against all 37 original images,킹몬,,
셀린느,60,리안,딤개,아크메이지 - 불독,4033억 5284만,100000,2026-09-14,스크린샷 2026-09-16 213442.png,60,딤개,"아크메이지(불,독)",403352840000,absolute (image display rounded to 억/만),118,3경 9345조 1748억 2777만,3934517482777,"아크메이지(불,독)",리안,Scania 11,https://mgf.gg/contents/guild_info.php?g_name=%EB%A6%AC%EC%95%88,2026-09-16T22:22:35.683487+09:00,2026.09.16,2026-09-16 proxy for 2026-09-14 sample; not contemporaneous,리안,True,,,Vision OCR + visual verification against all 37 original images,딤개,,
셀린느,61,,바람의새벽,섀도어,3858억 2641만,99000,2026-09-14,스크린샷 2026-09-16 213452.png,61,바람의새벽,섀도어,385826410000,absolute (image display rounded to 억/만),117,2경 9221조 4290억 1767만,2922142901767,섀도어,리안,Scania 11,https://mgf.gg/contents/guild_info.php?g_name=%EB%A6%AC%EC%95%88,2026-09-16T22:22:35.683487+09:00,2026.09.16,2026-09-16 proxy for 2026-09-14 sample; not contemporaneous,리안,True,,,Vision OCR + visual verification against all 37 original images,바람의새벽,current profile; original top edge cropped,
셀린느,62,셀린느,할룽,비숍,3852억 2427만,98000,2026-09-14,스크린샷 2026-09-16 213452.png,62,할룽,비숍,385224270000,absolute (image display rounded to 억/만),117,1경 6529조 5322억 4370만,1652953224370,비숍,셀린느,Scania 2,https://mgf.gg/contents/guild_info.php?g_name=%EC%85%80%EB%A6%B0%EB%8A%90,2026-09-16T22:22:35.137701+09:00,2026.09.16,2026-09-16 proxy for 2026-09-14 sample; not contemporaneous,셀린느,True,,,Vision OCR + visual verification against all 37 original images,할룽,,
셀린느,63,리안,이남선,비숍,3784억 9749만,97000,2026-09-14,스크린샷 2026-09-16 213452.png,63,이남선,비숍,378497490000,absolute (image display rounded to 억/만),116,1경 3161조 792억 5309만,1316107925309,비숍,리안,Scania 11,https://mgf.gg/contents/guild_info.php?g_name=%EB%A6%AC%EC%95%88,2026-09-16T22:22:35.683487+09:00,2026.09.16,2026-09-16 proxy for 2026-09-14 sample; not contemporaneous,리안,True,,,Vision OCR + visual verification against all 37 original images,이남선,,
셀린느,64,헤라클레스,머스탱GT,팔라딘,3310억 4312만,96000,2026-09-14,스크린샷 2026-09-16 213452.png,64,머스탱GT,팔라딘,331043120000,absolute (image display rounded to 억/만),116,2경 2767조 3150억 6295만,2276731506295,팔라딘,헤라클레스,Scania 38,https://mgf.gg/contents/guild_info.php?g_name=%ED%97%A4%EB%9D%BC%ED%81%B4%EB%A0%88%EC%8A%A4,2026-09-16T22:22:36.718001+09:00,2026.09.12,2026-09-16 proxy for 2026-09-14 sample; not contemporaneous,헤라클레스,True,,,Vision OCR + visual verification against all 37 original images,머스탱GT,,
셀린느,65,,핫잇,비숍,3232억 4368만,95000,2026-09-14,스크린샷 2026-09-16 213459.png,65,핫잇,비숍,323243680000,absolute (image display rounded to 억/만),116,1경 5275조 752억 3008만,1527507523008,비숍,셀린느,Scania 2,https://mgf.gg/contents/guild_info.php?g_name=%EC%85%80%EB%A6%B0%EB%8A%90,2026-09-16T22:22:35.137701+09:00,2026.09.16,2026-09-16 proxy for 2026-09-14 sample; not contemporaneous,셀린느,True,,,Vision OCR + visual verification against all 37 original images,핫잇,current profile; original top edge cropped,
셀린느,66,호러,똥으리,보우마스터,3183억 8892만,94000,2026-09-14,스크린샷 2026-09-16 213459.png,66,똥으리,보우마스터,318388920000,absolute (image display rounded to 억/만),117,2경 8269조 1138억 6803만,2826911386803,보우마스터,호러,Scania 10,https://mgf.gg/contents/guild_info.php?g_name=%ED%98%B8%EB%9F%AC,2026-09-16T22:22:36.215781+09:00,2026.09.16,2026-09-16 proxy for 2026-09-14 sample; not contemporaneous,호러,True,,,Vision OCR + visual verification against all 37 original images,똥으리,,
셀린느,67,헤라클레스,가루0,비숍,3142억 7777만,93000,2026-09-14,스크린샷 2026-09-16 213459.png,67,가루o,비숍,314277770000,absolute (image display rounded to 억/만),115,1경 3573조 3087억 4957만,1357330874957,비숍,헤라클레스,Scania 38,https://mgf.gg/contents/guild_info.php?g_name=%ED%97%A4%EB%9D%BC%ED%81%B4%EB%A0%88%EC%8A%A4,2026-09-16T22:22:36.718001+09:00,2026.09.12,2026-09-16 proxy for 2026-09-14 sample; not contemporaneous,헤라클레스,True,,,Vision OCR + visual verification against all 37 original images,가루0,,image glyphs + exact guild roster
셀린느,68,셀린느,아이스꾸임,비숍,3123억 3640만,92000,2026-09-14,스크린샷 2026-09-16 213459.png,68,아이스꾸임,비숍,312336400000,absolute (image display rounded to 억/만),,,,,,,,,,2026-09-16 proxy for 2026-09-14 sample; not contemporaneous,셀린느,False,missing_profile,,Vision OCR + visual verification against all 37 original images,아이스꾸임,,
셀린느,69,,안리뿐,나이트로드,3028억 657만,91000,2026-09-14,스크린샷 2026-09-16 213508.png,69,안리뿐,나이트로드,302806570000,absolute (image display rounded to 억/만),116,2경 3213조 7183억 2529만,2321371832529,나이트로드,리안,Scania 11,https://mgf.gg/contents/guild_info.php?g_name=%EB%A6%AC%EC%95%88,2026-09-16T22:22:35.683487+09:00,2026.09.16,2026-09-16 proxy for 2026-09-14 sample; not contemporaneous,리안,True,,,Vision OCR + visual verification against all 37 original images,안리뿐,current profile; original top edge cropped,
셀린느,70,호러,진짜지존법사,비숍,3025억 3794만,90000,2026-09-14,스크린샷 2026-09-16 213508.png,70,진짜지존법사,비숍,302537940000,absolute (image display rounded to 억/만),115,4경 4347조 9483억 3614만,4434794833614,비숍,호러,Scania 10,https://mgf.gg/contents/guild_info.php?g_name=%ED%98%B8%EB%9F%AC,2026-09-16T22:22:36.215781+09:00,2026.09.16,2026-09-16 proxy for 2026-09-14 sample; not contemporaneous,호러,True,,,Vision OCR + visual verification against all 37 original images,진짜지존법사,,
셀린느,71,셀린느,망겜감별사,비숍,2972억 8556만,89000,2026-09-14,스크린샷 2026-09-16 213508.png,71,망겜감별사,비숍,297285560000,absolute (image display rounded to 억/만),116,1경 1613조 6754억 1930만,1161367541930,비숍,셀린느,Scania 2,https://mgf.gg/contents/guild_info.php?g_name=%EC%85%80%EB%A6%B0%EB%8A%90,2026-09-16T22:22:35.137701+09:00,2026.09.16,2026-09-16 proxy for 2026-09-14 sample; not contemporaneous,셀린느,True,,,Vision OCR + visual verification against all 37 original images,망겜감별사,,
셀린느,72,헤라클레스,웅선김,보우마스터,2949억 267만,88000,2026-09-14,스크린샷 2026-09-16 213508.png,72,웅선김,보우마스터,294902670000,absolute (image display rounded to 억/만),114,1경 3758조 2869억 1064만,1375828691064,보우마스터,헤라클레스,Scania 38,https://mgf.gg/contents/guild_info.php?g_name=%ED%97%A4%EB%9D%BC%ED%81%B4%EB%A0%88%EC%8A%A4,2026-09-16T22:22:36.718001+09:00,2026.09.12,2026-09-16 proxy for 2026-09-14 sample; not contemporaneous,헤라클레스,True,,,Vision OCR + visual verification against all 37 original images,웅선김,,
셀린느,73,,아이츄크림,비숍,2920억 2535만,87000,2026-09-14,스크린샷 2026-09-16 213524.png,73,아이츄크림,비숍,292025350000,absolute (image display rounded to 억/만),116,1경 8629조 3152억 3131만,1862931523131,비숍,헤라클레스,Scania 38,https://mgf.gg/contents/guild_info.php?g_name=%ED%97%A4%EB%9D%BC%ED%81%B4%EB%A0%88%EC%8A%A4,2026-09-16T22:22:36.718001+09:00,2026.09.12,2026-09-16 proxy for 2026-09-14 sample; not contemporaneous,헤라클레스,True,,,Vision OCR + visual verification against all 37 original images,아이츄크림,current profile; original top edge cropped,
셀린느,74,헤라클레스,귀염둥이제제,팔라딘,2861억 9994만,86000,2026-09-14,스크린샷 2026-09-16 213524.png,74,귀염둥이제제,팔라딘,286199940000,absolute (image display rounded to 억/만),115,8610조 2540억 389만,861025400389,팔라딘,헤라클레스,Scania 38,https://mgf.gg/contents/guild_info.php?g_name=%ED%97%A4%EB%9D%BC%ED%81%B4%EB%A0%88%EC%8A%A4,2026-09-16T22:22:36.718001+09:00,2026.09.12,2026-09-16 proxy for 2026-09-14 sample; not contemporaneous,헤라클레스,True,,,Vision OCR + visual verification against all 37 original images,귀염둥이제제,,
셀린느,75,헤라클레스,우유냥,비숍,2856억 1967만,85000,2026-09-14,스크린샷 2026-09-16 213524.png,75,우유냥,비숍,285619670000,absolute (image display rounded to 억/만),117,9865조 6616억 7883만,986566167883,비숍,헤라클레스,Scania 38,https://mgf.gg/contents/guild_info.php?g_name=%ED%97%A4%EB%9D%BC%ED%81%B4%EB%A0%88%EC%8A%A4,2026-09-16T22:22:36.718001+09:00,2026.09.12,2026-09-16 proxy for 2026-09-14 sample; not contemporaneous,헤라클레스,True,,,Vision OCR + visual verification against all 37 original images,우유냥,,
셀린느,76,헤라클레스,정듄,캡틴,2818억 1181만,84000,2026-09-14,스크린샷 2026-09-16 213524.png,76,정듄,캡틴,281811810000,absolute (image display rounded to 억/만),115,1경 1911조 8279억 7563만,1191182797563,캡틴,헤라클레스,Scania 38,https://mgf.gg/contents/guild_info.php?g_name=%ED%97%A4%EB%9D%BC%ED%81%B4%EB%A0%88%EC%8A%A4,2026-09-16T22:22:36.718001+09:00,2026.09.12,2026-09-16 proxy for 2026-09-14 sample; not contemporaneous,헤라클레스,True,,,Vision OCR + visual verification against all 37 original images,정듄,,
셀린느,77,,막내비숍,비숍,2780억 478만,83000,2026-09-14,스크린샷 2026-09-16 213536.png,77,막내비숍,비숍,278004780000,absolute (image display rounded to 억/만),115,1경 5586조 2265억 2808만,1558622652808,비숍,리안,Scania 11,https://mgf.gg/contents/guild_info.php?g_name=%EB%A6%AC%EC%95%88,2026-09-16T22:22:35.683487+09:00,2026.09.16,2026-09-16 proxy for 2026-09-14 sample; not contemporaneous,리안,True,,,Vision OCR + visual verification against all 37 original images,막내비숍,current profile; original top edge cropped,
셀린느,78,노을이,노을주의,팔라딘,2574억 6641만,82000,2026-09-14,스크린샷 2026-09-16 213536.png,78,노을주의,팔라딘,257466410000,absolute (image display rounded to 억/만),114,1경 1540조 35억 5440만,1154000355440,팔라딘,노을이,Scania 50,https://mgf.gg/contents/guild_info.php?g_name=%EB%85%B8%EC%9D%84%EC%9D%B4,2026-09-16T22:22:37.402448+09:00,2026.09.16,2026-09-16 proxy for 2026-09-14 sample; not contemporaneous,노을이,True,,,Vision OCR + visual verification against all 37 original images,노을주의,,
셀린느,79,셀린느,세아수호지호,비숍,2550억 6084만,81000,2026-09-14,스크린샷 2026-09-16 213536.png,79,세아수호지호,비숍,255060840000,absolute (image display rounded to 억/만),117,1경 7878조 1123억 177만,1787811230177,비숍,셀린느,Scania 2,https://mgf.gg/contents/guild_info.php?g_name=%EC%85%80%EB%A6%B0%EB%8A%90,2026-09-16T22:22:35.137701+09:00,2026.09.16,2026-09-16 proxy for 2026-09-14 sample; not contemporaneous,셀린느,True,,,Vision OCR + visual verification against all 37 original images,세아수호지호,,
셀린느,80,헤라클레스,할게없다고,비숍,2511억 7578만,80000,2026-09-14,스크린샷 2026-09-16 213536.png,80,할게없다고,비숍,251175780000,absolute (image display rounded to 억/만),115,1경 4828조 3325억 9987만,1482833259987,비숍,헤라클레스,Scania 38,https://mgf.gg/contents/guild_info.php?g_name=%ED%97%A4%EB%9D%BC%ED%81%B4%EB%A0%88%EC%8A%A4,2026-09-16T22:22:36.718001+09:00,2026.09.12,2026-09-16 proxy for 2026-09-14 sample; not contemporaneous,헤라클레스,True,,,Vision OCR + visual verification against all 37 original images,할게없다고,,
셀린느,81,,정슌,다크나이트,2461억 41만,79000,2026-09-14,스크린샷 2026-09-16 213548.png,81,정슌,다크나이트,246100410000,absolute (image display rounded to 억/만),115,1경 167조 9227억 9043만,1016792279043,다크나이트,헤라클레스,Scania 38,https://mgf.gg/contents/guild_info.php?g_name=%ED%97%A4%EB%9D%BC%ED%81%B4%EB%A0%88%EC%8A%A4,2026-09-16T22:22:36.718001+09:00,2026.09.12,2026-09-16 proxy for 2026-09-14 sample; not contemporaneous,헤라클레스,True,,,Vision OCR + visual verification against all 37 original images,정슌,current profile; original top edge cropped,
셀린느,82,셀린느,프리프리,나이트로드,2456억 1382만,78000,2026-09-14,스크린샷 2026-09-16 213548.png,82,프리프리,나이트로드,245613820000,absolute (image display rounded to 억/만),116,1경 4618조 2500억 6149만,1461825006149,나이트로드,셀린느,Scania 2,https://mgf.gg/contents/guild_info.php?g_name=%EC%85%80%EB%A6%B0%EB%8A%90,2026-09-16T22:22:35.137701+09:00,2026.09.16,2026-09-16 proxy for 2026-09-14 sample; not contemporaneous,셀린느,True,,,Vision OCR + visual verification against all 37 original images,프리프리,,
셀린느,83,호러,YooU,나이트로드,2426억 6338만,77000,2026-09-14,스크린샷 2026-09-16 213548.png,83,YooU,나이트로드,242663380000,absolute (image display rounded to 억/만),115,7873조 6623억 710만,787366230710,나이트로드,호러,Scania 10,https://mgf.gg/contents/guild_info.php?g_name=%ED%98%B8%EB%9F%AC,2026-09-16T22:22:36.215781+09:00,2026.09.16,2026-09-16 proxy for 2026-09-14 sample; not contemporaneous,호러,True,,,Vision OCR + visual verification against all 37 original images,YooU,,
셀린느,84,셀린느,루넨,비숍,2359억 9101만,76000,2026-09-14,스크린샷 2026-09-16 213548.png,84,루넨,비숍,235991010000,absolute (image display rounded to 억/만),116,9468조 2895억 2411만,946828952411,비숍,셀린느,Scania 2,https://mgf.gg/contents/guild_info.php?g_name=%EC%85%80%EB%A6%B0%EB%8A%90,2026-09-16T22:22:35.137701+09:00,2026.09.16,2026-09-16 proxy for 2026-09-14 sample; not contemporaneous,셀린느,True,,,Vision OCR + visual verification against all 37 original images,루넨,,
셀린느,85,,제로슈가,비숍,2130억 8977만,75000,2026-09-14,스크린샷 2026-09-16 213557.png,85,제로슈가,비숍,213089770000,absolute (image display rounded to 억/만),115,7596조 3054억 8889만,759630548889,비숍,셀린느,Scania 2,https://mgf.gg/contents/guild_info.php?g_name=%EC%85%80%EB%A6%B0%EB%8A%90,2026-09-16T22:22:35.137701+09:00,2026.09.16,2026-09-16 proxy for 2026-09-14 sample; not contemporaneous,셀린느,True,,,Vision OCR + visual verification against all 37 original images,제로슈가,current profile; original top edge cropped,
셀린느,86,리안,charon,비숍,2122억 8815만,74000,2026-09-14,스크린샷 2026-09-16 213557.png,86,charon,비숍,212288150000,absolute (image display rounded to 억/만),116,9662조 1109억 3741만,966211093741,비숍,리안,Scania 11,https://mgf.gg/contents/guild_info.php?g_name=%EB%A6%AC%EC%95%88,2026-09-16T22:22:35.683487+09:00,2026.09.16,2026-09-16 proxy for 2026-09-14 sample; not contemporaneous,리안,True,,,Vision OCR + visual verification against all 37 original images,charon,,
셀린느,87,호러,피타입,나이트로드,2108억 7531만,73000,2026-09-14,스크린샷 2026-09-16 213557.png,87,피타입,나이트로드,210875310000,absolute (image display rounded to 억/만),115,1경 1089조 2729억 3017만,1108927293017,나이트로드,호러,Scania 10,https://mgf.gg/contents/guild_info.php?g_name=%ED%98%B8%EB%9F%AC,2026-09-16T22:22:36.215781+09:00,2026.09.16,2026-09-16 proxy for 2026-09-14 sample; not contemporaneous,호러,True,,,Vision OCR + visual verification against all 37 original images,피타입,,
셀린느,88,호러,즐처드셈,비숍,2104억 4439만,72000,2026-09-14,스크린샷 2026-09-16 213557.png,88,즐처드셈,비숍,210444390000,absolute (image display rounded to 억/만),116,1경 9193조 9405억 4110만,1919394054110,비숍,호러,Scania 10,https://mgf.gg/contents/guild_info.php?g_name=%ED%98%B8%EB%9F%AC,2026-09-16T22:22:36.215781+09:00,2026.09.16,2026-09-16 proxy for 2026-09-14 sample; not contemporaneous,호러,True,,,Vision OCR + visual verification against all 37 original images,즐처드셈,,
셀린느,89,,힐나눔,비숍,2088억 5361만,71000,2026-09-14,스크린샷 2026-09-16 213609.png,89,힐나눔,비숍,208853610000,absolute (image display rounded to 억/만),113,3931조 6828억 1958만,393168281958,비숍,리안,Scania 11,https://mgf.gg/contents/guild_info.php?g_name=%EB%A6%AC%EC%95%88,2026-09-16T22:22:35.683487+09:00,2026.09.16,2026-09-16 proxy for 2026-09-14 sample; not contemporaneous,리안,True,,,Vision OCR + visual verification against all 37 original images,힐나눔,current profile; original top edge cropped,
셀린느,90,헤라클레스,강남무자본,아크메이지 - 불독,2051억 9780만,70000,2026-09-14,스크린샷 2026-09-16 213609.png,90,강남무자본,"아크메이지(불,독)",205197800000,absolute (image display rounded to 억/만),115,1경 9221조 5793억 981만,1922157930981,"아크메이지(불,독)",헤라클레스,Scania 38,https://mgf.gg/contents/guild_info.php?g_name=%ED%97%A4%EB%9D%BC%ED%81%B4%EB%A0%88%EC%8A%A4,2026-09-16T22:22:36.718001+09:00,2026.09.12,2026-09-16 proxy for 2026-09-14 sample; not contemporaneous,헤라클레스,True,,,Vision OCR + visual verification against all 37 original images,강남무자본,,
셀린느,91,호러,ADELL,히어로,2022억 3712만,69000,2026-09-14,스크린샷 2026-09-16 213609.png,91,ADELL,히어로,202237120000,absolute (image display rounded to 억/만),115,1경 2017조 6231억 5342만,1201762315342,히어로,호러,Scania 10,https://mgf.gg/contents/guild_info.php?g_name=%ED%98%B8%EB%9F%AC,2026-09-16T22:22:36.215781+09:00,2026.09.16,2026-09-16 proxy for 2026-09-14 sample; not contemporaneous,호러,True,,,Vision OCR + visual verification against all 37 original images,ADELL,,
셀린느,92,셀린느,혜영,비숍,1982억 5342만,68000,2026-09-14,스크린샷 2026-09-16 213609.png,92,혜영,비숍,198253420000,absolute (image display rounded to 억/만),114,8944조 2540억 2789만,894425402789,비숍,셀린느,Scania 2,https://mgf.gg/contents/guild_info.php?g_name=%EC%85%80%EB%A6%B0%EB%8A%90,2026-09-16T22:22:35.137701+09:00,2026.09.16,2026-09-16 proxy for 2026-09-14 sample; not contemporaneous,셀린느,True,,,Vision OCR + visual verification against all 37 original images,혜영,,
셀린느,93,,zi존동길,비숍,1948억 6788만,67000,2026-09-14,스크린샷 2026-09-16 213619.png,93,zi존동길,비숍,194867880000,absolute (image display rounded to 억/만),114,7183조 1169억 899만,718311690899,비숍,헤라클레스,Scania 38,https://mgf.gg/contents/guild_info.php?g_name=%ED%97%A4%EB%9D%BC%ED%81%B4%EB%A0%88%EC%8A%A4,2026-09-16T22:22:36.718001+09:00,2026.09.12,2026-09-16 proxy for 2026-09-14 sample; not contemporaneous,헤라클레스,True,,,Vision OCR + visual verification against all 37 original images,zi존동길,current profile; original top edge cropped,
셀린느,94,호러,대전월클,바이퍼,1906억 6632만,66000,2026-09-14,스크린샷 2026-09-16 213619.png,94,대전월클,바이퍼,190666320000,absolute (image display rounded to 억/만),114,8667조 4778억 2318만,866747782318,바이퍼,호러,Scania 10,https://mgf.gg/contents/guild_info.php?g_name=%ED%98%B8%EB%9F%AC,2026-09-16T22:22:36.215781+09:00,2026.09.16,2026-09-16 proxy for 2026-09-14 sample; not contemporaneous,호러,True,,,Vision OCR + visual verification against all 37 original images,대전월클,,
셀린느,95,헤라클레스,반서님,바이퍼,1806억 4937만,65000,2026-09-14,스크린샷 2026-09-16 213619.png,95,반서님,바이퍼,180649370000,absolute (image display rounded to 억/만),115,1경 336조 9852억 3626만,1033698523626,바이퍼,헤라클레스,Scania 38,https://mgf.gg/contents/guild_info.php?g_name=%ED%97%A4%EB%9D%BC%ED%81%B4%EB%A0%88%EC%8A%A4,2026-09-16T22:22:36.718001+09:00,2026.09.12,2026-09-16 proxy for 2026-09-14 sample; not contemporaneous,헤라클레스,True,,,Vision OCR + visual verification against all 37 original images,반서님,,
셀린느,96,호러,유디티기찬,팔라딘,1781억 8308만,64000,2026-09-14,스크린샷 2026-09-16 213619.png,96,유디티기찬,팔라딘,178183080000,absolute (image display rounded to 억/만),114,5309조 7830억 3873만,530978303873,팔라딘,호러,Scania 10,https://mgf.gg/contents/guild_info.php?g_name=%ED%98%B8%EB%9F%AC,2026-09-16T22:22:36.215781+09:00,2026.09.16,2026-09-16 proxy for 2026-09-14 sample; not contemporaneous,호러,True,,,Vision OCR + visual verification against all 37 original images,유디티기찬,,
셀린느,97,,한도100,팔라딘,1767억 3070만,63000,2026-09-14,스크린샷 2026-09-16 213627.png,97,한도100,팔라딘,176730700000,absolute (image display rounded to 억/만),113,8221조 9844억 3515만,822198443515,팔라딘,헤라클레스,Scania 38,https://mgf.gg/contents/guild_info.php?g_name=%ED%97%A4%EB%9D%BC%ED%81%B4%EB%A0%88%EC%8A%A4,2026-09-16T22:22:36.718001+09:00,2026.09.12,2026-09-16 proxy for 2026-09-14 sample; not contemporaneous,헤라클레스,True,,,Vision OCR + visual verification against all 37 original images,한도100,current profile; original top edge cropped,
셀린느,98,리안,뜨람프,신궁,1761억 9244만,62000,2026-09-14,스크린샷 2026-09-16 213627.png,98,뜨람프,신궁,176192440000,absolute (image display rounded to 억/만),114,7655조 8140억 293만,765581400293,신궁,리안,Scania 11,https://mgf.gg/contents/guild_info.php?g_name=%EB%A6%AC%EC%95%88,2026-09-16T22:22:35.683487+09:00,2026.09.16,2026-09-16 proxy for 2026-09-14 sample; not contemporaneous,리안,True,,,Vision OCR + visual verification against all 37 original images,뜨람프,,
셀린느,99,호러,원순철,바이퍼,1752억 2666만,61000,2026-09-14,스크린샷 2026-09-16 213627.png,99,원순철,바이퍼,175226660000,absolute (image display rounded to 억/만),114,8268조 3280억 1157만,826832801157,바이퍼,호러,Scania 10,https://mgf.gg/contents/guild_info.php?g_name=%ED%98%B8%EB%9F%AC,2026-09-16T22:22:36.215781+09:00,2026.09.16,2026-09-16 proxy for 2026-09-14 sample; not contemporaneous,호러,True,,,Vision OCR + visual verification against all 37 original images,원순철,,
셀린느,100,리안,표창빌런,나이트로드,1743억 230만,60300,2026-09-14,스크린샷 2026-09-16 213627.png,100,표창빌런,나이트로드,174302300000,absolute (image display rounded to 억/만),114,1경 213조 1532억 2만,1021315320002,나이트로드,리안,Scania 11,https://mgf.gg/contents/guild_info.php?g_name=%EB%A6%AC%EC%95%88,2026-09-16T22:22:35.683487+09:00,2026.09.16,2026-09-16 proxy for 2026-09-14 sample; not contemporaneous,리안,True,,,Vision OCR + visual verification against all 37 original images,표창빌런,,
셀린느,101,,앙음,바이퍼,1731억 2035만,59600,2026-09-14,스크린샷 2026-09-16 213637.png,101,앙음,바이퍼,173120350000,absolute (image display rounded to 억/만),113,4674조 9709억 5567만,467497095567,바이퍼,호러,Scania 10,https://mgf.gg/contents/guild_info.php?g_name=%ED%98%B8%EB%9F%AC,2026-09-16T22:22:36.215781+09:00,2026.09.16,2026-09-16 proxy for 2026-09-14 sample; not contemporaneous,호러,True,,,Vision OCR + visual verification against all 37 original images,앙음,current profile; original top edge cropped,
셀린느,102,리안,악갱,섀도어,1660억 831만,58900,2026-09-14,스크린샷 2026-09-16 213637.png,102,악갱,섀도어,166008310000,absolute (image display rounded to 억/만),114,4854조 8896억 3741만,485488963741,섀도어,리안,Scania 11,https://mgf.gg/contents/guild_info.php?g_name=%EB%A6%AC%EC%95%88,2026-09-16T22:22:35.683487+09:00,2026.09.16,2026-09-16 proxy for 2026-09-14 sample; not contemporaneous,리안,True,,,Vision OCR + visual verification against all 37 original images,악갱,,
셀린느,103,호러,고래털,비숍,1658억 8613만,58200,2026-09-14,스크린샷 2026-09-16 213637.png,103,고래털,비숍,165886130000,absolute (image display rounded to 억/만),114,1경 1043조 468억 1279만,1104304681279,비숍,호러,Scania 10,https://mgf.gg/contents/guild_info.php?g_name=%ED%98%B8%EB%9F%AC,2026-09-16T22:22:36.215781+09:00,2026.09.16,2026-09-16 proxy for 2026-09-14 sample; not contemporaneous,호러,True,,,Vision OCR + visual verification against all 37 original images,고래털,,
셀린느,104,노을이,노을푸링,비숍,1638억 1790만,57500,2026-09-14,스크린샷 2026-09-16 213637.png,104,노을푸링,비숍,163817900000,absolute (image display rounded to 억/만),112,3966조 1691억 7579만,396616917579,비숍,노을이,Scania 50,https://mgf.gg/contents/guild_info.php?g_name=%EB%85%B8%EC%9D%84%EC%9D%B4,2026-09-16T22:22:37.402448+09:00,2026.09.16,2026-09-16 proxy for 2026-09-14 sample; not contemporaneous,노을이,True,,,Vision OCR + visual verification against all 37 original images,노을푸링,,
셀린느,105,,Or이유,비숍,1598억 8727만,56800,2026-09-14,스크린샷 2026-09-16 213644.png,105,OrOl유,비숍,159887270000,absolute (image display rounded to 억/만),114,8073조 6387억 8596만,807363878596,비숍,호러,Scania 10,https://mgf.gg/contents/guild_info.php?g_name=%ED%98%B8%EB%9F%AC,2026-09-16T22:22:36.215781+09:00,2026.09.16,2026-09-16 proxy for 2026-09-14 sample; not contemporaneous,호러,True,,,Vision OCR + visual verification against all 37 original images,Or이유,current profile; original top edge cropped,image glyphs + exact guild roster
셀린느,106,리안,초쓰,비숍,1511억 3415만,56100,2026-09-14,스크린샷 2026-09-16 213644.png,106,초쓰,비숍,151134150000,absolute (image display rounded to 억/만),116,6573조 124억 6648만,657301246648,비숍,리안,Scania 11,https://mgf.gg/contents/guild_info.php?g_name=%EB%A6%AC%EC%95%88,2026-09-16T22:22:35.683487+09:00,2026.09.16,2026-09-16 proxy for 2026-09-14 sample; not contemporaneous,리안,True,,,Vision OCR + visual verification against all 37 original images,초쓰,,
셀린느,107,헤라클레스,꼼맹,비숍,1481억 3352만,55400,2026-09-14,스크린샷 2026-09-16 213644.png,107,꼼맹,비숍,148133520000,absolute (image display rounded to 억/만),113,5303조 2607억 4857만,530326074857,비숍,헤라클레스,Scania 38,https://mgf.gg/contents/guild_info.php?g_name=%ED%97%A4%EB%9D%BC%ED%81%B4%EB%A0%88%EC%8A%A4,2026-09-16T22:22:36.718001+09:00,2026.09.12,2026-09-16 proxy for 2026-09-14 sample; not contemporaneous,헤라클레스,True,,,Vision OCR + visual verification against all 37 original images,꼼맹,,
셀린느,108,호러,기요코,히어로,1470억 879만,54700,2026-09-14,스크린샷 2026-09-16 213644.png,108,기요코,히어로,147008790000,absolute (image display rounded to 억/만),113,7146조 7736억 709만,714677360709,히어로,호러,Scania 10,https://mgf.gg/contents/guild_info.php?g_name=%ED%98%B8%EB%9F%AC,2026-09-16T22:22:36.215781+09:00,2026.09.16,2026-09-16 proxy for 2026-09-14 sample; not contemporaneous,호러,True,,,Vision OCR + visual verification against all 37 original images,기요코,,
셀린느,109,,천닼나,팔라딘,1456억 1764만,54000,2026-09-14,스크린샷 2026-09-16 213653.png,109,천닼나,팔라딘,145617640000,absolute (image display rounded to 억/만),113,3194조 9774억 392만,319497740392,팔라딘,헤라클레스,Scania 38,https://mgf.gg/contents/guild_info.php?g_name=%ED%97%A4%EB%9D%BC%ED%81%B4%EB%A0%88%EC%8A%A4,2026-09-16T22:22:36.718001+09:00,2026.09.12,2026-09-16 proxy for 2026-09-14 sample; not contemporaneous,헤라클레스,True,,,Vision OCR + visual verification against all 37 original images,천닼나,current profile; original top edge cropped,
셀린느,110,호러,끽코,아크메이지 - 썬콜,1446억 5611만,53300,2026-09-14,스크린샷 2026-09-16 213653.png,110,끽코,"아크메이지(썬,콜)",144656110000,absolute (image display rounded to 억/만),114,4339조 6517억 4777만,433965174777,"아크메이지(썬,콜)",호러,Scania 10,https://mgf.gg/contents/guild_info.php?g_name=%ED%98%B8%EB%9F%AC,2026-09-16T22:22:36.215781+09:00,2026.09.16,2026-09-16 proxy for 2026-09-14 sample; not contemporaneous,호러,True,,,Vision OCR + visual verification against all 37 original images,끽코,,
셀린느,111,노을이,노을구름,캡틴,1438억 5173만,52600,2026-09-14,스크린샷 2026-09-16 213653.png,111,노을구름,캡틴,143851730000,absolute (image display rounded to 억/만),114,1경 160조 531억 125만,1016005310125,캡틴,노을이,Scania 50,https://mgf.gg/contents/guild_info.php?g_name=%EB%85%B8%EC%9D%84%EC%9D%B4,2026-09-16T22:22:37.402448+09:00,2026.09.16,2026-09-16 proxy for 2026-09-14 sample; not contemporaneous,노을이,True,,,Vision OCR + visual verification against all 37 original images,노을구름,,
셀린느,112,호러,Ragus,아크메이지 - 썬콜,1388억 2389만,51900,2026-09-14,스크린샷 2026-09-16 213653.png,112,RaguS,"아크메이지(썬,콜)",138823890000,absolute (image display rounded to 억/만),113,6682조 3954억 2551만,668239542551,"아크메이지(썬,콜)",호러,Scania 10,https://mgf.gg/contents/guild_info.php?g_name=%ED%98%B8%EB%9F%AC,2026-09-16T22:22:36.215781+09:00,2026.09.16,2026-09-16 proxy for 2026-09-14 sample; not contemporaneous,호러,True,,,Vision OCR + visual verification against all 37 original images,Ragus,,image glyphs + exact guild roster
셀린느,113,,악전,신궁,1376억 2346만,51200,2026-09-14,스크린샷 2026-09-16 213659.png,113,악전,신궁,137623460000,absolute (image display rounded to 억/만),113,5452조 9692억 8522만,545296928522,신궁,호러,Scania 10,https://mgf.gg/contents/guild_info.php?g_name=%ED%98%B8%EB%9F%AC,2026-09-16T22:22:36.215781+09:00,2026.09.16,2026-09-16 proxy for 2026-09-14 sample; not contemporaneous,호러,True,,,Vision OCR + visual verification against all 37 original images,악전,current profile; original top edge cropped,
셀린느,114,리안,모르도아,비숍,1372억 96만,50500,2026-09-14,스크린샷 2026-09-16 213659.png,114,모르도아,비숍,137200960000,absolute (image display rounded to 억/만),113,5054조 6465억 1446만,505464651446,비숍,리안,Scania 11,https://mgf.gg/contents/guild_info.php?g_name=%EB%A6%AC%EC%95%88,2026-09-16T22:22:35.683487+09:00,2026.09.16,2026-09-16 proxy for 2026-09-14 sample; not contemporaneous,리안,True,,,Vision OCR + visual verification against all 37 original images,모르도아,,
셀린느,115,노을이,아테나1,비숍,1295억 4172만,49800,2026-09-14,스크린샷 2026-09-16 213659.png,115,아테나1,비숍,129541720000,absolute (image display rounded to 억/만),112,4974조 4392억 583만,497443920583,비숍,노을이,Scania 50,https://mgf.gg/contents/guild_info.php?g_name=%EB%85%B8%EC%9D%84%EC%9D%B4,2026-09-16T22:22:37.402448+09:00,2026.09.16,2026-09-16 proxy for 2026-09-14 sample; not contemporaneous,노을이,True,,,Vision OCR + visual verification against all 37 original images,아테나1,,
셀린느,116,호러,박미쯔,비숍,1265억 3518만,49100,2026-09-14,스크린샷 2026-09-16 213659.png,116,박미쯔,비숍,126535180000,absolute (image display rounded to 억/만),114,3638조 832억 926만,363808320926,비숍,호러,Scania 10,https://mgf.gg/contents/guild_info.php?g_name=%ED%98%B8%EB%9F%AC,2026-09-16T22:22:36.215781+09:00,2026.09.16,2026-09-16 proxy for 2026-09-14 sample; not contemporaneous,호러,True,,,Vision OCR + visual verification against all 37 original images,박미쯔,,
셀린느,117,,미나별,비숍,1241억 8560만,48400,2026-09-14,스크린샷 2026-09-16 213708.png,117,미나별,비숍,124185600000,absolute (image display rounded to 억/만),114,5148조 5573억 3579만,514855733579,비숍,리안,Scania 11,https://mgf.gg/contents/guild_info.php?g_name=%EB%A6%AC%EC%95%88,2026-09-16T22:22:35.683487+09:00,2026.09.16,2026-09-16 proxy for 2026-09-14 sample; not contemporaneous,리안,True,,,Vision OCR + visual verification against all 37 original images,미나별,current profile; original top edge cropped,
셀린느,118,호러,강띵띵,팔라딘,1230억 405만,47700,2026-09-14,스크린샷 2026-09-16 213708.png,118,강띵띵,팔라딘,123004050000,absolute (image display rounded to 억/만),113,5116조 9650억 1417만,511696501417,팔라딘,호러,Scania 10,https://mgf.gg/contents/guild_info.php?g_name=%ED%98%B8%EB%9F%AC,2026-09-16T22:22:36.215781+09:00,2026.09.16,2026-09-16 proxy for 2026-09-14 sample; not contemporaneous,호러,True,,,Vision OCR + visual verification against all 37 original images,강띵띵,,
셀린느,119,알콜클럽,묘냥잉,비숍,1224억 3652만,47000,2026-09-14,스크린샷 2026-09-16 213708.png,119,묘냥잉,비숍,122436520000,absolute (image display rounded to 억/만),112,1721조 9107억 6443만,172191076443,비숍,알콜클럽,Scania 38,https://mgf.gg/contents/guild_info.php?g_name=%EC%95%8C%EC%BD%9C%ED%81%B4%EB%9F%BD,2026-09-16T22:22:37.898984+09:00,2026.09.12,2026-09-16 proxy for 2026-09-14 sample; not contemporaneous,알콜클럽,True,,,Vision OCR + visual verification against all 37 original images,묘냥잉,,
셀린느,120,노을이,노을새벽,비숍,1204억 761만,46300,2026-09-14,스크린샷 2026-09-16 213708.png,120,노을새벽,비숍,120407610000,absolute (image display rounded to 억/만),111,1792조 354억 106만,179203540106,비숍,노을이,Scania 50,https://mgf.gg/contents/guild_info.php?g_name=%EB%85%B8%EC%9D%84%EC%9D%B4,2026-09-16T22:22:37.402448+09:00,2026.09.16,2026-09-16 proxy for 2026-09-14 sample; not contemporaneous,노을이,True,,,Vision OCR + visual verification against all 37 original images,노을새벽,,
셀린느,121,,스큐류바,히어로,1194억 576만,45600,2026-09-14,스크린샷 2026-09-16 213716.png,121,스큐류바,히어로,119405760000,absolute (image display rounded to 억/만),113,2971조 1917억 30만,297119170030,히어로,헤라클레스,Scania 38,https://mgf.gg/contents/guild_info.php?g_name=%ED%97%A4%EB%9D%BC%ED%81%B4%EB%A0%88%EC%8A%A4,2026-09-16T22:22:36.718001+09:00,2026.09.12,2026-09-16 proxy for 2026-09-14 sample; not contemporaneous,헤라클레스,True,,,Vision OCR + visual verification against all 37 original images,스큐류바,current profile; original top edge cropped,
셀린느,122,헤라클레스,백정Hero,바이퍼,1069억 6025만,44900,2026-09-14,스크린샷 2026-09-16 213716.png,122,백정Hero,바이퍼,106960250000,absolute (image display rounded to 억/만),112,2082조 4772억 3438만,208247723438,바이퍼,헤라클레스,Scania 38,https://mgf.gg/contents/guild_info.php?g_name=%ED%97%A4%EB%9D%BC%ED%81%B4%EB%A0%88%EC%8A%A4,2026-09-16T22:22:36.718001+09:00,2026.09.12,2026-09-16 proxy for 2026-09-14 sample; not contemporaneous,헤라클레스,True,,,Vision OCR + visual verification against all 37 original images,백정Hero,,
셀린느,123,노을이,노을이즈,아크메이지 - 썬콜,1014억 9658만,44200,2026-09-14,스크린샷 2026-09-16 213716.png,123,노을이즈,"아크메이지(썬,콜)",101496580000,absolute (image display rounded to 억/만),111,1299조 1551억 5606만,129915515606,"아크메이지(썬,콜)",노을이,Scania 50,https://mgf.gg/contents/guild_info.php?g_name=%EB%85%B8%EC%9D%84%EC%9D%B4,2026-09-16T22:22:37.402448+09:00,2026.09.16,2026-09-16 proxy for 2026-09-14 sample; not contemporaneous,노을이,True,,,Vision OCR + visual verification against all 37 original images,노을이즈,,
셀린느,124,노을이,노을치누,다크나이트,924억 815만,43500,2026-09-14,스크린샷 2026-09-16 213716.png,124,노을치누,다크나이트,92408150000,absolute (image display rounded to 억/만),111,2767조 386억 7305만,276703867305,다크나이트,노을이,Scania 50,https://mgf.gg/contents/guild_info.php?g_name=%EB%85%B8%EC%9D%84%EC%9D%B4,2026-09-16T22:22:37.402448+09:00,2026.09.16,2026-09-16 proxy for 2026-09-14 sample; not contemporaneous,노을이,True,,,Vision OCR + visual verification against all 37 original images,노을치누,,
셀린느,125,,노을승용,바이퍼,921억 5867만,42800,2026-09-14,스크린샷 2026-09-16 213723.png,125,노을승용,바이퍼,92158670000,absolute (image display rounded to 억/만),112,2713조 4614억 3657만,271346143657,바이퍼,노을이,Scania 50,https://mgf.gg/contents/guild_info.php?g_name=%EB%85%B8%EC%9D%84%EC%9D%B4,2026-09-16T22:22:37.402448+09:00,2026.09.16,2026-09-16 proxy for 2026-09-14 sample; not contemporaneous,노을이,True,,,Vision OCR + visual verification against all 37 original images,노을승용,current profile; original top edge cropped,
셀린느,126,노을이,노을시아,비숍,894억 2747만,42100,2026-09-14,스크린샷 2026-09-16 213723.png,126,노을시아,비숍,89427470000,absolute (image display rounded to 억/만),111,1021조 9980억 6228만,102199806228,비숍,노을이,Scania 50,https://mgf.gg/contents/guild_info.php?g_name=%EB%85%B8%EC%9D%84%EC%9D%B4,2026-09-16T22:22:37.402448+09:00,2026.09.16,2026-09-16 proxy for 2026-09-14 sample; not contemporaneous,노을이,True,,,Vision OCR + visual verification against all 37 original images,노을시아,,
셀린느,127,노을이,노을짭식,비숍,893억 4458만,41400,2026-09-14,스크린샷 2026-09-16 213723.png,127,노을짭식,비숍,89344580000,absolute (image display rounded to 억/만),112,1316조 2597억 9578만,131625979578,비숍,노을이,Scania 50,https://mgf.gg/contents/guild_info.php?g_name=%EB%85%B8%EC%9D%84%EC%9D%B4,2026-09-16T22:22:37.402448+09:00,2026.09.16,2026-09-16 proxy for 2026-09-14 sample; not contemporaneous,노을이,True,,,Vision OCR + visual verification against all 37 original images,노을짭식,,
셀린느,128,리안,이웡삥,바이퍼,888억 7048만,40700,2026-09-14,스크린샷 2026-09-16 213723.png,128,이웡삥,바이퍼,88870480000,absolute (image display rounded to 억/만),110,1034조 8303억 5680만,103483035680,바이퍼,리안,Scania 11,https://mgf.gg/contents/guild_info.php?g_name=%EB%A6%AC%EC%95%88,2026-09-16T22:22:35.683487+09:00,2026.09.16,2026-09-16 proxy for 2026-09-14 sample; not contemporaneous,리안,True,,,Vision OCR + visual verification against all 37 original images,이웡삥,,
셀린느,129,,노을주크,팔라딘,627억 9603만,40000,2026-09-14,스크린샷 2026-09-16 213803.png,129,노을주크,팔라딘,62796030000,absolute (image display rounded to 억/만),110,630조 2955억 4217만,63029554217,팔라딘,노을이,Scania 50,https://mgf.gg/contents/guild_info.php?g_name=%EB%85%B8%EC%9D%84%EC%9D%B4,2026-09-16T22:22:37.402448+09:00,2026.09.16,2026-09-16 proxy for 2026-09-14 sample; not contemporaneous,노을이,True,,,Vision OCR + visual verification against all 37 original images,노을주크,current profile; original top edge cropped,
셀린느,130,노을이,노을고래,비숍,623억 1202만,39300,2026-09-14,스크린샷 2026-09-16 213803.png,130,노을고래,비숍,62312020000,absolute (image display rounded to 억/만),110,541조 8655억 3198만,54186553198,비숍,노을이,Scania 50,https://mgf.gg/contents/guild_info.php?g_name=%EB%85%B8%EC%9D%84%EC%9D%B4,2026-09-16T22:22:37.402448+09:00,2026.09.16,2026-09-16 proxy for 2026-09-14 sample; not contemporaneous,노을이,True,,,Vision OCR + visual verification against all 37 original images,노을고래,,
셀린느,131,노을이,노을망령,다크나이트,541억 6526만,38600,2026-09-14,스크린샷 2026-09-16 213803.png,131,노을망령,다크나이트,54165260000,absolute (image display rounded to 억/만),109,526조 3520억 9707만,52635209707,다크나이트,노을이,Scania 50,https://mgf.gg/contents/guild_info.php?g_name=%EB%85%B8%EC%9D%84%EC%9D%B4,2026-09-16T22:22:37.402448+09:00,2026.09.16,2026-09-16 proxy for 2026-09-14 sample; not contemporaneous,노을이,True,,,Vision OCR + visual verification against all 37 original images,노을망령,,
셀린느,132,노을이,노을하온,아크메이지 - 썬콜,508억 7487만,37900,2026-09-14,스크린샷 2026-09-16 213803.png,132,노을하온,"아크메이지(썬,콜)",50874870000,absolute (image display rounded to 억/만),109,429조 4676억 9889만,42946769889,"아크메이지(썬,콜)",노을이,Scania 50,https://mgf.gg/contents/guild_info.php?g_name=%EB%85%B8%EC%9D%84%EC%9D%B4,2026-09-16T22:22:37.402448+09:00,2026.09.16,2026-09-16 proxy for 2026-09-14 sample; not contemporaneous,노을이,True,,,Vision OCR + visual verification against all 37 original images,노을하온,,
셀린느,133,,속초피바다,비숍,503억 9540만,37200,2026-09-14,스크린샷 2026-09-16 213816.png,133,속초피바다,비숍,50395400000,absolute (image display rounded to 억/만),110,869조 6629억 3751만,86966293751,비숍,노을이,Scania 50,https://mgf.gg/contents/guild_info.php?g_name=%EB%85%B8%EC%9D%84%EC%9D%B4,2026-09-16T22:22:37.402448+09:00,2026.09.16,2026-09-16 proxy for 2026-09-14 sample; not contemporaneous,노을이,True,,,Vision OCR + visual verification against all 37 original images,속초피바다,current profile; original top edge cropped,
셀린느,134,노을이,노을비츠,바이퍼,499억 4517만,36500,2026-09-14,스크린샷 2026-09-16 213816.png,134,노을비츠,바이퍼,49945170000,absolute (image display rounded to 억/만),109,454조 6679억 1603만,45466791603,바이퍼,노을이,Scania 50,https://mgf.gg/contents/guild_info.php?g_name=%EB%85%B8%EC%9D%84%EC%9D%B4,2026-09-16T22:22:37.402448+09:00,2026.09.16,2026-09-16 proxy for 2026-09-14 sample; not contemporaneous,노을이,True,,,Vision OCR + visual verification against all 37 original images,노을비츠,,
셀린느,135,노을이,노을둥이,나이트로드,496억 9442만,35800,2026-09-14,스크린샷 2026-09-16 213816.png,135,노을둥이,나이트로드,49694420000,absolute (image display rounded to 억/만),109,348조 9144억 1349만,34891441349,나이트로드,노을이,Scania 50,https://mgf.gg/contents/guild_info.php?g_name=%EB%85%B8%EC%9D%84%EC%9D%B4,2026-09-16T22:22:37.402448+09:00,2026.09.16,2026-09-16 proxy for 2026-09-14 sample; not contemporaneous,노을이,True,,,Vision OCR + visual verification against all 37 original images,노을둥이,,
셀린느,136,노을이,노을밍,보우마스터,494억 1970만,35100,2026-09-14,스크린샷 2026-09-16 213816.png,136,노을밍,보우마스터,49419700000,absolute (image display rounded to 억/만),110,527조 1177억 9455만,52711779455,보우마스터,노을이,Scania 50,https://mgf.gg/contents/guild_info.php?g_name=%EB%85%B8%EC%9D%84%EC%9D%B4,2026-09-16T22:22:37.402448+09:00,2026.09.16,2026-09-16 proxy for 2026-09-14 sample; not contemporaneous,노을이,True,,,Vision OCR + visual verification against all 37 original images,노을밍,,
셀린느,137,,노을결빛,히어로,427억 790만,34400,2026-09-14,스크린샷 2026-09-16 213824.png,137,노을결빛,히어로,42707900000,absolute (image display rounded to 억/만),108,210조 7265억 3033만,21072653033,히어로,노을이,Scania 50,https://mgf.gg/contents/guild_info.php?g_name=%EB%85%B8%EC%9D%84%EC%9D%B4,2026-09-16T22:22:37.402448+09:00,2026.09.16,2026-09-16 proxy for 2026-09-14 sample; not contemporaneous,노을이,True,,,Vision OCR + visual verification against all 37 original images,노을결빛,current profile; original top edge cropped,
셀린느,138,노을이,사자탈,보우마스터,393억 4643만,33700,2026-09-14,스크린샷 2026-09-16 213824.png,138,사자탈,보우마스터,39346430000,absolute (image display rounded to 억/만),110,421조 1805억 9627만,42118059627,보우마스터,노을이,Scania 50,https://mgf.gg/contents/guild_info.php?g_name=%EB%85%B8%EC%9D%84%EC%9D%B4,2026-09-16T22:22:37.402448+09:00,2026.09.16,2026-09-16 proxy for 2026-09-14 sample; not contemporaneous,노을이,True,,,Vision OCR + visual verification against all 37 original images,사자탈,,
셀린느,139,리안,Matter2,비숍,327억 6638만,33000,2026-09-14,스크린샷 2026-09-16 213824.png,139,Matter2,비숍,32766380000,absolute (image display rounded to 억/만),108,210조 6116억 5619만,21061165619,비숍,리안,Scania 11,https://mgf.gg/contents/guild_info.php?g_name=%EB%A6%AC%EC%95%88,2026-09-16T22:22:35.683487+09:00,2026.09.16,2026-09-16 proxy for 2026-09-14 sample; not contemporaneous,리안,True,,,Vision OCR + visual verification against all 37 original images,Matter2,,
셀린느,140,노을이,햄숍,비숍,326억 6040만,32300,2026-09-14,스크린샷 2026-09-16 213824.png,140,햄숍,비숍,32660400000,absolute (image display rounded to 억/만),110,438조 2067억 1883만,43820671883,비숍,노을이,Scania 50,https://mgf.gg/contents/guild_info.php?g_name=%EB%85%B8%EC%9D%84%EC%9D%B4,2026-09-16T22:22:37.402448+09:00,2026.09.16,2026-09-16 proxy for 2026-09-14 sample; not contemporaneous,노을이,True,,,Vision OCR + visual verification against all 37 original images,햄숍,,
셀린느,141,,노을도아,비숍,317억 4091만,31600,2026-09-14,스크린샷 2026-09-16 213834.png,141,노을도아,비숍,31740910000,absolute (image display rounded to 억/만),108,233조 308억 1694만,23303081694,비숍,노을이,Scania 50,https://mgf.gg/contents/guild_info.php?g_name=%EB%85%B8%EC%9D%84%EC%9D%B4,2026-09-16T22:22:37.402448+09:00,2026.09.16,2026-09-16 proxy for 2026-09-14 sample; not contemporaneous,노을이,True,,,Vision OCR + visual verification against all 37 original images,노을도아,current profile; original top edge cropped,
셀린느,142,노을이,노을달빛,캡틴,298억 3722만,30900,2026-09-14,스크린샷 2026-09-16 213834.png,142,노을달빛,캡틴,29837220000,absolute (image display rounded to 억/만),109,285조 4216억 7957만,28542167957,캡틴,노을이,Scania 50,https://mgf.gg/contents/guild_info.php?g_name=%EB%85%B8%EC%9D%84%EC%9D%B4,2026-09-16T22:22:37.402448+09:00,2026.09.16,2026-09-16 proxy for 2026-09-14 sample; not contemporaneous,노을이,True,,,Vision OCR + visual verification against all 37 original images,노을달빛,,
셀린느,143,노을이,노을쁨,비숍,266억 4886만,30200,2026-09-14,스크린샷 2026-09-16 213834.png,143,노을쁨,비숍,26648860000,absolute (image display rounded to 억/만),109,521조 2031억 2334만,52120312334,비숍,노을이,Scania 50,https://mgf.gg/contents/guild_info.php?g_name=%EB%85%B8%EC%9D%84%EC%9D%B4,2026-09-16T22:22:37.402448+09:00,2026.09.16,2026-09-16 proxy for 2026-09-14 sample; not contemporaneous,노을이,True,,,Vision OCR + visual verification against all 37 original images,노을쁨,,
셀린느,144,노을이,노을쿠키,히어로,249억 7879만,29500,2026-09-14,스크린샷 2026-09-16 213844.png,144,노을쿠키,히어로,24978790000,absolute (image display rounded to 억/만),108,257조 5503억 4943만,25755034943,히어로,노을이,Scania 50,https://mgf.gg/contents/guild_info.php?g_name=%EB%85%B8%EC%9D%84%EC%9D%B4,2026-09-16T22:22:37.402448+09:00,2026.09.16,2026-09-16 proxy for 2026-09-14 sample; not contemporaneous,노을이,True,,,Vision OCR + visual verification against all 37 original images,노을쿠키,,
셀린느,145,리안,캐랑,바이퍼,131억 6225만,28800,2026-09-14,스크린샷 2026-09-16 213844.png,145,캐랑,바이퍼,13162250000,absolute (image display rounded to 억/만),105,43조 6432억 7914만,4364327914,바이퍼,리안,Scania 11,https://mgf.gg/contents/guild_info.php?g_name=%EB%A6%AC%EC%95%88,2026-09-16T22:22:35.683487+09:00,2026.09.16,2026-09-16 proxy for 2026-09-14 sample; not contemporaneous,리안,True,,,Vision OCR + visual verification against all 37 original images,캐랑,,
셀린느,146,리안,Matter3,나이트워커,5억 4590만,28100,2026-09-14,스크린샷 2026-09-16 213844.png,146,Matter3,나이트워커,545900000,absolute (image display rounded to 억/만),94,2663억 39만,26630039,나이트워커,리안,Scania 11,https://mgf.gg/contents/guild_info.php?g_name=%EB%A6%AC%EC%95%88,2026-09-16T22:22:35.683487+09:00,2026.09.16,2026-09-16 proxy for 2026-09-14 sample; not contemporaneous,리안,True,,,Vision OCR + visual verification against all 37 original images,Matter3,,
